post_id,thread_id,parent_post_id,student_id,week,timestamp,text
F0001,TH001,,S072,1,2026-09-07T21:57:25,"Quick question for the group about cue dependent forgetting. I keep coming back to the idea that the effort that feels unproductive is often the effort that works. I tested this on myself by turning the section headings into questions and answering them, and the gaps in my understanding showed up immediately."
F0002,TH002,,S076,1,2026-09-10T04:08:50,"I keep circling back to the discussion of the difference between recall and recognition. The strongest version of the argument is that retrieval practice does more for me than rereading ever did. When I started turning the section headings into questions and answering them, I was surprised by how much I had already lost. Would this work the same way for skills rather than facts?"
F0003,TH003,,S115,1,2026-09-09T10:47:37,"Quick question for the group about retrieval practice. Stated plainly, recognizing material is not the same as being able to recall it."
F0004,TH004,,S037,1,2026-09-08T22:32:29,"I keep circling back to the discussion of cue dependent forgetting. Stated plainly, working memory limits explain why cramming feels productive and then fails. The first time I tried starting each session with five minutes of blank page recall it felt slow, but the gaps in my understanding showed up immediately. What would you want to see before you trusted the forgetting curve?"
F0005,TH005,,S105,1,2026-09-07T22:01:08,"What I did not expect was the claim that expert memory is mostly organized knowledge rather than raw capacity. That said, most of the studies used word lists rather than course material. Would this work the same way for skills rather than facts?"
F0006,TH006,,S052,1,2026-09-08T13:55:43,"This week's material on the testing effect landed differently than I expected. I would say retrieval practice does more for me than rereading ever did, at least for the kind of material we work with. Last week I tried quizzing myself on the vocabulary instead of highlighting it, and the gaps in my understanding showed up immediately. That said, we never see how long the advantage lasts past a semester."
F0007,TH007,,S100,1,2026-09-08T00:25:04,This week's material on the testing effect landed differently than I expected. The part that convinced me is that retrieval practice does more for me than rereading ever did.
F0008,TH008,,S054,1,2026-09-09T13:55:32,"I keep circling back to the discussion of the forgetting curve. My takeaway is that retrieval practice does more for me than rereading ever did. During the certification exam I am studying for I ended up drawing the diagram from memory before checking my notes, and the gaps in my understanding showed up immediately. Does anyone else find retrieval practice uncomfortable at first?"
F0009,TH003,F0003,S087,1,2026-09-09T20:11:20,"This thread is helping me see cue dependent forgetting more clearly. My takeaway is that expert memory is mostly organized knowledge rather than raw capacity. Something similar happened in a statistics class I took last year when I was closing the book and writing down everything I could recall, since it took longer but it stuck for the whole week."
F0010,TH003,F0003,S017,1,2026-09-09T17:06:44,"I had the opposite reaction to the claim about encoding versus retrieval. Stated plainly, the effort that feels unproductive is often the effort that works. I gave closing the book and writing down everything I could recall an honest try, and I was surprised by how much I had already lost. This is probably context dependent, given that most of the studies used word lists rather than course material."
F0011,TH006,F0006,S077,1,2026-09-09T07:43:00,I had the opposite reaction to the claim about cue dependent forgetting. My takeaway is that the effort that feels unproductive is often the effort that works. Would this work the same way for skills rather than facts?
F0012,TH006,F0011,S093,1,2026-09-10T08:00:00,I had the opposite reaction to the claim about chunking. My takeaway is that expert memory is mostly organized knowledge rather than raw capacity. Would this work the same way for skills rather than facts?
F0013,TH008,F0008,S087,1,2026-09-10T08:01:28,I am not sure I follow the argument about chunking yet. What I did not expect was the claim that recognizing material is not the same as being able to recall it. One limit worth naming is that the classroom studies had far messier results than the lab ones. How would you even measure chunking in a real classroom?
F0014,TH006,F0011,S048,1,2026-09-09T22:05:47,"This framing of the forgetting curve lines up with my own experience. Stated plainly, expert memory is mostly organized knowledge rather than raw capacity. The first time I tried drawing the diagram from memory before checking my notes it felt slow, but it took longer but it stuck for the whole week. What do you do when you cannot recall anything at all? Really glad this was assigned."
F0015,TH006,F0012,S099,1,2026-09-10T14:42:43,"Adding a small counterexample to what has been said about cue dependent forgetting. The reading argues that how we encode something decides what cues will bring it back later, and I think that is right. When I started quizzing myself on the vocabulary instead of highlighting it, it took longer but it stuck for the whole week. It is worth remembering that we never see how long the advantage lasts past a semester."
F0016,TH006,F0015,S081,1,2026-09-10T21:07:51,"I agree with the earlier point about encoding versus retrieval, but I want to push on one piece. What seems clear to me is that how we encode something decides what cues will bring it back later. I tested this on myself by starting each session with five minutes of blank page recall, and the gaps in my understanding showed up immediately. Does anyone else find retrieval practice uncomfortable at first?"
F0017,TH003,F0010,S103,1,2026-09-10T08:21:07,"I agree with the earlier point about encoding versus retrieval, but I want to push on one piece. The authors seem to be saying that how we encode something decides what cues will bring it back later. When I started explaining the model out loud to my roommate, I could rebuild the structure but not the specific numbers. Does anyone else find retrieval practice uncomfortable at first?"
F0018,TH003,F0017,S101,1,2026-09-10T16:54:03,Thank you for naming what bothered me about the forgetting curve. The strongest version of the argument is that how we encode something decides what cues will bring it back later. My hesitation is that the effect might be smaller when the material is genuinely new to you.
F0019,TH008,F0008,S044,1,2026-09-09T15:38:47,"Adding a small counterexample to what has been said about the testing effect. It looks like recognizing material is not the same as being able to recall it, though the evidence is not airtight. The first time I tried quizzing myself on the vocabulary instead of highlighting it it felt slow, but it took longer but it stuck for the whole week. Where does chunking break down in your experience? I kept waiting for the part about resources and it never came."
F0020,TH006,F0015,S019,1,2026-09-11T08:00:00,"I am not sure I follow the argument about the testing effect yet. If I followed the chapter, retrieval practice does more for me than rereading ever did. I am skeptical, and I am open to being talked out of it."
F0021,TH006,F0016,S019,1,2026-09-11T11:24:18,"This thread is helping me see the difference between recall and recognition more clearly. It looks like expert memory is mostly organized knowledge rather than raw capacity, though the evidence is not airtight. The caveat for me is that we never see how long the advantage lasts past a semester. How would you explain encoding versus retrieval to a first year student?"
F0022,TH007,F0007,S089,1,2026-09-08T07:37:02,"I had the opposite reaction to the claim about elaborative interrogation. My takeaway is that retrieval practice does more for me than rereading ever did. In a statistics class I took last year I have been drawing the diagram from memory before checking my notes, and my confidence dropped and my actual scores went up. Who benefits when we take the testing effect seriously, and who does not?"
F0023,TH006,F0015,S020,1,2026-09-10T22:28:16,"Yes to all of this, and I want to add one thing about chunking. It looks like the effort that feels unproductive is often the effort that works, though the evidence is not airtight. Last week I tried quizzing myself on the vocabulary instead of highlighting it, and I was surprised by how much I had already lost. Does anyone else find retrieval practice uncomfortable at first?"
F0024,TH006,F0015,S030,1,2026-09-10T15:35:34,"I agree with the earlier point about the forgetting curve, but I want to push on one piece. I would say expert memory is mostly organized knowledge rather than raw capacity, at least for the kind of material we work with."
F0025,TH006,F0012,S115,1,2026-09-10T13:13:03,I had the opposite reaction to the claim about the difference between recall and recognition. The part that convinced me is that working memory limits explain why cramming feels productive and then fails. It is worth remembering that the effect might be smaller when the material is genuinely new to you. What do you do when you cannot recall anything at all? Thanks to whoever picked this reading.
F0026,TH001,F0001,S096,1,2026-09-08T18:03:22,"Building on the post above, I think the testing effect is doing a lot of work here. The part that convinced me is that how we encode something decides what cues will bring it back later. I left this reading more confused than when I started."
F0027,TH008,F0008,S012,1,2026-09-09T20:31:15,"Yes to all of this, and I want to add one thing about the forgetting curve. Stated plainly, retrieval practice does more for me than rereading ever did. This felt disconnected from the students I actually work with."
F0028,TH006,F0020,S057,1,2026-09-11T10:43:07,Thank you for naming what bothered me about chunking. What I did not expect was the claim that recognizing material is not the same as being able to recall it. Does anyone else find retrieval practice uncomfortable at first?
F0029,TH003,F0003,S105,1,2026-09-10T14:05:50,"I had the opposite reaction to the claim about encoding versus retrieval. I would say working memory limits explain why cramming feels productive and then fails, at least for the kind of material we work with. This is probably context dependent, given that the discomfort makes it hard to keep doing on a busy week."
F0030,TH003,F0009,S039,1,2026-09-10T08:00:00,"Two people above have said something useful about chunking. Stated plainly, working memory limits explain why cramming feels productive and then fails. It is worth remembering that most of the studies used word lists rather than course material. Is there a point where self testing starts giving you false confidence?"
F0031,TH008,F0008,S105,1,2026-09-09T16:31:16,"Yes to all of this, and I want to add one thing about elaborative interrogation. What I did not expect was the claim that how we encode something decides what cues will bring it back later. The first time I tried drawing the diagram from memory before checking my notes it felt slow, but I could rebuild the structure but not the specific numbers. That said, students who already know the content have less to retrieve. Is there a point where self testing starts giving you false confidence? This landed as advice for students who already have time."
F0032,TH007,F0022,S046,1,2026-09-08T14:05:02,"Yes to all of this, and I want to add one thing about the difference between recall and recognition. Stated plainly, the effort that feels unproductive is often the effort that works. I spent two weeks closing the book and writing down everything I could recall, and I was surprised by how much I had already lost."
F0033,TH006,F0020,S050,1,2026-09-11T20:11:55,"Adding a small counterexample to what has been said about elaborative interrogation. The authors seem to be saying that how we encode something decides what cues will bring it back later. I spent two weeks turning the section headings into questions and answering them, and I was surprised by how much I had already lost."
F0034,TH006,F0014,S052,1,2026-09-10T13:59:55,Thank you for naming what bothered me about the testing effect. The strongest version of the argument is that retrieval practice does more for me than rereading ever did.
F0035,TH003,F0017,S087,1,2026-09-10T15:10:08,"I had the opposite reaction to the claim about encoding versus retrieval. I keep coming back to the idea that recognizing material is not the same as being able to recall it. In the language class I am taking I have been starting each session with five minutes of blank page recall, and I could rebuild the structure but not the specific numbers. What do you do when you cannot recall anything at all? This gave me language for something I had only felt."
F0036,TH006,F0012,S027,1,2026-09-10T11:18:28,"Yes to all of this, and I want to add one thing about cue dependent forgetting. The authors seem to be saying that retrieval practice does more for me than rereading ever did. I tested this on myself by starting each session with five minutes of blank page recall, and my confidence dropped and my actual scores went up."
F0037,TH006,F0028,S088,1,2026-09-11T23:19:42,"I will take the other side on encoding versus retrieval, mostly to see what happens. The part that convinced me is that how we encode something decides what cues will bring it back later. When I started turning the section headings into questions and answering them, I was surprised by how much I had already lost."
F0038,TH006,F0028,S027,1,2026-09-11T15:10:47,"Coming back to an earlier comment on the difference between recall and recognition. What seems clear to me is that recognizing material is not the same as being able to recall it. During an intro chemistry sequence I ended up quizzing myself on the vocabulary instead of highlighting it, and my confidence dropped and my actual scores went up. This is probably context dependent, given that the discomfort makes it hard to keep doing on a busy week. Would this work the same way for skills rather than facts?"
F0039,TH005,F0005,S102,1,2026-09-08T08:00:00,"Two people above have said something useful about the testing effect. I keep coming back to the idea that recognizing material is not the same as being able to recall it. In the certification exam I am studying for I have been turning the section headings into questions and answering them, and I was surprised by how much I had already lost. My hesitation is that the effect might be smaller when the material is genuinely new to you. What do you do when you cannot recall anything at all?"
F0040,TH007,F0032,S072,1,2026-09-08T20:37:04,"I am not sure I follow the argument about the forgetting curve yet. Stated plainly, how we encode something decides what cues will bring it back later. The examples were the best part for me."
F0041,TH007,F0032,S007,1,2026-09-09T08:00:00,I had the opposite reaction to the claim about cue dependent forgetting. The authors seem to be saying that expert memory is mostly organized knowledge rather than raw capacity. Would this work the same way for skills rather than facts? I am excited to try this in my own teaching.
F0042,TH003,F0030,S086,1,2026-09-10T10:01:45,"Adding a small counterexample to what has been said about the difference between recall and recognition. I would say recognizing material is not the same as being able to recall it, at least for the kind of material we work with. The first time I tried starting each session with five minutes of blank page recall it felt slow, but my confidence dropped and my actual scores went up. This is probably context dependent, given that we never see how long the advantage lasts past a semester. Would this work the same way for skills rather than facts?"
F0043,TH006,F0036,S088,1,2026-09-10T12:56:33,Two people above have said something useful about the difference between recall and recognition. The authors seem to be saying that recognizing material is not the same as being able to recall it. Really glad this was assigned.
F0044,TH002,F0002,S037,1,2026-09-10T08:00:00,"I agree with the earlier point about elaborative interrogation, but I want to push on one piece. If I followed the chapter, expert memory is mostly organized knowledge rather than raw capacity."
F0045,TH008,F0019,S115,1,2026-09-09T16:12:04,"Adding a small counterexample to what has been said about encoding versus retrieval. The part that convinced me is that the effort that feels unproductive is often the effort that works. I would want to know more before generalizing, since we never see how long the advantage lasts past a semester."
F0046,TH003,F0030,S012,1,2026-09-10T23:22:46,"I agree with the earlier point about elaborative interrogation, but I want to push on one piece. The authors seem to be saying that how we encode something decides what cues will bring it back later. This is the first reading that felt written for practitioners."
F0047,TH003,F0018,S020,1,2026-09-10T23:23:19,"I had the opposite reaction to the claim about chunking. It looks like retrieval practice does more for me than rereading ever did, though the evidence is not airtight."
F0048,TH007,F0040,S007,1,2026-09-09T07:42:55,"I want to sit with the point about elaborative interrogation for a second. I would say retrieval practice does more for me than rereading ever did, at least for the kind of material we work with."
F0049,TH003,F0047,S040,1,2026-09-11T14:42:20,"I had the opposite reaction to the claim about the forgetting curve. Stated plainly, the effort that feels unproductive is often the effort that works. I would want to know more before generalizing, since most of the studies used word lists rather than course material."
F0050,TH006,F0024,S093,1,2026-09-10T22:10:25,"Adding a small counterexample to what has been said about encoding versus retrieval. I keep coming back to the idea that recognizing material is not the same as being able to recall it. I spent two weeks quizzing myself on the vocabulary instead of highlighting it, and the second attempt was noticeably easier than the first. Is there a point where self testing starts giving you false confidence? Great thread, everyone."
F0051,TH003,F0003,S084,1,2026-09-09T17:29:12,"Yes to all of this, and I want to add one thing about encoding versus retrieval. My takeaway is that how we encode something decides what cues will bring it back later. The first time I tried starting each session with five minutes of blank page recall it felt slow, but my confidence dropped and my actual scores went up. My hesitation is that most of the studies used word lists rather than course material."
F0052,TH003,F0046,S026,1,2026-09-11T09:35:17,"Two people above have said something useful about the forgetting curve. The part that convinced me is that working memory limits explain why cramming feels productive and then fails. Last week I tried turning the section headings into questions and answering them, and it took longer but it stuck for the whole week. Where I get stuck is that we never see how long the advantage lasts past a semester. What do you do when you cannot recall anything at all?"
F0053,TH003,F0049,S002,1,2026-09-11T20:27:17,"I read that section on the forgetting curve differently. The reading argues that recognizing material is not the same as being able to recall it, and I think that is right. Last week I tried closing the book and writing down everything I could recall, and the gaps in my understanding showed up immediately."
F0054,TH007,F0032,S076,1,2026-09-08T22:04:37,"This framing of chunking lines up with my own experience. What seems clear to me is that the effort that feels unproductive is often the effort that works. When I started closing the book and writing down everything I could recall, I could rebuild the structure but not the specific numbers. It is worth remembering that the effect might be smaller when the material is genuinely new to you."
F0055,TH001,F0001,S063,1,2026-09-08T08:00:00,"I agree with the earlier point about the testing effect, but I want to push on one piece. The reading argues that how we encode something decides what cues will bring it back later, and I think that is right. Last week I tried explaining the model out loud to my roommate, and I could rebuild the structure but not the specific numbers. What would change your mind about encoding versus retrieval?"
F0056,TH006,F0037,S052,1,2026-09-12T11:16:49,"I want to sit with the point about elaborative interrogation for a second. What seems clear to me is that how we encode something decides what cues will bring it back later. Something similar happened in the certification exam I am studying for when I was turning the section headings into questions and answering them, since I could rebuild the structure but not the specific numbers."
F0057,TH003,F0052,S043,1,2026-09-11T16:26:11,"This framing of the testing effect lines up with my own experience. The reading argues that retrieval practice does more for me than rereading ever did, and I think that is right. When I started quizzing myself on the vocabulary instead of highlighting it, I was surprised by how much I had already lost. That said, we never see how long the advantage lasts past a semester. Has anyone tried this with a partner instead of alone? The examples were the best part for me."
F0058,TH007,F0041,S067,1,2026-09-09T18:05:06,"I had the opposite reaction to the claim about cue dependent forgetting. What seems clear to me is that retrieval practice does more for me than rereading ever did. I would want to know more before generalizing, since students who already know the content have less to retrieve. Has anyone tried this with a partner instead of alone?"
F0059,TH005,F0039,S041,1,2026-09-08T12:56:21,"I will take the other side on the testing effect, mostly to see what happens. What seems clear to me is that retrieval practice does more for me than rereading ever did. I tested this on myself by turning the section headings into questions and answering them, and I was surprised by how much I had already lost. Does anyone else find retrieval practice uncomfortable at first?"
F0060,TH008,F0013,S002,1,2026-09-10T12:16:56,"Building on the post above, I think the forgetting curve is doing a lot of work here. It looks like recognizing material is not the same as being able to recall it, though the evidence is not airtight. In my anatomy course I have been drawing the diagram from memory before checking my notes, and I was surprised by how much I had already lost. One limit worth naming is that the discomfort makes it hard to keep doing on a busy week."
F0061,TH002,F0002,S072,1,2026-09-10T14:04:30,"Adding a small counterexample to what has been said about the difference between recall and recognition. My takeaway is that expert memory is mostly organized knowledge rather than raw capacity. I am holding this loosely, because the effect might be smaller when the material is genuinely new to you. Has anyone tried this with a partner instead of alone?"
F0062,TH007,F0054,S015,1,2026-09-09T10:48:35,"I want to sit with the point about cue dependent forgetting for a second. What I did not expect was the claim that the effort that feels unproductive is often the effort that works. During my anatomy course I ended up drawing the diagram from memory before checking my notes, and my confidence dropped and my actual scores went up. That said, the classroom studies had far messier results than the lab ones."
F0063,TH007,F0054,S063,1,2026-09-09T08:00:00,"I want to sit with the point about encoding versus retrieval for a second. Stated plainly, recognizing material is not the same as being able to recall it."
F0064,TH002,F0002,S063,1,2026-09-10T08:00:00,"I read that section on elaborative interrogation differently. If I followed the chapter, expert memory is mostly organized knowledge rather than raw capacity. That said, students who already know the content have less to retrieve."
F0065,TH006,F0025,S017,1,2026-09-10T21:57:20,"This framing of the testing effect lines up with my own experience. It looks like expert memory is mostly organized knowledge rather than raw capacity, though the evidence is not airtight. This is probably context dependent, given that the effect might be smaller when the material is genuinely new to you. What would you want to see before you trusted encoding versus retrieval?"
F0066,TH002,F0061,S025,1,2026-09-10T18:14:36,"Coming back to an earlier comment on chunking. The reading argues that the effort that feels unproductive is often the effort that works, and I think that is right. I gave turning the section headings into questions and answering them an honest try, and the second attempt was noticeably easier than the first. How would you explain retrieval practice to a first year student?"
F0067,TH007,F0048,S063,1,2026-09-09T09:04:33,This framing of the difference between recall and recognition lines up with my own experience. I keep coming back to the idea that retrieval practice does more for me than rereading ever did. How do you use recall for conceptual material rather than definitions?
F0068,TH003,F0042,S113,1,2026-09-10T15:36:32,"I had the opposite reaction to the claim about the testing effect. The authors seem to be saying that the effort that feels unproductive is often the effort that works. I am holding this loosely, because the discomfort makes it hard to keep doing on a busy week."
F0069,TH007,F0022,S056,1,2026-09-08T08:27:39,"This framing of elaborative interrogation lines up with my own experience. What I did not expect was the claim that expert memory is mostly organized knowledge rather than raw capacity. During an intro chemistry sequence I ended up explaining the model out loud to my roommate, and my confidence dropped and my actual scores went up. I would want to know more before generalizing, since the discomfort makes it hard to keep doing on a busy week."
F0070,TH002,F0064,S055,1,2026-09-10T12:13:54,"Building on the post above, I think chunking is doing a lot of work here. What I did not expect was the claim that retrieval practice does more for me than rereading ever did. Something similar happened in the language class I am taking when I was closing the book and writing down everything I could recall, since my confidence dropped and my actual scores went up."
F0071,TH008,F0013,S039,1,2026-09-10T10:46:14,"Adding a small counterexample to what has been said about encoding versus retrieval. What seems clear to me is that retrieval practice does more for me than rereading ever did. I spent two weeks drawing the diagram from memory before checking my notes, and my confidence dropped and my actual scores went up. What do you do when you cannot recall anything at all?"
F0072,TH002,F0002,S067,1,2026-09-10T07:03:02,"Thank you for naming what bothered me about chunking. My takeaway is that recognizing material is not the same as being able to recall it. The first time I tried turning the section headings into questions and answering them it felt slow, but it took longer but it stuck for the whole week. Is there a point where self testing starts giving you false confidence?"
F0073,TH002,F0066,S083,1,2026-09-10T18:41:44,"I agree with the earlier point about cue dependent forgetting, but I want to push on one piece. I keep coming back to the idea that retrieval practice does more for me than rereading ever did. My hesitation is that the effect might be smaller when the material is genuinely new to you."
F0074,TH007,F0058,S076,1,2026-09-09T23:32:37,"I had the opposite reaction to the claim about elaborative interrogation. The part that convinced me is that working memory limits explain why cramming feels productive and then fails. During the language class I am taking I ended up turning the section headings into questions and answering them, and the gaps in my understanding showed up immediately. This is probably context dependent, given that the classroom studies had far messier results than the lab ones. Is there a point where self testing starts giving you false confidence?"
F0075,TH002,F0064,S037,1,2026-09-10T10:14:32,This thread is helping me see cue dependent forgetting more clearly. My takeaway is that expert memory is mostly organized knowledge rather than raw capacity. Does anyone else find retrieval practice uncomfortable at first?
F0076,TH006,F0036,S031,1,2026-09-10T19:29:15,"I am not sure I follow the argument about chunking yet. I would say working memory limits explain why cramming feels productive and then fails, at least for the kind of material we work with. That said, the effect might be smaller when the material is genuinely new to you. Really glad this was assigned."
F0077,TH008,F0013,S002,1,2026-09-10T17:11:40,"I had the opposite reaction to the claim about elaborative interrogation. I keep coming back to the idea that expert memory is mostly organized knowledge rather than raw capacity. How would you explain cue dependent forgetting to a first year student? This one actually changed something about my week, which is rare."
F0078,TH006,F0038,S078,1,2026-09-11T22:26:01,"I am not sure I follow the argument about the testing effect yet. My takeaway is that retrieval practice does more for me than rereading ever did. I spent two weeks quizzing myself on the vocabulary instead of highlighting it, and I was surprised by how much I had already lost."
F0079,TH006,F0021,S081,1,2026-09-12T08:00:00,"I had the opposite reaction to the claim about elaborative interrogation. The authors seem to be saying that retrieval practice does more for me than rereading ever did. When I started quizzing myself on the vocabulary instead of highlighting it, I was surprised by how much I had already lost. One limit worth naming is that we never see how long the advantage lasts past a semester. Who benefits when we take the forgetting curve seriously, and who does not?"
F0080,TH003,F0035,S103,1,2026-09-10T21:10:09,"Yes to all of this, and I want to add one thing about encoding versus retrieval. If I followed the chapter, working memory limits explain why cramming feels productive and then fails. This is the first reading that felt written for practitioners."
F0081,TH003,F0057,S095,1,2026-09-11T22:02:58,"I want to sit with the point about chunking for a second. The part that convinced me is that retrieval practice does more for me than rereading ever did. That said, the effect might be smaller when the material is genuinely new to you."
F0082,TH006,F0038,S092,1,2026-09-12T08:00:00,"I read that section on elaborative interrogation differently. I keep coming back to the idea that the effort that feels unproductive is often the effort that works. Last week I tried turning the section headings into questions and answering them, and I could rebuild the structure but not the specific numbers. What do you do when you cannot recall anything at all? The writing made a simple idea feel complicated."
F0083,TH008,F0013,S039,1,2026-09-10T16:16:34,"I read that section on encoding versus retrieval differently. The part that convinced me is that retrieval practice does more for me than rereading ever did. During an intro chemistry sequence I ended up drawing the diagram from memory before checking my notes, and I was surprised by how much I had already lost. Where I get stuck is that the discomfort makes it hard to keep doing on a busy week."
F0084,TH006,F0021,S114,1,2026-09-11T22:04:34,"Adding a small counterexample to what has been said about the testing effect. The strongest version of the argument is that the effort that feels unproductive is often the effort that works. During the language class I am taking I ended up turning the section headings into questions and answering them, and the second attempt was noticeably easier than the first. My hesitation is that we never see how long the advantage lasts past a semester. Would this work the same way for skills rather than facts?"
F0085,TH002,F0072,S084,1,2026-09-10T16:41:17,"I am not sure I follow the argument about the difference between recall and recognition yet. The authors seem to be saying that the effort that feels unproductive is often the effort that works. Something similar happened in my seminar readings when I was starting each session with five minutes of blank page recall, since I could rebuild the structure but not the specific numbers. This is probably context dependent, given that the effect might be smaller when the material is genuinely new to you. The examples were the best part for me."
F0086,TH006,F0021,S075,1,2026-09-11T15:55:19,"Thank you for naming what bothered me about the forgetting curve. What I did not expect was the claim that working memory limits explain why cramming feels productive and then fails. When I started starting each session with five minutes of blank page recall, I was surprised by how much I had already lost. How do you use recall for conceptual material rather than definitions?"
F0087,TH006,F0050,S074,1,2026-09-11T08:00:00,"Thank you for naming what bothered me about the testing effect. The reading argues that recognizing material is not the same as being able to recall it, and I think that is right. Something similar happened in a statistics class I took last year when I was drawing the diagram from memory before checking my notes, since it took longer but it stuck for the whole week. Would this work the same way for skills rather than facts?"
F0088,TH007,F0074,S101,1,2026-09-10T22:28:29,"Adding a small counterexample to what has been said about elaborative interrogation. What seems clear to me is that the effort that feels unproductive is often the effort that works. Something similar happened in a statistics class I took last year when I was closing the book and writing down everything I could recall, since it took longer but it stuck for the whole week. Has anyone tried this with a partner instead of alone?"
F0089,TH002,F0073,S037,1,2026-09-11T11:44:49,Thank you for naming what bothered me about the forgetting curve. I keep coming back to the idea that recognizing material is not the same as being able to recall it. One limit worth naming is that the classroom studies had far messier results than the lab ones.
F0090,TH002,F0085,S086,1,2026-09-10T22:05:25,"I read that section on retrieval practice differently. The part that convinced me is that recognizing material is not the same as being able to recall it. During the certification exam I am studying for I ended up explaining the model out loud to my roommate, and it took longer but it stuck for the whole week. Who benefits when we take cue dependent forgetting seriously, and who does not?"
F0091,TH003,F0052,S045,1,2026-09-11T13:53:56,"This thread is helping me see chunking more clearly. If I followed the chapter, the effort that feels unproductive is often the effort that works. The first time I tried starting each session with five minutes of blank page recall it felt slow, but the second attempt was noticeably easier than the first. What would you want to see before you trusted the difference between recall and recognition?"
F0092,TH006,F0020,S092,1,2026-09-11T20:51:35,Coming back to an earlier comment on the difference between recall and recognition. The authors seem to be saying that working memory limits explain why cramming feels productive and then fails. I kept waiting for the part about resources and it never came.
F0093,TH006,F0038,S028,1,2026-09-12T08:00:00,"I will take the other side on the testing effect, mostly to see what happens. If I followed the chapter, the effort that feels unproductive is often the effort that works. Where I get stuck is that students who already know the content have less to retrieve. Has anyone tried this with a partner instead of alone?"
F0094,TH002,F0073,S056,1,2026-09-10T23:23:55,"Yes to all of this, and I want to add one thing about the testing effect. The reading argues that recognizing material is not the same as being able to recall it, and I think that is right. I gave closing the book and writing down everything I could recall an honest try, and I was surprised by how much I had already lost. Has anyone tried this with a partner instead of alone? This landed as advice for students who already have time."
F0095,TH002,F0002,S037,1,2026-09-10T21:55:27,"I agree with the earlier point about elaborative interrogation, but I want to push on one piece. The strongest version of the argument is that the effort that feels unproductive is often the effort that works. The first time I tried quizzing myself on the vocabulary instead of highlighting it it felt slow, but the gaps in my understanding showed up immediately."
F0096,TH001,F0026,S116,1,2026-09-09T12:09:35,"This thread is helping me see retrieval practice more clearly. The strongest version of the argument is that retrieval practice does more for me than rereading ever did. Last week I tried turning the section headings into questions and answering them, and I was surprised by how much I had already lost. That said, most of the studies used word lists rather than course material."
F0097,TH002,F0085,S026,1,2026-09-10T19:37:28,"I had the opposite reaction to the claim about the difference between recall and recognition. Stated plainly, how we encode something decides what cues will bring it back later. I gave quizzing myself on the vocabulary instead of highlighting it an honest try, and the second attempt was noticeably easier than the first. My hesitation is that we never see how long the advantage lasts past a semester. Has anyone tried this with a partner instead of alone?"
F0098,TH002,F0095,S067,1,2026-09-10T22:13:33,This thread is helping me see the forgetting curve more clearly. My takeaway is that recognizing material is not the same as being able to recall it. One limit worth naming is that most of the studies used word lists rather than course material. What do you do when you cannot recall anything at all?
F0099,TH003,F0017,S039,1,2026-09-10T15:04:41,"Building on the post above, I think elaborative interrogation is doing a lot of work here. My takeaway is that working memory limits explain why cramming feels productive and then fails. Last week I tried turning the section headings into questions and answering them, and my confidence dropped and my actual scores went up. The caveat for me is that most of the studies used word lists rather than course material."
F0100,TH006,F0086,S035,1,2026-09-11T19:14:28,"Building on the post above, I think encoding versus retrieval is doing a lot of work here. I keep coming back to the idea that the effort that feels unproductive is often the effort that works. I spent two weeks starting each session with five minutes of blank page recall, and I could rebuild the structure but not the specific numbers. How would you explain encoding versus retrieval to a first year student?"
F0101,TH008,F0060,S044,1,2026-09-10T18:29:51,"I want to sit with the point about chunking for a second. My takeaway is that the effort that feels unproductive is often the effort that works. When I started turning the section headings into questions and answering them, the second attempt was noticeably easier than the first. How would you even measure chunking in a real classroom?"
F0102,TH003,F0035,S002,1,2026-09-11T08:00:00,I read that section on the difference between recall and recognition differently. What I did not expect was the claim that how we encode something decides what cues will bring it back later. Would this work the same way for skills rather than facts?
F0103,TH002,F0097,S103,1,2026-09-10T20:26:14,"Coming back to an earlier comment on encoding versus retrieval. My takeaway is that retrieval practice does more for me than rereading ever did. I am holding this loosely, because most of the studies used word lists rather than course material."
F0104,TH002,F0072,S056,1,2026-09-11T08:00:00,"Yes to all of this, and I want to add one thing about the testing effect. Stated plainly, the effort that feels unproductive is often the effort that works."
F0105,TH003,F0046,S118,1,2026-09-11T08:00:00,"Adding a small counterexample to what has been said about encoding versus retrieval. The part that convinced me is that working memory limits explain why cramming feels productive and then fails. Last week I tried turning the section headings into questions and answering them, and it took longer but it stuck for the whole week. I would want to know more before generalizing, since students who already know the content have less to retrieve."
F0106,TH002,F0104,S083,1,2026-09-11T13:50:09,"Building on the post above, I think the forgetting curve is doing a lot of work here. It looks like the effort that feels unproductive is often the effort that works, though the evidence is not airtight. I spent two weeks turning the section headings into questions and answering them, and I was surprised by how much I had already lost. I am holding this loosely, because students who already know the content have less to retrieve."
F0107,TH002,F0089,S076,1,2026-09-11T13:25:42,"Adding a small counterexample to what has been said about the difference between recall and recognition. It looks like retrieval practice does more for me than rereading ever did, though the evidence is not airtight. When I started turning the section headings into questions and answering them, I could rebuild the structure but not the specific numbers. That said, most of the studies used word lists rather than course material. I finished this feeling more hopeful than I expected."
F0108,TH003,F0105,S087,1,2026-09-11T11:37:33,"Thank you for naming what bothered me about elaborative interrogation. The reading argues that working memory limits explain why cramming feels productive and then fails, and I think that is right. Last week I tried drawing the diagram from memory before checking my notes, and my confidence dropped and my actual scores went up. Where I get stuck is that we never see how long the advantage lasts past a semester. Is there a point where self testing starts giving you false confidence? I am worried we are asking students to fix a system problem."
F0109,TH006,F0037,S099,1,2026-09-12T08:00:00,"I agree with the earlier point about retrieval practice, but I want to push on one piece. My takeaway is that expert memory is mostly organized knowledge rather than raw capacity. The caveat for me is that most of the studies used word lists rather than course material. Is there a point where self testing starts giving you false confidence?"
F0110,TH008,F0083,S054,1,2026-09-11T08:00:00,"I agree with the earlier point about elaborative interrogation, but I want to push on one piece. I keep coming back to the idea that how we encode something decides what cues will bring it back later. How do you use recall for conceptual material rather than definitions?"
F0111,TH006,F0084,S024,1,2026-09-12T08:00:00,I am not sure I follow the argument about the forgetting curve yet. What I did not expect was the claim that recognizing material is not the same as being able to recall it. My hesitation is that students who already know the content have less to retrieve. The examples were the best part for me.
F0112,TH003,F0046,S057,1,2026-09-11T09:55:32,"I agree with the earlier point about the difference between recall and recognition, but I want to push on one piece. I keep coming back to the idea that expert memory is mostly organized knowledge rather than raw capacity. One limit worth naming is that the discomfort makes it hard to keep doing on a busy week. Would this work the same way for skills rather than facts? Honestly, this was the most useful reading of the semester so far."
F0113,TH007,F0058,S083,1,2026-09-09T18:47:39,"I agree with the earlier point about chunking, but I want to push on one piece. The reading argues that the effort that feels unproductive is often the effort that works, and I think that is right. I spent two weeks explaining the model out loud to my roommate, and the second attempt was noticeably easier than the first."
F0114,TH008,F0110,S087,1,2026-09-11T17:59:53,Thank you for naming what bothered me about cue dependent forgetting. My takeaway is that recognizing material is not the same as being able to recall it. What would you want to see before you trusted the testing effect?
F0115,TH006,F0050,S057,1,2026-09-11T09:24:39,"This framing of elaborative interrogation lines up with my own experience. What seems clear to me is that the effort that feels unproductive is often the effort that works. Something similar happened in an intro chemistry sequence when I was explaining the model out loud to my roommate, since the gaps in my understanding showed up immediately."
F0116,TH006,F0034,S077,1,2026-09-11T08:00:00,This framing of elaborative interrogation lines up with my own experience. I keep coming back to the idea that how we encode something decides what cues will bring it back later. One limit worth naming is that we never see how long the advantage lasts past a semester. Where does elaborative interrogation break down in your experience?
F0117,TH003,F0029,S112,1,2026-09-10T18:39:19,"Thank you for naming what bothered me about retrieval practice. My takeaway is that retrieval practice does more for me than rereading ever did. The first time I tried starting each session with five minutes of blank page recall it felt slow, but it took longer but it stuck for the whole week. How would you even measure elaborative interrogation in a real classroom?"
F0118,TH003,F0010,S087,1,2026-09-10T07:17:49,"Adding a small counterexample to what has been said about cue dependent forgetting. My takeaway is that expert memory is mostly organized knowledge rather than raw capacity. When I started explaining the model out loud to my roommate, the gaps in my understanding showed up immediately. Would you design a course around the testing effect?"
F0119,TH006,F0086,S077,1,2026-09-12T08:15:34,"I will take the other side on encoding versus retrieval, mostly to see what happens. It looks like recognizing material is not the same as being able to recall it, though the evidence is not airtight. During the language class I am taking I ended up quizzing myself on the vocabulary instead of highlighting it, and the gaps in my understanding showed up immediately. I am holding this loosely, because we never see how long the advantage lasts past a semester. Is there a point where self testing starts giving you false confidence?"
F0120,TH006,F0056,S074,1,2026-09-12T14:47:07,"I am not sure I follow the argument about encoding versus retrieval yet. The strongest version of the argument is that expert memory is mostly organized knowledge rather than raw capacity. I tested this on myself by closing the book and writing down everything I could recall, and the gaps in my understanding showed up immediately."
F0121,TH003,F0017,S002,1,2026-09-10T21:28:17,"Two people above have said something useful about cue dependent forgetting. I keep coming back to the idea that the effort that feels unproductive is often the effort that works. In my seminar readings I have been starting each session with five minutes of blank page recall, and my confidence dropped and my actual scores went up."
F0122,TH002,F0098,S046,1,2026-09-11T08:00:00,"Coming back to an earlier comment on encoding versus retrieval. The reading argues that working memory limits explain why cramming feels productive and then fails, and I think that is right. How would you explain chunking to a first year student? Great thread, everyone."
F0123,TH007,F0113,S046,1,2026-09-10T08:00:00,"Thank you for naming what bothered me about the difference between recall and recognition. I keep coming back to the idea that retrieval practice does more for me than rereading ever did. I spent two weeks starting each session with five minutes of blank page recall, and I could rebuild the structure but not the specific numbers. I am holding this loosely, because the effect might be smaller when the material is genuinely new to you. I liked that the authors admitted what they could not explain."
F0124,TH003,F0080,S033,1,2026-09-11T08:00:00,"Adding a small counterexample to what has been said about cue dependent forgetting. It looks like recognizing material is not the same as being able to recall it, though the evidence is not airtight. The first time I tried turning the section headings into questions and answering them it felt slow, but I could rebuild the structure but not the specific numbers. Who benefits when we take cue dependent forgetting seriously, and who does not? Thanks to whoever picked this reading."
F0125,TH002,F0073,S068,1,2026-09-11T07:29:50,"This thread is helping me see the forgetting curve more clearly. The reading argues that expert memory is mostly organized knowledge rather than raw capacity, and I think that is right. What would change your mind about retrieval practice? I finished this a little annoyed, which may be my own week talking."
F0126,TH006,F0020,S048,1,2026-09-11T12:18:44,"This framing of the forgetting curve lines up with my own experience. The authors seem to be saying that how we encode something decides what cues will bring it back later. I tested this on myself by quizzing myself on the vocabulary instead of highlighting it, and the gaps in my understanding showed up immediately."
F0127,TH003,F0099,S002,1,2026-09-10T17:25:51,"Adding a small counterexample to what has been said about the forgetting curve. Stated plainly, how we encode something decides what cues will bring it back later. When I started explaining the model out loud to my roommate, the second attempt was noticeably easier than the first."
F0128,TH002,F0072,S046,1,2026-09-10T12:25:43,"Two people above have said something useful about retrieval practice. Stated plainly, how we encode something decides what cues will bring it back later. What do you do when you cannot recall anything at all? I kept waiting for the part about resources and it never came."
F0129,TH006,F0119,S092,1,2026-09-12T14:36:50,"This framing of cue dependent forgetting lines up with my own experience. The reading argues that expert memory is mostly organized knowledge rather than raw capacity, and I think that is right. The first time I tried explaining the model out loud to my roommate it felt slow, but I could rebuild the structure but not the specific numbers."
F0130,TH002,F0097,S009,1,2026-09-11T13:51:57,"Yes to all of this, and I want to add one thing about the difference between recall and recognition. The part that convinced me is that recognizing material is not the same as being able to recall it. In my anatomy course I have been drawing the diagram from memory before checking my notes, and the gaps in my understanding showed up immediately. That said, the classroom studies had far messier results than the lab ones. Has anyone tried this with a partner instead of alone?"
F0131,TH003,F0105,S044,1,2026-09-11T20:30:27,"I agree with the earlier point about retrieval practice, but I want to push on one piece. What I did not expect was the claim that recognizing material is not the same as being able to recall it. I gave closing the book and writing down everything I could recall an honest try, and it took longer but it stuck for the whole week. I am holding this loosely, because the effect might be smaller when the material is genuinely new to you. Who benefits when we take retrieval practice seriously, and who does not?"
F0132,TH006,F0093,S075,1,2026-09-12T11:24:28,"I will take the other side on the testing effect, mostly to see what happens. What I did not expect was the claim that working memory limits explain why cramming feels productive and then fails. Something similar happened in a statistics class I took last year when I was explaining the model out loud to my roommate, since I could rebuild the structure but not the specific numbers. It is worth remembering that we never see how long the advantage lasts past a semester. Has anyone tried this with a partner instead of alone?"
F0133,TH008,F0083,S120,1,2026-09-10T16:54:47,"Thank you for naming what bothered me about elaborative interrogation. I keep coming back to the idea that retrieval practice does more for me than rereading ever did. During my seminar readings I ended up drawing the diagram from memory before checking my notes, and my confidence dropped and my actual scores went up. I would want to know more before generalizing, since the discomfort makes it hard to keep doing on a busy week. Does anyone else find retrieval practice uncomfortable at first? Great thread, everyone."
F0134,TH002,F0104,S046,1,2026-09-11T09:26:35,"This thread is helping me see elaborative interrogation more clearly. The reading argues that working memory limits explain why cramming feels productive and then fails, and I think that is right. This is probably context dependent, given that most of the studies used word lists rather than course material. Does anyone else find retrieval practice uncomfortable at first? I finished this feeling more hopeful than I expected."
F0135,TH003,F0131,S087,1,2026-09-12T08:24:20,"Coming back to an earlier comment on the difference between recall and recognition. It looks like retrieval practice does more for me than rereading ever did, though the evidence is not airtight. My hesitation is that the effect might be smaller when the material is genuinely new to you."
F0136,TH006,F0132,S092,1,2026-09-12T17:34:22,"I read that section on the testing effect differently. The reading argues that working memory limits explain why cramming feels productive and then fails, and I think that is right. Is there a point where self testing starts giving you false confidence?"
F0137,TH007,F0074,S073,1,2026-09-10T11:50:12,"I want to sit with the point about chunking for a second. The reading argues that expert memory is mostly organized knowledge rather than raw capacity, and I think that is right. Something similar happened in my seminar readings when I was starting each session with five minutes of blank page recall, since my confidence dropped and my actual scores went up. Who benefits when we take cue dependent forgetting seriously, and who does not?"
F0138,TH006,F0078,S108,1,2026-09-12T08:00:00,"Coming back to an earlier comment on retrieval practice. The reading argues that recognizing material is not the same as being able to recall it, and I think that is right. I gave drawing the diagram from memory before checking my notes an honest try, and the second attempt was noticeably easier than the first. The caveat for me is that the discomfort makes it hard to keep doing on a busy week."
F0139,TH003,F0091,S039,1,2026-09-11T16:57:53,"I want to sit with the point about cue dependent forgetting for a second. I would say recognizing material is not the same as being able to recall it, at least for the kind of material we work with. Something similar happened in the language class I am taking when I was closing the book and writing down everything I could recall, since the gaps in my understanding showed up immediately. Where does cue dependent forgetting break down in your experience?"
F0140,TH008,F0133,S022,1,2026-09-11T07:58:34,"Building on the post above, I think cue dependent forgetting is doing a lot of work here. I keep coming back to the idea that working memory limits explain why cramming feels productive and then fails. I spent two weeks closing the book and writing down everything I could recall, and I was surprised by how much I had already lost. What do you do when you cannot recall anything at all?"
F0141,TH006,F0132,S092,1,2026-09-12T15:24:26,"This framing of cue dependent forgetting lines up with my own experience. It looks like how we encode something decides what cues will bring it back later, though the evidence is not airtight. I tested this on myself by turning the section headings into questions and answering them, and my confidence dropped and my actual scores went up."
F0142,TH003,F0121,S120,1,2026-09-10T23:27:42,"Thank you for naming what bothered me about elaborative interrogation. I would say recognizing material is not the same as being able to recall it, at least for the kind of material we work with. The first time I tried drawing the diagram from memory before checking my notes it felt slow, but I was surprised by how much I had already lost. I would want to know more before generalizing, since most of the studies used word lists rather than course material. How would you explain chunking to a first year student?"
F0143,TH003,F0105,S044,1,2026-09-11T14:40:33,This thread is helping me see elaborative interrogation more clearly. My takeaway is that retrieval practice does more for me than rereading ever did. My hesitation is that students who already know the content have less to retrieve.
F0144,TH002,F0104,S060,1,2026-09-11T11:16:06,"I had the opposite reaction to the claim about chunking. I would say expert memory is mostly organized knowledge rather than raw capacity, at least for the kind of material we work with. The first time I tried quizzing myself on the vocabulary instead of highlighting it it felt slow, but it took longer but it stuck for the whole week. One limit worth naming is that we never see how long the advantage lasts past a semester. How would you even measure the difference between recall and recognition in a real classroom?"
F0145,TH003,F0053,S043,1,2026-09-12T08:00:00,"I read that section on cue dependent forgetting differently. The strongest version of the argument is that expert memory is mostly organized knowledge rather than raw capacity. When I started closing the book and writing down everything I could recall, my confidence dropped and my actual scores went up. One limit worth naming is that the classroom studies had far messier results than the lab ones."
F0146,TH002,F0044,S068,1,2026-09-10T18:25:18,"I am not sure I follow the argument about chunking yet. The strongest version of the argument is that retrieval practice does more for me than rereading ever did. I gave quizzing myself on the vocabulary instead of highlighting it an honest try, and I was surprised by how much I had already lost. Where I get stuck is that we never see how long the advantage lasts past a semester. This one actually changed something about my week, which is rare."
F0147,TH002,F0090,S112,1,2026-09-11T08:00:00,"I will take the other side on cue dependent forgetting, mostly to see what happens. The authors seem to be saying that working memory limits explain why cramming feels productive and then fails. In the certification exam I am studying for I have been closing the book and writing down everything I could recall, and the second attempt was noticeably easier than the first. I wanted the authors to say what they would actually do on Monday."
F0148,TH002,F0125,S046,1,2026-09-11T12:34:11,"I agree with the earlier point about elaborative interrogation, but I want to push on one piece. I would say working memory limits explain why cramming feels productive and then fails, at least for the kind of material we work with."
F0149,TH002,F0097,S119,1,2026-09-10T20:55:42,"This framing of retrieval practice lines up with my own experience. The part that convinced me is that working memory limits explain why cramming feels productive and then fails. Last week I tried drawing the diagram from memory before checking my notes, and the second attempt was noticeably easier than the first. This is the first reading that felt written for practitioners."
F0150,TH003,F0105,S105,1,2026-09-11T09:48:36,This thread is helping me see cue dependent forgetting more clearly. What I did not expect was the claim that the effort that feels unproductive is often the effort that works. Where I get stuck is that the discomfort makes it hard to keep doing on a busy week.
F0151,TH002,F0122,S004,1,2026-09-11T12:02:34,"Yes to all of this, and I want to add one thing about chunking. If I followed the chapter, the effort that feels unproductive is often the effort that works. I finished this a little annoyed, which may be my own week talking."
F0152,TH007,F0032,S025,1,2026-09-09T08:00:00,"I had the opposite reaction to the claim about the forgetting curve. The authors seem to be saying that the effort that feels unproductive is often the effort that works. When I started drawing the diagram from memory before checking my notes, my confidence dropped and my actual scores went up."
F0153,TH003,F0035,S112,1,2026-09-11T08:00:00,"I had the opposite reaction to the claim about the difference between recall and recognition. The authors seem to be saying that working memory limits explain why cramming feels productive and then fails. I tested this on myself by starting each session with five minutes of blank page recall, and I was surprised by how much I had already lost."
F0154,TH003,F0142,S012,1,2026-09-11T07:43:44,"Building on the post above, I think retrieval practice is doing a lot of work here. It looks like working memory limits explain why cramming feels productive and then fails, though the evidence is not airtight. This clarified something I had been confused about for years."
F0155,TH007,F0032,S056,1,2026-09-08T16:24:45,"Coming back to an earlier comment on chunking. What seems clear to me is that expert memory is mostly organized knowledge rather than raw capacity. I would want to know more before generalizing, since the classroom studies had far messier results than the lab ones. What would change your mind about the forgetting curve? Great thread, everyone."
F0156,TH006,F0100,S096,1,2026-09-12T08:00:00,"This framing of retrieval practice lines up with my own experience. What seems clear to me is that the effort that feels unproductive is often the effort that works. I tested this on myself by quizzing myself on the vocabulary instead of highlighting it, and the second attempt was noticeably easier than the first. Where I get stuck is that we never see how long the advantage lasts past a semester. Where does cue dependent forgetting break down in your experience?"
F0157,TH003,F0139,S002,1,2026-09-11T19:32:56,"This framing of cue dependent forgetting lines up with my own experience. The part that convinced me is that how we encode something decides what cues will bring it back later. During my seminar readings I ended up quizzing myself on the vocabulary instead of highlighting it, and it took longer but it stuck for the whole week. Does anyone else find retrieval practice uncomfortable at first?"
F0158,TH008,F0133,S084,1,2026-09-10T19:15:49,"I had the opposite reaction to the claim about encoding versus retrieval. The part that convinced me is that recognizing material is not the same as being able to recall it. Something similar happened in the certification exam I am studying for when I was closing the book and writing down everything I could recall, since I was surprised by how much I had already lost."
F0159,TH006,F0126,S075,1,2026-09-12T08:00:00,"Coming back to an earlier comment on the testing effect. The strongest version of the argument is that retrieval practice does more for me than rereading ever did. Last week I tried drawing the diagram from memory before checking my notes, and the gaps in my understanding showed up immediately. This gave me language for something I had only felt."
F0160,TH002,F0075,S060,1,2026-09-10T14:10:48,"I am not sure I follow the argument about the testing effect yet. Stated plainly, how we encode something decides what cues will bring it back later. When I started quizzing myself on the vocabulary instead of highlighting it, I was surprised by how much I had already lost. I am holding this loosely, because students who already know the content have less to retrieve. How do you use recall for conceptual material rather than definitions?"
F0161,TH006,F0043,S057,1,2026-09-10T14:09:08,"Two people above have said something useful about the testing effect. I keep coming back to the idea that retrieval practice does more for me than rereading ever did. I spent two weeks closing the book and writing down everything I could recall, and I could rebuild the structure but not the specific numbers. The caveat for me is that the discomfort makes it hard to keep doing on a busy week. Who benefits when we take retrieval practice seriously, and who does not? I left this reading more confused than when I started."
F0162,TH003,F0150,S058,1,2026-09-11T19:15:16,"I agree with the earlier point about elaborative interrogation, but I want to push on one piece. The strongest version of the argument is that expert memory is mostly organized knowledge rather than raw capacity. My hesitation is that most of the studies used word lists rather than course material. Is there a point where self testing starts giving you false confidence?"
F0163,TH002,F0089,S096,1,2026-09-12T19:38:26,"Adding a small counterexample to what has been said about the testing effect. If I followed the chapter, how we encode something decides what cues will bring it back later."
F0164,TH006,F0079,S057,1,2026-09-12T11:21:04,"I am not sure I follow the argument about cue dependent forgetting yet. The reading argues that the effort that feels unproductive is often the effort that works, and I think that is right. In the language class I am taking I have been closing the book and writing down everything I could recall, and I could rebuild the structure but not the specific numbers. I am holding this loosely, because most of the studies used word lists rather than course material."
F0165,TH006,F0156,S083,1,2026-09-12T18:34:29,"This thread is helping me see chunking more clearly. If I followed the chapter, retrieval practice does more for me than rereading ever did. The first time I tried drawing the diagram from memory before checking my notes it felt slow, but I could rebuild the structure but not the specific numbers. This is probably context dependent, given that the classroom studies had far messier results than the lab ones. Is there a point where self testing starts giving you false confidence?"
F0166,TH006,F0100,S037,1,2026-09-11T21:14:06,"I read that section on the forgetting curve differently. It looks like retrieval practice does more for me than rereading ever did, though the evidence is not airtight. I tested this on myself by turning the section headings into questions and answering them, and the second attempt was noticeably easier than the first."
F0167,TH003,F0124,S113,1,2026-09-11T09:13:49,"Two people above have said something useful about the testing effect. If I followed the chapter, retrieval practice does more for me than rereading ever did. I am excited to try this in my own teaching."
F0168,TH006,F0141,S023,1,2026-09-12T18:06:31,"This thread is helping me see the testing effect more clearly. Stated plainly, retrieval practice does more for me than rereading ever did. Something similar happened in a statistics class I took last year when I was quizzing myself on the vocabulary instead of highlighting it, since the second attempt was noticeably easier than the first. What do you do when you cannot recall anything at all?"
F0169,TH006,F0050,S052,1,2026-09-11T08:00:00,"I am not sure I follow the argument about cue dependent forgetting yet. I would say expert memory is mostly organized knowledge rather than raw capacity, at least for the kind of material we work with. The first time I tried explaining the model out loud to my roommate it felt slow, but I was surprised by how much I had already lost. I am holding this loosely, because we never see how long the advantage lasts past a semester."
F0170,TH003,F0167,S040,1,2026-09-12T12:57:09,"Thank you for naming what bothered me about the forgetting curve. The strongest version of the argument is that expert memory is mostly organized knowledge rather than raw capacity. The first time I tried turning the section headings into questions and answering them it felt slow, but I could rebuild the structure but not the specific numbers. I would want to know more before generalizing, since students who already know the content have less to retrieve."
F0171,TH003,F0118,S039,1,2026-09-11T08:00:00,I had the opposite reaction to the claim about the testing effect. What I did not expect was the claim that how we encode something decides what cues will bring it back later. Is there a point where self testing starts giving you false confidence?
F0172,TH002,F0122,S007,1,2026-09-11T13:22:51,I had the opposite reaction to the claim about encoding versus retrieval. What seems clear to me is that expert memory is mostly organized knowledge rather than raw capacity. Really glad this was assigned.
F0173,TH002,F0002,S073,1,2026-09-10T11:49:28,Coming back to an earlier comment on elaborative interrogation. I keep coming back to the idea that how we encode something decides what cues will bring it back later. One limit worth naming is that the classroom studies had far messier results than the lab ones. Has anyone tried this with a partner instead of alone?
F0174,TH002,F0107,S004,1,2026-09-12T08:00:00,"I want to sit with the point about elaborative interrogation for a second. I keep coming back to the idea that working memory limits explain why cramming feels productive and then fails. I tested this on myself by quizzing myself on the vocabulary instead of highlighting it, and I was surprised by how much I had already lost. How would you explain cue dependent forgetting to a first year student?"
F0175,TH006,F0166,S013,1,2026-09-12T08:00:00,"I read that section on the difference between recall and recognition differently. What I did not expect was the claim that working memory limits explain why cramming feels productive and then fails. I tested this on myself by explaining the model out loud to my roommate, and I was surprised by how much I had already lost. What do you do when you cannot recall anything at all?"
F0176,TH002,F0151,S056,1,2026-09-11T13:23:43,Two people above have said something useful about elaborative interrogation. What I did not expect was the claim that the effort that feels unproductive is often the effort that works. One limit worth naming is that the effect might be smaller when the material is genuinely new to you. Would this work the same way for skills rather than facts?
F0177,TH003,F0162,S017,1,2026-09-12T08:37:32,"Adding a small counterexample to what has been said about encoding versus retrieval. The authors seem to be saying that expert memory is mostly organized knowledge rather than raw capacity. This is probably context dependent, given that we never see how long the advantage lasts past a semester. What would change your mind about elaborative interrogation?"
F0178,TH006,F0175,S046,1,2026-09-12T11:29:26,"I want to sit with the point about the difference between recall and recognition for a second. The strongest version of the argument is that retrieval practice does more for me than rereading ever did. Something similar happened in my seminar readings when I was explaining the model out loud to my roommate, since I was surprised by how much I had already lost."
F0179,TH003,F0131,S039,1,2026-09-12T09:36:52,"I want to sit with the point about the difference between recall and recognition for a second. I would say retrieval practice does more for me than rereading ever did, at least for the kind of material we work with. When I started quizzing myself on the vocabulary instead of highlighting it, my confidence dropped and my actual scores went up. I am holding this loosely, because the classroom studies had far messier results than the lab ones. What do you do when you cannot recall anything at all? I found this reading frustrating and a little discouraging."
F0180,TH003,F0153,S113,1,2026-09-12T08:00:00,"This framing of elaborative interrogation lines up with my own experience. The reading argues that how we encode something decides what cues will bring it back later, and I think that is right. The first time I tried drawing the diagram from memory before checking my notes it felt slow, but my confidence dropped and my actual scores went up. That said, the effect might be smaller when the material is genuinely new to you. Would this work the same way for skills rather than facts?"
F0181,TH003,F0131,S031,1,2026-09-11T22:22:43,"Two people above have said something useful about elaborative interrogation. I would say expert memory is mostly organized knowledge rather than raw capacity, at least for the kind of material we work with. When I started starting each session with five minutes of blank page recall, my confidence dropped and my actual scores went up. That said, students who already know the content have less to retrieve. How would you even measure the forgetting curve in a real classroom?"
F0182,TH002,F0173,S056,1,2026-09-10T23:04:45,"I will take the other side on retrieval practice, mostly to see what happens. If I followed the chapter, retrieval practice does more for me than rereading ever did."
F0183,TH006,F0038,S065,1,2026-09-11T16:07:42,"I will take the other side on elaborative interrogation, mostly to see what happens. My takeaway is that how we encode something decides what cues will bring it back later. I tested this on myself by drawing the diagram from memory before checking my notes, and my confidence dropped and my actual scores went up. One limit worth naming is that the discomfort makes it hard to keep doing on a busy week. What would you want to see before you trusted cue dependent forgetting? Honestly, this was the most useful reading of the semester so far."
F0184,TH008,F0027,S041,1,2026-09-10T08:00:00,"Yes to all of this, and I want to add one thing about cue dependent forgetting. The strongest version of the argument is that retrieval practice does more for me than rereading ever did. Would you design a course around elaborative interrogation?"
F0185,TH003,F0154,S087,1,2026-09-11T09:03:18,"I am not sure I follow the argument about the testing effect yet. The strongest version of the argument is that retrieval practice does more for me than rereading ever did. During my anatomy course I ended up starting each session with five minutes of blank page recall, and I was surprised by how much I had already lost. Where I get stuck is that we never see how long the advantage lasts past a semester."
F0186,TH006,F0119,S057,1,2026-09-12T17:20:36,"I want to sit with the point about the testing effect for a second. Stated plainly, retrieval practice does more for me than rereading ever did. The caveat for me is that students who already know the content have less to retrieve."
F0187,TH007,F0152,S035,1,2026-09-09T15:17:11,"I read that section on the forgetting curve differently. The part that convinced me is that how we encode something decides what cues will bring it back later. In a statistics class I took last year I have been turning the section headings into questions and answering them, and the gaps in my understanding showed up immediately."
F0188,TH003,F0154,S017,1,2026-09-12T08:00:00,"I read that section on the testing effect differently. Stated plainly, recognizing material is not the same as being able to recall it. In my seminar readings I have been starting each session with five minutes of blank page recall, and the second attempt was noticeably easier than the first. The caveat for me is that the classroom studies had far messier results than the lab ones. Does anyone else find retrieval practice uncomfortable at first? I have already sent this one to a colleague."
F0189,TH006,F0132,S019,1,2026-09-12T11:59:24,"Yes to all of this, and I want to add one thing about the testing effect. Stated plainly, recognizing material is not the same as being able to recall it. I gave turning the section headings into questions and answering them an honest try, and the second attempt was noticeably easier than the first."
F0190,TH002,F0130,S005,1,2026-09-12T08:00:00,"I want to sit with the point about chunking for a second. It looks like expert memory is mostly organized knowledge rather than raw capacity, though the evidence is not airtight. During my seminar readings I ended up closing the book and writing down everything I could recall, and it took longer but it stuck for the whole week."
F0191,TH002,F0075,S063,1,2026-09-10T14:27:41,"Coming back to an earlier comment on chunking. The strongest version of the argument is that the effort that feels unproductive is often the effort that works. The first time I tried starting each session with five minutes of blank page recall it felt slow, but my confidence dropped and my actual scores went up. How would you even measure the forgetting curve in a real classroom?"
F0192,TH003,F0121,S103,1,2026-09-11T08:00:00,"Yes to all of this, and I want to add one thing about the difference between recall and recognition. Stated plainly, working memory limits explain why cramming feels productive and then fails. I tested this on myself by starting each session with five minutes of blank page recall, and the gaps in my understanding showed up immediately. This one actually changed something about my week, which is rare."
F0193,TH002,F0073,S076,1,2026-09-11T17:17:15,"Yes to all of this, and I want to add one thing about chunking. I keep coming back to the idea that the effort that feels unproductive is often the effort that works. In the certification exam I am studying for I have been turning the section headings into questions and answering them, and the second attempt was noticeably easier than the first. Is there a point where self testing starts giving you false confidence? I appreciated how concrete the examples were."
F0194,TH007,F0123,S065,1,2026-09-10T10:24:39,"I will take the other side on the difference between recall and recognition, mostly to see what happens. The strongest version of the argument is that working memory limits explain why cramming feels productive and then fails. When I started drawing the diagram from memory before checking my notes, I was surprised by how much I had already lost. I would want to know more before generalizing, since students who already know the content have less to retrieve. I liked that the authors admitted what they could not explain."
F0195,TH003,F0118,S113,1,2026-09-10T10:03:40,"Building on the post above, I think the testing effect is doing a lot of work here. What I did not expect was the claim that how we encode something decides what cues will bring it back later. My hesitation is that we never see how long the advantage lasts past a semester."
F0196,TH009,,S092,2,2026-09-17T01:49:55,"Reading about massed practice made me rethink how I study. My takeaway is that the optimal gap depends on how long you need to hold the material. The first time I tried revisiting week one material during week four it felt slow, but I stopped rereading things I already knew cold."
F0197,TH010,,S048,2,2026-09-16T23:01:43,"If I followed the chapter, cramming buys performance today and borrows it from next month. I gave revisiting week one material during week four an honest try, and my week stopped ending in panic. This is probably context dependent, given that spacing assumes you have control over your own schedule. How far apart do your review sessions actually end up being?"
F0198,TH011,,S051,2,2026-09-16T00:31:58,I came into this week fairly skeptical about interleaving. The strongest version of the argument is that spacing is less about willpower and more about calendar design.
F0199,TH012,,S102,2,2026-09-15T13:00:12,The section on the spacing effect was the part I understood least. What I did not expect was the claim that cramming buys performance today and borrows it from next month.
F0200,TH013,,S096,2,2026-09-15T22:28:47,"Quick question for the group about the lag effect. I would say our sense of how well we are learning is a poor guide to scheduling, at least for the kind of material we work with. The caveat for me is that students working long hours cannot always choose their gaps. Would you design a course around massed practice? This gave me language for something I had only felt."
F0201,TH014,,S065,2,2026-09-17T06:27:36,"Something about massed practice has been nagging at me all week. The reading argues that the optimal gap depends on how long you need to hold the material, and I think that is right. Does interleaving still help when the problem types look identical?"
F0202,TH010,F0197,S114,2,2026-09-17T08:00:00,"Building on the post above, I think the spacing effect is doing a lot of work here. What seems clear to me is that our sense of how well we are learning is a poor guide to scheduling. I tested this on myself by putting review blocks in my calendar the way I schedule classes, and the fourth pass took almost no time at all. Where does retention interval break down in your experience? Honestly, this was the most useful reading of the semester so far."
F0203,TH012,F0199,S017,2,2026-09-15T21:33:28,"Two people above have said something useful about distributed practice. It looks like spacing wins even when total study time is held constant, though the evidence is not airtight. During my licensure exam prep I ended up keeping a running list of topics due for another pass, and it felt inefficient and the quiz said otherwise. One limit worth naming is that spacing assumes you have control over your own schedule. How far apart do your review sessions actually end up being? I finished this feeling more hopeful than I expected."
F0204,TH014,F0201,S079,2,2026-09-18T15:58:32,"This thread is helping me see retention interval more clearly. The strongest version of the argument is that interleaving feels worse during practice and better on the test. I spent two weeks keeping a running list of topics due for another pass, and the fourth pass took almost no time at all. This is probably context dependent, given that students working long hours cannot always choose their gaps. Do you space by topic or by course?"
F0205,TH012,F0199,S002,2,2026-09-15T16:44:23,"Building on the post above, I think the lag effect is doing a lot of work here. Stated plainly, interleaving feels worse during practice and better on the test. Last week I tried revisiting week one material during week four, and my week stopped ending in panic. The caveat for me is that it is hard to separate spacing from simply studying more often."
F0206,TH012,F0199,S087,2,2026-09-16T08:00:00,Thank you for naming what bothered me about massed practice. What seems clear to me is that spacing wins even when total study time is held constant.
F0207,TH010,F0197,S099,2,2026-09-17T08:00:00,"Adding a small counterexample to what has been said about distributed practice. I keep coming back to the idea that cramming buys performance today and borrows it from next month. During a research methods class I ended up spreading my review over four short sessions instead of one long one, and it felt inefficient and the quiz said otherwise. How far apart do your review sessions actually end up being?"
F0208,TH012,F0205,S041,2,2026-09-16T08:00:00,"Yes to all of this, and I want to add one thing about desirable difficulty. The reading argues that cramming buys performance today and borrows it from next month, and I think that is right. In my part time job schedule I have been mixing problem types in a single set instead of blocking them, and I stopped rereading things I already knew cold. My hesitation is that interleaving needs enough material to interleave in the first place."
F0209,TH012,F0203,S002,2,2026-09-16T08:00:00,"Adding a small counterexample to what has been said about retention interval. My takeaway is that our sense of how well we are learning is a poor guide to scheduling. The first time I tried keeping a running list of topics due for another pass it felt slow, but I noticed which topics kept slipping and could target them."
F0210,TH014,F0204,S007,2,2026-09-18T18:26:49,"This thread is helping me see the spacing effect more clearly. What seems clear to me is that interleaving feels worse during practice and better on the test. Last week I tried mixing problem types in a single set instead of blocking them, and I noticed which topics kept slipping and could target them. My hesitation is that the recommended gaps in the literature vary quite a lot. How far apart do your review sessions actually end up being?"
F0211,TH012,F0206,S045,2,2026-09-16T14:45:46,Adding a small counterexample to what has been said about the lag effect. I keep coming back to the idea that spacing wins even when total study time is held constant. The caveat for me is that it is hard to separate spacing from simply studying more often. Does interleaving still help when the problem types look identical?
F0212,TH010,F0202,S107,2,2026-09-17T20:07:19,"This framing of massed practice lines up with my own experience. The reading argues that cramming buys performance today and borrows it from next month, and I think that is right. The caveat for me is that the recommended gaps in the literature vary quite a lot. Is there a version of this that works for writing rather than problem sets?"
F0213,TH012,F0206,S058,2,2026-09-16T12:48:17,"I had the opposite reaction to the claim about retention interval. The part that convinced me is that interleaving feels worse during practice and better on the test. During my licensure exam prep I ended up mixing problem types in a single set instead of blocking them, and it felt inefficient and the quiz said otherwise. That said, spacing assumes you have control over your own schedule. Who benefits when we take desirable difficulty seriously, and who does not?"
F0214,TH012,F0209,S085,2,2026-09-16T15:59:12,"This thread is helping me see retention interval more clearly. The strongest version of the argument is that cramming buys performance today and borrows it from next month. What would you want to see before you trusted distributed practice? The tone bothered me, even if the findings hold up."
F0215,TH012,F0205,S120,2,2026-09-15T21:38:58,"Adding a small counterexample to what has been said about interleaving. Stated plainly, cramming buys performance today and borrows it from next month. When I started keeping a running list of topics due for another pass, I noticed which topics kept slipping and could target them. How would you even measure interleaving in a real classroom?"
F0216,TH014,F0201,S098,2,2026-09-17T22:18:09,"I will take the other side on retention interval, mostly to see what happens. Stated plainly, our sense of how well we are learning is a poor guide to scheduling. Last week I tried scheduling a ten minute review the morning after each lecture, and the material felt less familiar each time and I retained more. It is worth remembering that spacing assumes you have control over your own schedule. Would you design a course around the spacing effect?"
F0217,TH011,F0198,S065,2,2026-09-16T08:00:00,"Thank you for naming what bothered me about the spacing effect. The reading argues that spacing is less about willpower and more about calendar design, and I think that is right. My hesitation is that students working long hours cannot always choose their gaps."
F0218,TH014,F0210,S046,2,2026-09-19T08:00:00,"This framing of retention interval lines up with my own experience. The strongest version of the argument is that spacing wins even when total study time is held constant. I spent two weeks revisiting week one material during week four, and the material felt less familiar each time and I retained more. Where I get stuck is that spacing assumes you have control over your own schedule."
F0219,TH014,F0204,S056,2,2026-09-19T08:00:00,"I want to sit with the point about the spacing effect for a second. My takeaway is that the optimal gap depends on how long you need to hold the material. I tested this on myself by mixing problem types in a single set instead of blocking them, and the material felt less familiar each time and I retained more. My hesitation is that it is hard to separate spacing from simply studying more often. How far apart do your review sessions actually end up being? I am worried we are asking students to fix a system problem."
F0220,TH010,F0212,S064,2,2026-09-17T23:49:25,I had the opposite reaction to the claim about retention interval. The part that convinced me is that interleaving feels worse during practice and better on the test. The caveat for me is that the studies rarely say what to do when the exam is in three days. Does interleaving still help when the problem types look identical?
F0221,TH014,F0201,S061,2,2026-09-17T09:58:34,"Two people above have said something useful about the lag effect. Stated plainly, interleaving feels worse during practice and better on the test. I gave keeping a running list of topics due for another pass an honest try, and it felt inefficient and the quiz said otherwise. This is probably context dependent, given that students working long hours cannot always choose their gaps. Has anyone found a way to make spacing feel less pointless early on?"
F0222,TH009,F0196,S074,2,2026-09-17T08:00:00,"I read that section on retention interval differently. If I followed the chapter, the optimal gap depends on how long you need to hold the material. This is probably context dependent, given that the recommended gaps in the literature vary quite a lot."
F0223,TH012,F0209,S102,2,2026-09-16T12:56:15,"This framing of massed practice lines up with my own experience. The reading argues that the optimal gap depends on how long you need to hold the material, and I think that is right. Would you design a course around desirable difficulty?"
F0224,TH012,F0203,S039,2,2026-09-16T08:00:00,"I want to sit with the point about desirable difficulty for a second. Stated plainly, spacing is less about willpower and more about calendar design. This felt disconnected from the students I actually work with."
F0225,TH012,F0213,S044,2,2026-09-16T19:31:35,"Adding a small counterexample to what has been said about review scheduling. The reading argues that spacing is less about willpower and more about calendar design, and I think that is right."
F0226,TH014,F0219,S098,2,2026-09-19T09:17:22,"I want to sit with the point about desirable difficulty for a second. It looks like spacing is less about willpower and more about calendar design, though the evidence is not airtight. I spent two weeks scheduling a ten minute review the morning after each lecture, and my week stopped ending in panic. Is there a version of this that works for writing rather than problem sets? This gave me language for something I had only felt."
F0227,TH009,F0196,S021,2,2026-09-17T16:55:59,"Adding a small counterexample to what has been said about massed practice. I keep coming back to the idea that interleaving feels worse during practice and better on the test. This is probably context dependent, given that spacing assumes you have control over your own schedule. How far apart do your review sessions actually end up being?"
F0228,TH014,F0226,S072,2,2026-09-19T21:01:32,"Adding a small counterexample to what has been said about desirable difficulty. The authors seem to be saying that cramming buys performance today and borrows it from next month. The first time I tried scheduling a ten minute review the morning after each lecture it felt slow, but I noticed which topics kept slipping and could target them. One limit worth naming is that the studies rarely say what to do when the exam is in three days. Would you design a course around review scheduling?"
F0229,TH012,F0213,S054,2,2026-09-16T14:23:34,This thread is helping me see distributed practice more clearly. What I did not expect was the claim that spacing is less about willpower and more about calendar design. Is there a version of this that works for writing rather than problem sets?
F0230,TH012,F0223,S039,2,2026-09-16T16:13:07,Two people above have said something useful about massed practice. My takeaway is that spacing is less about willpower and more about calendar design.
F0231,TH012,F0223,S115,2,2026-09-16T21:12:14,"I am not sure I follow the argument about desirable difficulty yet. The reading argues that the optimal gap depends on how long you need to hold the material, and I think that is right. The first time I tried spreading my review over four short sessions instead of one long one it felt slow, but the fourth pass took almost no time at all. It is worth remembering that spacing assumes you have control over your own schedule. How would you even measure the spacing effect in a real classroom? This clarified something I had been confused about for years."
F0232,TH014,F0226,S046,2,2026-09-19T23:44:24,"I read that section on retention interval differently. My takeaway is that cramming buys performance today and borrows it from next month. That said, the recommended gaps in the literature vary quite a lot. How far apart do your review sessions actually end up being?"
F0233,TH010,F0202,S077,2,2026-09-17T14:20:36,"I want to sit with the point about the lag effect for a second. If I followed the chapter, the optimal gap depends on how long you need to hold the material. I gave keeping a running list of topics due for another pass an honest try, and the material felt less familiar each time and I retained more. I left this reading more confused than when I started."
F0234,TH010,F0212,S077,2,2026-09-18T08:00:00,"This framing of review scheduling lines up with my own experience. I would say spacing is less about willpower and more about calendar design, at least for the kind of material we work with. Something similar happened in my part time job schedule when I was mixing problem types in a single set instead of blocking them, since my week stopped ending in panic. Would you design a course around the spacing effect? Great thread, everyone."
F0235,TH010,F0234,S057,2,2026-09-18T12:02:44,"I read that section on retention interval differently. If I followed the chapter, spacing is less about willpower and more about calendar design. My hesitation is that it is hard to separate spacing from simply studying more often."
F0236,TH012,F0223,S002,2,2026-09-17T16:57:58,I am not sure I follow the argument about retention interval yet. What seems clear to me is that cramming buys performance today and borrows it from next month.
F0237,TH014,F0228,S065,2,2026-09-19T22:41:22,"This framing of massed practice lines up with my own experience. Stated plainly, the optimal gap depends on how long you need to hold the material. I would want to know more before generalizing, since students working long hours cannot always choose their gaps. I am excited to try this in my own teaching."
F0238,TH012,F0225,S031,2,2026-09-16T22:14:12,"I am not sure I follow the argument about retention interval yet. If I followed the chapter, our sense of how well we are learning is a poor guide to scheduling. What do you do when the schedule collapses in a heavy week?"
F0239,TH012,F0225,S041,2,2026-09-16T20:14:26,"I agree with the earlier point about massed practice, but I want to push on one piece. If I followed the chapter, spacing is less about willpower and more about calendar design. During my part time job schedule I ended up spreading my review over four short sessions instead of one long one, and I noticed which topics kept slipping and could target them. I would want to know more before generalizing, since the studies rarely say what to do when the exam is in three days. How far apart do your review sessions actually end up being?"
F0240,TH014,F0201,S013,2,2026-09-17T21:21:36,"Yes to all of this, and I want to add one thing about massed practice. What I did not expect was the claim that interleaving feels worse during practice and better on the test. I am holding this loosely, because interleaving needs enough material to interleave in the first place. Where does interleaving break down in your experience?"
F0241,TH012,F0209,S120,2,2026-09-16T11:36:39,"I had the opposite reaction to the claim about distributed practice. What seems clear to me is that interleaving feels worse during practice and better on the test. Last week I tried spreading my review over four short sessions instead of one long one, and the material felt less familiar each time and I retained more. What do you do when the schedule collapses in a heavy week?"
F0242,TH014,F0216,S062,2,2026-09-18T08:00:00,"This thread is helping me see review scheduling more clearly. If I followed the chapter, spacing is less about willpower and more about calendar design. I tested this on myself by scheduling a ten minute review the morning after each lecture, and my week stopped ending in panic. How would you explain review scheduling to a first year student?"
F0243,TH014,F0226,S035,2,2026-09-19T16:41:05,"I had the opposite reaction to the claim about desirable difficulty. My takeaway is that spacing is less about willpower and more about calendar design. I gave scheduling a ten minute review the morning after each lecture an honest try, and the fourth pass took almost no time at all. Where does review scheduling break down in your experience?"
F0244,TH010,F0212,S027,2,2026-09-18T08:00:00,"I will take the other side on interleaving, mostly to see what happens. I keep coming back to the idea that our sense of how well we are learning is a poor guide to scheduling. When I started revisiting week one material during week four, I noticed which topics kept slipping and could target them. That said, students working long hours cannot always choose their gaps. Who benefits when we take interleaving seriously, and who does not?"
F0245,TH012,F0239,S087,2,2026-09-17T08:00:00,"I read that section on the spacing effect differently. The reading argues that the optimal gap depends on how long you need to hold the material, and I think that is right. During a summer course that moved very fast I ended up mixing problem types in a single set instead of blocking them, and I noticed which topics kept slipping and could target them. The caveat for me is that students working long hours cannot always choose their gaps. What do you do when the schedule collapses in a heavy week?"
F0246,TH014,F0232,S096,2,2026-09-20T09:45:53,"Building on the post above, I think massed practice is doing a lot of work here. What seems clear to me is that spacing wins even when total study time is held constant. In a summer course that moved very fast I have been keeping a running list of topics due for another pass, and it felt inefficient and the quiz said otherwise. I am holding this loosely, because the recommended gaps in the literature vary quite a lot. Is there a version of this that works for writing rather than problem sets? This clarified something I had been confused about for years."
F0247,TH010,F0234,S075,2,2026-09-18T14:50:28,"Yes to all of this, and I want to add one thing about distributed practice. What I did not expect was the claim that our sense of how well we are learning is a poor guide to scheduling. Who benefits when we take massed practice seriously, and who does not?"
F0248,TH012,F0239,S029,2,2026-09-17T08:00:00,"Building on the post above, I think retention interval is doing a lot of work here. What I did not expect was the claim that our sense of how well we are learning is a poor guide to scheduling. Really glad this was assigned."
F0249,TH009,F0222,S117,2,2026-09-17T14:03:34,"Thank you for naming what bothered me about distributed practice. The strongest version of the argument is that spacing wins even when total study time is held constant. Last week I tried scheduling a ten minute review the morning after each lecture, and it felt inefficient and the quiz said otherwise. I am struggling to see how any of this survives a real classroom."
F0250,TH010,F0207,S075,2,2026-09-17T23:33:21,"I will take the other side on review scheduling, mostly to see what happens. Stated plainly, interleaving feels worse during practice and better on the test. The caveat for me is that it is hard to separate spacing from simply studying more often."
F0251,TH012,F0229,S002,2,2026-09-16T15:43:37,I had the opposite reaction to the claim about the lag effect. What seems clear to me is that spacing wins even when total study time is held constant.
F0252,TH014,F0218,S101,2,2026-09-19T11:59:51,"Building on the post above, I think massed practice is doing a lot of work here. It looks like cramming buys performance today and borrows it from next month, though the evidence is not airtight. I would want to know more before generalizing, since students working long hours cannot always choose their gaps."
F0253,TH012,F0209,S029,2,2026-09-16T10:31:10,"I am not sure I follow the argument about the lag effect yet. I keep coming back to the idea that our sense of how well we are learning is a poor guide to scheduling. In my part time job schedule I have been scheduling a ten minute review the morning after each lecture, and the material felt less familiar each time and I retained more. Has anyone found a way to make spacing feel less pointless early on?"
F0254,TH010,F0244,S031,2,2026-09-18T13:19:27,"Thank you for naming what bothered me about distributed practice. I keep coming back to the idea that spacing wins even when total study time is held constant. That said, interleaving needs enough material to interleave in the first place. How far apart do your review sessions actually end up being? Great thread, everyone."
F0255,TH014,F0237,S046,2,2026-09-19T23:27:06,"I agree with the earlier point about retention interval, but I want to push on one piece. The part that convinced me is that spacing wins even when total study time is held constant. I gave mixing problem types in a single set instead of blocking them an honest try, and my week stopped ending in panic. Where I get stuck is that students working long hours cannot always choose their gaps."
F0256,TH010,F0207,S077,2,2026-09-17T17:48:37,This framing of massed practice lines up with my own experience. What I did not expect was the claim that spacing wins even when total study time is held constant. One limit worth naming is that interleaving needs enough material to interleave in the first place. Has anyone found a way to make spacing feel less pointless early on?
F0257,TH012,F0245,S044,2,2026-09-18T08:00:00,"This framing of review scheduling lines up with my own experience. What I did not expect was the claim that the optimal gap depends on how long you need to hold the material. When I started putting review blocks in my calendar the way I schedule classes, it felt inefficient and the quiz said otherwise. This is probably context dependent, given that students working long hours cannot always choose their gaps. Has anyone found a way to make spacing feel less pointless early on?"
F0258,TH014,F0232,S072,2,2026-09-20T08:00:00,"I agree with the earlier point about the lag effect, but I want to push on one piece. If I followed the chapter, cramming buys performance today and borrows it from next month. The first time I tried revisiting week one material during week four it felt slow, but the material felt less familiar each time and I retained more."
F0259,TH012,F0203,S102,2,2026-09-15T23:50:37,"Building on the post above, I think desirable difficulty is doing a lot of work here. The strongest version of the argument is that spacing is less about willpower and more about calendar design."
F0260,TH014,F0218,S065,2,2026-09-20T08:00:00,"I agree with the earlier point about review scheduling, but I want to push on one piece. The authors seem to be saying that our sense of how well we are learning is a poor guide to scheduling. This is probably context dependent, given that the studies rarely say what to do when the exam is in three days."
F0261,TH012,F0257,S045,2,2026-09-18T10:13:52,"Coming back to an earlier comment on retention interval. I would say our sense of how well we are learning is a poor guide to scheduling, at least for the kind of material we work with. Something similar happened in a research methods class when I was putting review blocks in my calendar the way I schedule classes, since the material felt less familiar each time and I retained more."
F0262,TH014,F0246,S065,2,2026-09-20T12:59:11,"I read that section on the spacing effect differently. The authors seem to be saying that the optimal gap depends on how long you need to hold the material. I would want to know more before generalizing, since it is hard to separate spacing from simply studying more often. Thanks to whoever picked this reading."
F0263,TH012,F0229,S036,2,2026-09-16T18:15:42,Adding a small counterexample to what has been said about retention interval. The authors seem to be saying that the optimal gap depends on how long you need to hold the material. How would you explain interleaving to a first year student?
F0264,TH014,F0246,S056,2,2026-09-20T11:21:42,"I will take the other side on interleaving, mostly to see what happens. Stated plainly, the optimal gap depends on how long you need to hold the material. I gave revisiting week one material during week four an honest try, and the fourth pass took almost no time at all. This is probably context dependent, given that it is hard to separate spacing from simply studying more often."
F0265,TH012,F0248,S045,2,2026-09-17T11:22:26,"Thank you for naming what bothered me about massed practice. The strongest version of the argument is that cramming buys performance today and borrows it from next month. I would want to know more before generalizing, since spacing assumes you have control over your own schedule. What do you do when the schedule collapses in a heavy week?"
F0266,TH012,F0263,S039,2,2026-09-16T19:27:17,"I am not sure I follow the argument about desirable difficulty yet. The part that convinced me is that cramming buys performance today and borrows it from next month. I tested this on myself by spreading my review over four short sessions instead of one long one, and it felt inefficient and the quiz said otherwise. Do you space by topic or by course?"
F0267,TH012,F0239,S045,2,2026-09-17T08:00:00,"Adding a small counterexample to what has been said about massed practice. If I followed the chapter, spacing is less about willpower and more about calendar design. Do you space by topic or by course?"
F0268,TH014,F0252,S023,2,2026-09-19T20:41:32,"I agree with the earlier point about review scheduling, but I want to push on one piece. What I did not expect was the claim that interleaving feels worse during practice and better on the test. I tested this on myself by spreading my review over four short sessions instead of one long one, and my week stopped ending in panic. I am holding this loosely, because spacing assumes you have control over your own schedule."
F0269,TH012,F0261,S058,2,2026-09-19T08:00:00,"Adding a small counterexample to what has been said about distributed practice. Stated plainly, spacing wins even when total study time is held constant. I gave spreading my review over four short sessions instead of one long one an honest try, and the material felt less familiar each time and I retained more. Where does retention interval break down in your experience? I found this reading frustrating and a little discouraging."
F0270,TH010,F0233,S075,2,2026-09-17T16:42:31,"Thank you for naming what bothered me about retention interval. I keep coming back to the idea that spacing wins even when total study time is held constant. The first time I tried scheduling a ten minute review the morning after each lecture it felt slow, but it felt inefficient and the quiz said otherwise."
F0271,TH012,F0251,S045,2,2026-09-16T21:28:34,I read that section on the lag effect differently. The strongest version of the argument is that interleaving feels worse during practice and better on the test. What would change your mind about desirable difficulty?
F0272,TH014,F0228,S020,2,2026-09-20T07:31:41,"Coming back to an earlier comment on review scheduling. What seems clear to me is that spacing is less about willpower and more about calendar design. I spent two weeks scheduling a ten minute review the morning after each lecture, and I stopped rereading things I already knew cold. I am holding this loosely, because interleaving needs enough material to interleave in the first place. Do you space by topic or by course?"
F0273,TH014,F0272,S058,2,2026-09-20T08:02:36,"Coming back to an earlier comment on review scheduling. The reading argues that the optimal gap depends on how long you need to hold the material, and I think that is right. When I started putting review blocks in my calendar the way I schedule classes, the fourth pass took almost no time at all."
F0274,TH014,F0218,S065,2,2026-09-19T11:29:56,"I will take the other side on the spacing effect, mostly to see what happens. The part that convinced me is that spacing wins even when total study time is held constant. When I started keeping a running list of topics due for another pass, it felt inefficient and the quiz said otherwise. It is worth remembering that interleaving needs enough material to interleave in the first place."
F0275,TH012,F0224,S084,2,2026-09-16T20:41:16,"Two people above have said something useful about the lag effect. I keep coming back to the idea that interleaving feels worse during practice and better on the test. That said, interleaving needs enough material to interleave in the first place. Who benefits when we take the spacing effect seriously, and who does not?"
F0276,TH014,F0246,S025,2,2026-09-20T16:20:14,This thread is helping me see review scheduling more clearly. The strongest version of the argument is that interleaving feels worse during practice and better on the test.
F0277,TH010,F0256,S043,2,2026-09-18T13:02:35,"Yes to all of this, and I want to add one thing about the lag effect. It looks like interleaving feels worse during practice and better on the test, though the evidence is not airtight. Something similar happened in my part time job schedule when I was scheduling a ten minute review the morning after each lecture, since the material felt less familiar each time and I retained more. My hesitation is that it is hard to separate spacing from simply studying more often. What do you do when the schedule collapses in a heavy week?"
F0278,TH010,F0244,S048,2,2026-09-18T08:14:36,"I am not sure I follow the argument about the lag effect yet. I would say interleaving feels worse during practice and better on the test, at least for the kind of material we work with. I am holding this loosely, because students working long hours cannot always choose their gaps."
F0279,TH014,F0274,S015,2,2026-09-19T23:42:50,"I had the opposite reaction to the claim about retention interval. If I followed the chapter, our sense of how well we are learning is a poor guide to scheduling. The first time I tried keeping a running list of topics due for another pass it felt slow, but I stopped rereading things I already knew cold. Would you design a course around retention interval? Really glad this was assigned."
F0280,TH012,F0251,S041,2,2026-09-17T08:00:00,"This thread is helping me see the spacing effect more clearly. It looks like the optimal gap depends on how long you need to hold the material, though the evidence is not airtight. How would you explain the spacing effect to a first year student?"
F0281,TH012,F0245,S044,2,2026-09-17T14:22:46,"Building on the post above, I think review scheduling is doing a lot of work here. I keep coming back to the idea that spacing is less about willpower and more about calendar design. In my licensure exam prep I have been spreading my review over four short sessions instead of one long one, and the fourth pass took almost no time at all."
F0282,TH014,F0268,S117,2,2026-09-20T08:00:00,"I read that section on the spacing effect differently. What I did not expect was the claim that our sense of how well we are learning is a poor guide to scheduling. I tested this on myself by scheduling a ten minute review the morning after each lecture, and my week stopped ending in panic. This is the first reading that felt written for practitioners."
F0283,TH010,F0212,S042,2,2026-09-17T23:16:03,Coming back to an earlier comment on the spacing effect. What I did not expect was the claim that interleaving feels worse during practice and better on the test. One limit worth naming is that the studies rarely say what to do when the exam is in three days.
F0284,TH010,F0254,S101,2,2026-09-18T14:52:11,"Building on the post above, I think retention interval is doing a lot of work here. The part that convinced me is that cramming buys performance today and borrows it from next month. Last week I tried mixing problem types in a single set instead of blocking them, and I stopped rereading things I already knew cold. The caveat for me is that the recommended gaps in the literature vary quite a lot. How would you explain distributed practice to a first year student? Great thread, everyone."
F0285,TH010,F0278,S052,2,2026-09-18T11:13:45,"Two people above have said something useful about retention interval. My takeaway is that the optimal gap depends on how long you need to hold the material. Last week I tried putting review blocks in my calendar the way I schedule classes, and I stopped rereading things I already knew cold. Do you space by topic or by course?"
F0286,TH014,F0246,S089,2,2026-09-20T16:44:27,"Two people above have said something useful about desirable difficulty. If I followed the chapter, interleaving feels worse during practice and better on the test. I tested this on myself by revisiting week one material during week four, and my week stopped ending in panic. Do you space by topic or by course?"
F0287,TH010,F0234,S107,2,2026-09-18T10:02:43,"I agree with the earlier point about the spacing effect, but I want to push on one piece. I would say spacing wins even when total study time is held constant, at least for the kind of material we work with. In the two courses I am taking back to back I have been spreading my review over four short sessions instead of one long one, and the material felt less familiar each time and I retained more. That said, interleaving needs enough material to interleave in the first place. Who benefits when we take retention interval seriously, and who does not?"
F0288,TH012,F0206,S044,2,2026-09-16T20:14:37,"I am not sure I follow the argument about retention interval yet. I keep coming back to the idea that cramming buys performance today and borrows it from next month. In a course with weekly quizzes I have been scheduling a ten minute review the morning after each lecture, and the fourth pass took almost no time at all."
F0289,TH014,F0273,S112,2,2026-09-20T13:49:49,"I read that section on retention interval differently. Stated plainly, the optimal gap depends on how long you need to hold the material. During my part time job schedule I ended up putting review blocks in my calendar the way I schedule classes, and I stopped rereading things I already knew cold. This clarified something I had been confused about for years."
F0290,TH010,F0244,S090,2,2026-09-18T22:01:48,"This thread is helping me see distributed practice more clearly. What seems clear to me is that cramming buys performance today and borrows it from next month. I tested this on myself by mixing problem types in a single set instead of blocking them, and my week stopped ending in panic. What would you want to see before you trusted the spacing effect?"
F0291,TH014,F0273,S086,2,2026-09-20T09:03:09,"I agree with the earlier point about desirable difficulty, but I want to push on one piece. It looks like cramming buys performance today and borrows it from next month, though the evidence is not airtight. The first time I tried mixing problem types in a single set instead of blocking them it felt slow, but I noticed which topics kept slipping and could target them. I would want to know more before generalizing, since interleaving needs enough material to interleave in the first place. Does interleaving still help when the problem types look identical?"
F0292,TH014,F0255,S065,2,2026-09-20T08:00:00,"Thank you for naming what bothered me about the spacing effect. The reading argues that the optimal gap depends on how long you need to hold the material, and I think that is right. I spent two weeks putting review blocks in my calendar the way I schedule classes, and my week stopped ending in panic. Has anyone found a way to make spacing feel less pointless early on?"
F0293,TH012,F0230,S041,2,2026-09-17T08:00:00,"Adding a small counterexample to what has been said about the spacing effect. My takeaway is that interleaving feels worse during practice and better on the test. I spent two weeks mixing problem types in a single set instead of blocking them, and it felt inefficient and the quiz said otherwise. I am holding this loosely, because the studies rarely say what to do when the exam is in three days."
F0294,TH014,F0282,S074,2,2026-09-20T14:35:15,"I read that section on the spacing effect differently. The reading argues that our sense of how well we are learning is a poor guide to scheduling, and I think that is right. That said, the recommended gaps in the literature vary quite a lot. How would you explain retention interval to a first year student? This landed as advice for students who already have time."
F0295,TH014,F0264,S007,2,2026-09-20T16:37:01,"I will take the other side on the lag effect, mostly to see what happens. The authors seem to be saying that spacing is less about willpower and more about calendar design. In a summer course that moved very fast I have been spreading my review over four short sessions instead of one long one, and the material felt less familiar each time and I retained more. I would want to know more before generalizing, since students working long hours cannot always choose their gaps."
F0296,TH010,F0256,S075,2,2026-09-17T19:49:23,"I agree with the earlier point about massed practice, but I want to push on one piece. If I followed the chapter, spacing wins even when total study time is held constant. I would want to know more before generalizing, since it is hard to separate spacing from simply studying more often. Does distributed practice look different in an online course?"
F0297,TH012,F0241,S113,2,2026-09-17T08:00:00,"I agree with the earlier point about massed practice, but I want to push on one piece. What seems clear to me is that spacing wins even when total study time is held constant. The first time I tried mixing problem types in a single set instead of blocking them it felt slow, but my week stopped ending in panic. Has anyone found a way to make spacing feel less pointless early on?"
F0298,TH014,F0272,S044,2,2026-09-20T12:26:00,"Thank you for naming what bothered me about distributed practice. I keep coming back to the idea that interleaving feels worse during practice and better on the test. During a summer course that moved very fast I ended up mixing problem types in a single set instead of blocking them, and the fourth pass took almost no time at all."
F0299,TH010,F0212,S064,2,2026-09-17T20:49:55,"I will take the other side on review scheduling, mostly to see what happens. The authors seem to be saying that spacing wins even when total study time is held constant. How would you even measure interleaving in a real classroom?"
F0300,TH012,F0239,S057,2,2026-09-17T08:00:00,"This thread is helping me see desirable difficulty more clearly. My takeaway is that cramming buys performance today and borrows it from next month. The first time I tried keeping a running list of topics due for another pass it felt slow, but my week stopped ending in panic. How far apart do your review sessions actually end up being?"
F0301,TH014,F0298,S118,2,2026-09-20T14:13:44,"I agree with the earlier point about desirable difficulty, but I want to push on one piece. The authors seem to be saying that spacing is less about willpower and more about calendar design. That said, it is hard to separate spacing from simply studying more often."
F0302,TH012,F0263,S017,2,2026-09-17T08:00:00,"Two people above have said something useful about review scheduling. Stated plainly, spacing is less about willpower and more about calendar design. Last week I tried revisiting week one material during week four, and it felt inefficient and the quiz said otherwise."
F0303,TH012,F0239,S043,2,2026-09-17T08:00:00,"I will take the other side on distributed practice, mostly to see what happens. The authors seem to be saying that spacing is less about willpower and more about calendar design. The first time I tried revisiting week one material during week four it felt slow, but I noticed which topics kept slipping and could target them. How would you explain retention interval to a first year student?"
F0304,TH014,F0243,S025,2,2026-09-19T18:34:38,"Building on the post above, I think the spacing effect is doing a lot of work here. It looks like spacing is less about willpower and more about calendar design, though the evidence is not airtight. Something similar happened in my licensure exam prep when I was scheduling a ten minute review the morning after each lecture, since I stopped rereading things I already knew cold. Does the spacing effect look different in an online course?"
F0305,TH014,F0264,S089,2,2026-09-20T19:25:16,"I want to sit with the point about interleaving for a second. I keep coming back to the idea that spacing wins even when total study time is held constant. Something similar happened in a research methods class when I was revisiting week one material during week four, since the fourth pass took almost no time at all. My hesitation is that interleaving needs enough material to interleave in the first place. Would you design a course around interleaving?"
F0306,TH014,F0294,S117,2,2026-09-20T21:24:51,"I will take the other side on review scheduling, mostly to see what happens. The strongest version of the argument is that our sense of how well we are learning is a poor guide to scheduling. It is worth remembering that the studies rarely say what to do when the exam is in three days. Has anyone found a way to make spacing feel less pointless early on? I am skeptical, and I am open to being talked out of it."
F0307,TH014,F0268,S107,2,2026-09-20T08:00:00,I am not sure I follow the argument about desirable difficulty yet. The part that convinced me is that spacing is less about willpower and more about calendar design. I kept waiting for the part about resources and it never came.
F0308,TH012,F0265,S097,2,2026-09-17T15:49:14,"This thread is helping me see desirable difficulty more clearly. I would say our sense of how well we are learning is a poor guide to scheduling, at least for the kind of material we work with. In my part time job schedule I have been mixing problem types in a single set instead of blocking them, and it felt inefficient and the quiz said otherwise. Is there a version of this that works for writing rather than problem sets?"
F0309,TH014,F0242,S063,2,2026-09-18T13:49:49,"I am not sure I follow the argument about retention interval yet. Stated plainly, interleaving feels worse during practice and better on the test. During my part time job schedule I ended up revisiting week one material during week four, and my week stopped ending in panic. I would want to know more before generalizing, since students working long hours cannot always choose their gaps."
F0310,TH012,F0241,S105,2,2026-09-17T08:00:00,"I am not sure I follow the argument about the spacing effect yet. If I followed the chapter, cramming buys performance today and borrows it from next month."
F0311,TH014,F0262,S100,2,2026-09-20T20:20:40,"I will take the other side on retention interval, mostly to see what happens. The reading argues that spacing wins even when total study time is held constant, and I think that is right. I gave revisiting week one material during week four an honest try, and I noticed which topics kept slipping and could target them. I am holding this loosely, because spacing assumes you have control over your own schedule."
F0312,TH010,F0235,S064,2,2026-09-19T08:00:00,"Building on the post above, I think interleaving is doing a lot of work here. Stated plainly, spacing is less about willpower and more about calendar design. I am holding this loosely, because students working long hours cannot always choose their gaps."
F0313,TH014,F0237,S076,2,2026-09-20T08:00:00,"I agree with the earlier point about review scheduling, but I want to push on one piece. The part that convinced me is that spacing wins even when total study time is held constant. What do you do when the schedule collapses in a heavy week? I kept waiting for the part about resources and it never came."
F0314,TH014,F0298,S005,2,2026-09-20T17:48:13,"Thank you for naming what bothered me about the spacing effect. It looks like cramming buys performance today and borrows it from next month, though the evidence is not airtight. When I started mixing problem types in a single set instead of blocking them, my week stopped ending in panic."
F0315,TH012,F0225,S006,2,2026-09-16T21:29:48,"I had the opposite reaction to the claim about review scheduling. I keep coming back to the idea that interleaving feels worse during practice and better on the test. The first time I tried revisiting week one material during week four it felt slow, but I noticed which topics kept slipping and could target them. I would want to know more before generalizing, since the studies rarely say what to do when the exam is in three days. Has anyone found a way to make spacing feel less pointless early on?"
F0316,TH010,F0250,S081,2,2026-09-18T08:00:00,"Building on the post above, I think massed practice is doing a lot of work here. It looks like cramming buys performance today and borrows it from next month, though the evidence is not airtight. When I started revisiting week one material during week four, it felt inefficient and the quiz said otherwise. How would you even measure review scheduling in a real classroom?"
F0317,TH014,F0242,S055,2,2026-09-18T15:20:27,"I agree with the earlier point about distributed practice, but I want to push on one piece. The part that convinced me is that the optimal gap depends on how long you need to hold the material. During a course with weekly quizzes I ended up revisiting week one material during week four, and the material felt less familiar each time and I retained more."
F0318,TH014,F0306,S093,2,2026-09-20T21:35:59,"This thread is helping me see desirable difficulty more clearly. Stated plainly, the optimal gap depends on how long you need to hold the material. When I started keeping a running list of topics due for another pass, my week stopped ending in panic. The caveat for me is that spacing assumes you have control over your own schedule. Does interleaving still help when the problem types look identical?"
F0319,TH014,F0314,S029,2,2026-09-20T21:18:52,"I am not sure I follow the argument about distributed practice yet. What seems clear to me is that interleaving feels worse during practice and better on the test. I spent two weeks scheduling a ten minute review the morning after each lecture, and my week stopped ending in panic. One limit worth naming is that spacing assumes you have control over your own schedule."
F0320,TH012,F0266,S087,2,2026-09-17T07:54:02,"Adding a small counterexample to what has been said about review scheduling. My takeaway is that cramming buys performance today and borrows it from next month. I am holding this loosely, because spacing assumes you have control over your own schedule. What do you do when the schedule collapses in a heavy week? This felt disconnected from the students I actually work with."
F0321,TH010,F0283,S057,2,2026-09-18T13:12:19,"Adding a small counterexample to what has been said about desirable difficulty. The strongest version of the argument is that interleaving feels worse during practice and better on the test. When I started putting review blocks in my calendar the way I schedule classes, I stopped rereading things I already knew cold. My hesitation is that the recommended gaps in the literature vary quite a lot. This gave me language for something I had only felt."
F0322,TH014,F0242,S063,2,2026-09-18T18:35:14,"I read that section on desirable difficulty differently. It looks like our sense of how well we are learning is a poor guide to scheduling, though the evidence is not airtight. Last week I tried spreading my review over four short sessions instead of one long one, and I stopped rereading things I already knew cold. It is worth remembering that students working long hours cannot always choose their gaps. Do you space by topic or by course? The writing made a simple idea feel complicated."
F0323,TH012,F0209,S087,2,2026-09-16T09:32:19,"I will take the other side on distributed practice, mostly to see what happens. What seems clear to me is that interleaving feels worse during practice and better on the test. In a course with weekly quizzes I have been mixing problem types in a single set instead of blocking them, and I stopped rereading things I already knew cold. One limit worth naming is that spacing assumes you have control over your own schedule. This felt disconnected from the students I actually work with."
F0324,TH014,F0252,S020,2,2026-09-19T17:40:16,"I agree with the earlier point about desirable difficulty, but I want to push on one piece. I keep coming back to the idea that cramming buys performance today and borrows it from next month. Something similar happened in my licensure exam prep when I was scheduling a ten minute review the morning after each lecture, since it felt inefficient and the quiz said otherwise. Where I get stuck is that spacing assumes you have control over your own schedule. What would change your mind about interleaving? I found this reading frustrating and a little discouraging."
F0325,TH010,F0277,S038,2,2026-09-18T14:55:22,"I agree with the earlier point about interleaving, but I want to push on one piece. The reading argues that spacing wins even when total study time is held constant, and I think that is right. I gave putting review blocks in my calendar the way I schedule classes an honest try, and it felt inefficient and the quiz said otherwise. What would you want to see before you trusted review scheduling?"
F0326,TH014,F0228,S056,2,2026-09-20T08:00:00,"Building on the post above, I think retention interval is doing a lot of work here. What seems clear to me is that cramming buys performance today and borrows it from next month. Where I get stuck is that interleaving needs enough material to interleave in the first place. I finished this a little annoyed, which may be my own week talking."
F0327,TH014,F0311,S083,2,2026-09-20T21:35:14,"I want to sit with the point about distributed practice for a second. It looks like the optimal gap depends on how long you need to hold the material, though the evidence is not airtight. I gave spreading my review over four short sessions instead of one long one an honest try, and the fourth pass took almost no time at all. The caveat for me is that interleaving needs enough material to interleave in the first place."
F0328,TH014,F0291,S119,2,2026-09-20T15:29:12,"I read that section on interleaving differently. The authors seem to be saying that spacing wins even when total study time is held constant. The first time I tried spreading my review over four short sessions instead of one long one it felt slow, but the fourth pass took almost no time at all. Is there a version of this that works for writing rather than problem sets?"
F0329,TH014,F0319,S002,2,2026-09-20T21:35:59,"Thank you for naming what bothered me about interleaving. What seems clear to me is that our sense of how well we are learning is a poor guide to scheduling. I gave putting review blocks in my calendar the way I schedule classes an honest try, and I noticed which topics kept slipping and could target them. Has anyone found a way to make spacing feel less pointless early on? I appreciated how concrete the examples were."
F0330,TH014,F0329,S039,2,2026-09-20T21:36:00,"Yes to all of this, and I want to add one thing about the lag effect. Stated plainly, spacing wins even when total study time is held constant. One limit worth naming is that spacing assumes you have control over your own schedule. Does desirable difficulty look different in an online course?"
F0331,TH014,F0298,S039,2,2026-09-20T17:36:27,"Yes to all of this, and I want to add one thing about the spacing effect. I would say the optimal gap depends on how long you need to hold the material, at least for the kind of material we work with. I would want to know more before generalizing, since interleaving needs enough material to interleave in the first place. I finished this a little annoyed, which may be my own week talking."
F0332,TH014,F0292,S039,2,2026-09-20T12:51:57,"I am not sure I follow the argument about interleaving yet. The part that convinced me is that cramming buys performance today and borrows it from next month. I tested this on myself by spreading my review over four short sessions instead of one long one, and I stopped rereading things I already knew cold. I liked that the authors admitted what they could not explain."
F0333,TH013,F0200,S069,2,2026-09-16T08:00:00,"This thread is helping me see the spacing effect more clearly. If I followed the chapter, spacing wins even when total study time is held constant. Last week I tried putting review blocks in my calendar the way I schedule classes, and the material felt less familiar each time and I retained more."
F0334,TH012,F0215,S012,2,2026-09-16T08:00:00,"Adding a small counterexample to what has been said about distributed practice. The reading argues that the optimal gap depends on how long you need to hold the material, and I think that is right. I gave scheduling a ten minute review the morning after each lecture an honest try, and the fourth pass took almost no time at all. The caveat for me is that interleaving needs enough material to interleave in the first place."
F0335,TH010,F0212,S117,2,2026-09-18T08:00:00,"Adding a small counterexample to what has been said about the lag effect. The part that convinced me is that cramming buys performance today and borrows it from next month. Something similar happened in a research methods class when I was scheduling a ten minute review the morning after each lecture, since it felt inefficient and the quiz said otherwise. What would you want to see before you trusted distributed practice?"
F0336,TH014,F0286,S076,2,2026-09-20T21:32:55,"I agree with the earlier point about desirable difficulty, but I want to push on one piece. The part that convinced me is that our sense of how well we are learning is a poor guide to scheduling."
F0337,TH014,F0306,S057,2,2026-09-20T21:35:59,"This thread is helping me see desirable difficulty more clearly. The authors seem to be saying that spacing wins even when total study time is held constant. Something similar happened in a research methods class when I was mixing problem types in a single set instead of blocking them, since my week stopped ending in panic. What would change your mind about distributed practice?"
F0338,TH014,F0336,S089,2,2026-09-20T21:35:59,"Thank you for naming what bothered me about desirable difficulty. If I followed the chapter, spacing is less about willpower and more about calendar design. The first time I tried scheduling a ten minute review the morning after each lecture it felt slow, but I noticed which topics kept slipping and could target them. Does interleaving still help when the problem types look identical?"
F0339,TH014,F0226,S025,2,2026-09-19T15:14:14,"I want to sit with the point about the spacing effect for a second. The part that convinced me is that our sense of how well we are learning is a poor guide to scheduling. I spent two weeks scheduling a ten minute review the morning after each lecture, and I stopped rereading things I already knew cold. Would you design a course around desirable difficulty?"
F0340,TH014,F0228,S100,2,2026-09-20T08:00:00,"I had the opposite reaction to the claim about desirable difficulty. The strongest version of the argument is that interleaving feels worse during practice and better on the test. I would want to know more before generalizing, since the recommended gaps in the literature vary quite a lot. I am worried we are asking students to fix a system problem."
F0341,TH014,F0268,S106,2,2026-09-20T08:00:00,"I will take the other side on the spacing effect, mostly to see what happens. The reading argues that spacing is less about willpower and more about calendar design, and I think that is right. I tested this on myself by keeping a running list of topics due for another pass, and I stopped rereading things I already knew cold. What would you want to see before you trusted desirable difficulty?"
F0342,TH014,F0306,S108,2,2026-09-20T21:35:59,"I read that section on massed practice differently. What seems clear to me is that spacing is less about willpower and more about calendar design. I tested this on myself by mixing problem types in a single set instead of blocking them, and my week stopped ending in panic. That said, spacing assumes you have control over your own schedule. Do you space by topic or by course?"
F0343,TH014,F0291,S058,2,2026-09-20T15:47:18,"I will take the other side on distributed practice, mostly to see what happens. The part that convinced me is that the optimal gap depends on how long you need to hold the material. During my licensure exam prep I ended up spreading my review over four short sessions instead of one long one, and the material felt less familiar each time and I retained more."
F0344,TH014,F0306,S081,2,2026-09-20T21:35:59,"I want to sit with the point about retention interval for a second. The reading argues that spacing wins even when total study time is held constant, and I think that is right. Where I get stuck is that it is hard to separate spacing from simply studying more often."
F0345,TH012,F0266,S087,2,2026-09-17T08:00:00,"Coming back to an earlier comment on desirable difficulty. It looks like cramming buys performance today and borrows it from next month, though the evidence is not airtight. I appreciated how concrete the examples were."
F0346,TH014,F0307,S074,2,2026-09-20T15:17:11,"I am not sure I follow the argument about retention interval yet. I would say the optimal gap depends on how long you need to hold the material, at least for the kind of material we work with. In a research methods class I have been mixing problem types in a single set instead of blocking them, and the material felt less familiar each time and I retained more. I have already sent this one to a colleague."
F0347,TH014,F0274,S046,2,2026-09-19T20:35:38,"I read that section on the lag effect differently. The reading argues that interleaving feels worse during practice and better on the test, and I think that is right. When I started spreading my review over four short sessions instead of one long one, I noticed which topics kept slipping and could target them. I am holding this loosely, because the recommended gaps in the literature vary quite a lot."
F0348,TH012,F0280,S087,2,2026-09-18T08:00:00,"This framing of the lag effect lines up with my own experience. What seems clear to me is that the optimal gap depends on how long you need to hold the material. Last week I tried keeping a running list of topics due for another pass, and I noticed which topics kept slipping and could target them."
F0349,TH014,F0295,S055,2,2026-09-20T21:34:41,"Two people above have said something useful about massed practice. I keep coming back to the idea that cramming buys performance today and borrows it from next month. The first time I tried scheduling a ten minute review the morning after each lecture it felt slow, but the fourth pass took almost no time at all."
F0350,TH014,F0326,S083,2,2026-09-20T10:25:26,"Two people above have said something useful about massed practice. What seems clear to me is that our sense of how well we are learning is a poor guide to scheduling. During a summer course that moved very fast I ended up spreading my review over four short sessions instead of one long one, and it felt inefficient and the quiz said otherwise. Where I get stuck is that it is hard to separate spacing from simply studying more often."
F0351,TH014,F0314,S039,2,2026-09-20T18:47:44,"I agree with the earlier point about review scheduling, but I want to push on one piece. The authors seem to be saying that spacing is less about willpower and more about calendar design. The first time I tried keeping a running list of topics due for another pass it felt slow, but I stopped rereading things I already knew cold. How would you explain interleaving to a first year student?"
F0352,TH014,F0330,S002,2,2026-09-20T21:36:01,"Building on the post above, I think interleaving is doing a lot of work here. The authors seem to be saying that our sense of how well we are learning is a poor guide to scheduling. The first time I tried spreading my review over four short sessions instead of one long one it felt slow, but it felt inefficient and the quiz said otherwise. Where does interleaving break down in your experience?"
F0353,TH010,F0325,S088,2,2026-09-18T23:10:02,"Building on the post above, I think massed practice is doing a lot of work here. The part that convinced me is that interleaving feels worse during practice and better on the test."
F0354,TH014,F0276,S037,2,2026-09-20T20:19:56,"I agree with the earlier point about the spacing effect, but I want to push on one piece. What seems clear to me is that cramming buys performance today and borrows it from next month. Last week I tried mixing problem types in a single set instead of blocking them, and the material felt less familiar each time and I retained more. Where I get stuck is that it is hard to separate spacing from simply studying more often. Does interleaving still help when the problem types look identical?"
F0355,TH014,F0350,S063,2,2026-09-20T19:15:20,"I read that section on desirable difficulty differently. What I did not expect was the claim that the optimal gap depends on how long you need to hold the material. Something similar happened in my part time job schedule when I was keeping a running list of topics due for another pass, since I noticed which topics kept slipping and could target them. How far apart do your review sessions actually end up being?"
F0356,TH014,F0260,S051,2,2026-09-20T08:50:27,"I want to sit with the point about massed practice for a second. The strongest version of the argument is that the optimal gap depends on how long you need to hold the material. How would you explain distributed practice to a first year student? This one actually changed something about my week, which is rare."
F0357,TH014,F0350,S063,2,2026-09-20T20:08:47,"I am not sure I follow the argument about retention interval yet. The strongest version of the argument is that interleaving feels worse during practice and better on the test. The first time I tried keeping a running list of topics due for another pass it felt slow, but the fourth pass took almost no time at all. What do you do when the schedule collapses in a heavy week? I am struggling to see how any of this survives a real classroom."
F0358,TH014,F0330,S044,2,2026-09-20T21:36:01,"I am not sure I follow the argument about the lag effect yet. The part that convinced me is that cramming buys performance today and borrows it from next month. When I started mixing problem types in a single set instead of blocking them, I noticed which topics kept slipping and could target them. Where I get stuck is that the recommended gaps in the literature vary quite a lot. Is there a version of this that works for writing rather than problem sets?"
F0359,TH014,F0276,S055,2,2026-09-20T21:12:07,"This framing of retention interval lines up with my own experience. It looks like the optimal gap depends on how long you need to hold the material, though the evidence is not airtight. When I started putting review blocks in my calendar the way I schedule classes, the fourth pass took almost no time at all. My hesitation is that spacing assumes you have control over your own schedule."
F0360,TH014,F0311,S072,2,2026-09-20T21:32:24,"Two people above have said something useful about retention interval. What seems clear to me is that spacing is less about willpower and more about calendar design. In a summer course that moved very fast I have been spreading my review over four short sessions instead of one long one, and it felt inefficient and the quiz said otherwise. I would want to know more before generalizing, since the recommended gaps in the literature vary quite a lot. Does interleaving still help when the problem types look identical?"
F0361,TH014,F0301,S058,2,2026-09-20T20:56:05,"Two people above have said something useful about retention interval. Stated plainly, the optimal gap depends on how long you need to hold the material."
F0362,TH014,F0344,S106,2,2026-09-20T21:36:00,"I am not sure I follow the argument about desirable difficulty yet. The authors seem to be saying that the optimal gap depends on how long you need to hold the material. I tested this on myself by putting review blocks in my calendar the way I schedule classes, and I stopped rereading things I already knew cold. I am holding this loosely, because the recommended gaps in the literature vary quite a lot. Who benefits when we take interleaving seriously, and who does not?"
F0363,TH014,F0354,S098,2,2026-09-20T21:29:11,"This thread is helping me see the lag effect more clearly. I keep coming back to the idea that interleaving feels worse during practice and better on the test. During the two courses I am taking back to back I ended up mixing problem types in a single set instead of blocking them, and the material felt less familiar each time and I retained more. Where I get stuck is that it is hard to separate spacing from simply studying more often. Thanks to whoever picked this reading."
F0364,TH014,F0311,S076,2,2026-09-20T21:35:26,"Two people above have said something useful about massed practice. The reading argues that our sense of how well we are learning is a poor guide to scheduling, and I think that is right. Last week I tried scheduling a ten minute review the morning after each lecture, and the fourth pass took almost no time at all. What do you do when the schedule collapses in a heavy week?"
F0365,TH010,F0285,S092,2,2026-09-18T17:30:49,"Coming back to an earlier comment on massed practice. What seems clear to me is that cramming buys performance today and borrows it from next month. I spent two weeks keeping a running list of topics due for another pass, and I noticed which topics kept slipping and could target them."
F0366,TH014,F0358,S058,2,2026-09-20T21:36:02,"I will take the other side on retention interval, mostly to see what happens. If I followed the chapter, our sense of how well we are learning is a poor guide to scheduling. The first time I tried spreading my review over four short sessions instead of one long one it felt slow, but I noticed which topics kept slipping and could target them. What do you do when the schedule collapses in a heavy week?"
F0367,TH012,F0315,S026,2,2026-09-16T22:59:55,"I want to sit with the point about the lag effect for a second. Stated plainly, our sense of how well we are learning is a poor guide to scheduling. It is worth remembering that students working long hours cannot always choose their gaps. How far apart do your review sessions actually end up being?"
F0368,TH010,F0250,S106,2,2026-09-18T08:00:00,"Adding a small counterexample to what has been said about retention interval. I would say cramming buys performance today and borrows it from next month, at least for the kind of material we work with."
F0369,TH014,F0328,S112,2,2026-09-20T19:00:00,"Building on the post above, I think review scheduling is doing a lot of work here. The authors seem to be saying that spacing wins even when total study time is held constant. Last week I tried revisiting week one material during week four, and I stopped rereading things I already knew cold."
F0370,TH014,F0358,S085,2,2026-09-20T21:36:02,"I am not sure I follow the argument about desirable difficulty yet. It looks like our sense of how well we are learning is a poor guide to scheduling, though the evidence is not airtight. Something similar happened in a summer course that moved very fast when I was mixing problem types in a single set instead of blocking them, since I stopped rereading things I already knew cold. How would you even measure the lag effect in a real classroom?"
F0371,TH014,F0298,S105,2,2026-09-20T17:12:59,"This thread is helping me see desirable difficulty more clearly. What I did not expect was the claim that spacing is less about willpower and more about calendar design. I gave putting review blocks in my calendar the way I schedule classes an honest try, and my week stopped ending in panic. I would want to know more before generalizing, since the studies rarely say what to do when the exam is in three days."
F0372,TH014,F0366,S039,2,2026-09-20T21:36:03,"Building on the post above, I think massed practice is doing a lot of work here. The authors seem to be saying that the optimal gap depends on how long you need to hold the material. I gave revisiting week one material during week four an honest try, and the fourth pass took almost no time at all. Who benefits when we take desirable difficulty seriously, and who does not?"
F0373,TH014,F0329,S054,2,2026-09-20T21:36:00,"Building on the post above, I think retention interval is doing a lot of work here. My takeaway is that spacing wins even when total study time is held constant. I tested this on myself by putting review blocks in my calendar the way I schedule classes, and it felt inefficient and the quiz said otherwise."
F0374,TH009,F0196,S093,2,2026-09-17T09:48:49,I am not sure I follow the argument about distributed practice yet. The strongest version of the argument is that cramming buys performance today and borrows it from next month. Does interleaving still help when the problem types look identical?
F0375,TH014,F0268,S038,2,2026-09-20T08:00:00,"I will take the other side on retention interval, mostly to see what happens. I keep coming back to the idea that spacing wins even when total study time is held constant. In a research methods class I have been revisiting week one material during week four, and I noticed which topics kept slipping and could target them. That said, the studies rarely say what to do when the exam is in three days. Would you design a course around distributed practice?"
F0376,TH014,F0258,S068,2,2026-09-20T16:36:06,Adding a small counterexample to what has been said about retention interval. The part that convinced me is that the optimal gap depends on how long you need to hold the material. The caveat for me is that the studies rarely say what to do when the exam is in three days.
F0377,TH014,F0318,S057,2,2026-09-20T21:36:00,"This framing of retention interval lines up with my own experience. The authors seem to be saying that spacing wins even when total study time is held constant. I gave spreading my review over four short sessions instead of one long one an honest try, and I noticed which topics kept slipping and could target them. What would you want to see before you trusted distributed practice?"
F0378,TH014,F0354,S007,2,2026-09-20T21:24:07,"Two people above have said something useful about desirable difficulty. It looks like our sense of how well we are learning is a poor guide to scheduling, though the evidence is not airtight. When I started revisiting week one material during week four, my week stopped ending in panic. What do you do when the schedule collapses in a heavy week? This one actually changed something about my week, which is rare."
F0379,TH014,F0346,S093,2,2026-09-20T19:13:12,"I agree with the earlier point about massed practice, but I want to push on one piece. I keep coming back to the idea that our sense of how well we are learning is a poor guide to scheduling. I tested this on myself by putting review blocks in my calendar the way I schedule classes, and I stopped rereading things I already knew cold. Where does the lag effect break down in your experience?"
F0380,TH014,F0351,S115,2,2026-09-20T20:43:46,"This framing of distributed practice lines up with my own experience. What I did not expect was the claim that spacing wins even when total study time is held constant. I am holding this loosely, because interleaving needs enough material to interleave in the first place. This felt disconnected from the students I actually work with."
F0381,TH012,F0225,S006,2,2026-09-17T07:37:39,"Thank you for naming what bothered me about massed practice. If I followed the chapter, the optimal gap depends on how long you need to hold the material. I spent two weeks mixing problem types in a single set instead of blocking them, and my week stopped ending in panic. I am holding this loosely, because the recommended gaps in the literature vary quite a lot."
F0382,TH014,F0311,S065,2,2026-09-20T21:33:59,"Coming back to an earlier comment on desirable difficulty. My takeaway is that spacing is less about willpower and more about calendar design. Last week I tried scheduling a ten minute review the morning after each lecture, and I noticed which topics kept slipping and could target them. What do you do when the schedule collapses in a heavy week? This gave me language for something I had only felt."
F0383,TH014,F0304,S079,2,2026-09-20T08:00:00,"This framing of review scheduling lines up with my own experience. If I followed the chapter, spacing wins even when total study time is held constant. Something similar happened in my part time job schedule when I was spreading my review over four short sessions instead of one long one, since I noticed which topics kept slipping and could target them. Who benefits when we take review scheduling seriously, and who does not?"
F0384,TH014,F0264,S046,2,2026-09-20T21:12:32,"I read that section on distributed practice differently. What I did not expect was the claim that the optimal gap depends on how long you need to hold the material. Something similar happened in a summer course that moved very fast when I was putting review blocks in my calendar the way I schedule classes, since my week stopped ending in panic. What do you do when the schedule collapses in a heavy week?"
F0385,TH015,,S036,3,2026-09-23T11:28:33,"I came into this week fairly skeptical about the illusion of fluency. The authors seem to be saying that asking why after each paragraph changes what you notice. Last week I tried rating my confidence on each problem before looking at the answer, and the log made my avoidance patterns embarrassingly visible."
F0386,TH016,,S095,3,2026-09-22T15:15:39,"The part that convinced me is that good learners are not smarter so much as better calibrated. When I started predicting my quiz score before submitting and checking it after, the log made my avoidance patterns embarrassingly visible. I would want to know more before generalizing, since calibration studies usually use short retention intervals. What would change your mind about self explanation?"
F0387,TH017,,S039,3,2026-09-23T15:40:33,"I keep circling back to the discussion of monitoring and control. The part that convinced me is that reflection has to be specific enough to point at a next action. I tested this on myself by stopping every ten minutes to summarize without looking, and the reflection took two minutes and changed my next session. Where I get stuck is that calibration studies usually use short retention intervals."
F0388,TH018,,S038,3,2026-09-21T20:14:11,"Something about judgments of learning has been nagging at me all week. Stated plainly, fluency during reading gets mistaken for knowing the material. The caveat for me is that self report is exactly the measure we are trying to improve. What would change your mind about the study plan nobody follows? I found this reading frustrating and a little discouraging."
F0389,TH019,,S102,3,2026-09-22T16:42:59,The authors seem to be saying that asking why after each paragraph changes what you notice. Where does self explanation break down in your experience?
F0390,TH020,,S095,3,2026-09-22T16:46:03,"Something about self explanation has been nagging at me all week. Stated plainly, good learners are not smarter so much as better calibrated. How accurate are your own predictions of your performance?"
F0391,TH021,,S021,3,2026-09-22T09:49:20,"If I followed the chapter, we are confident about exactly the things we have not learned. During the statistics unit I ended up writing one sentence about what confused me at the end of each session, and the log made my avoidance patterns embarrassingly visible."
F0392,TH022,,S039,3,2026-09-23T11:51:44,"Quick question for the group about overconfidence in familiar material. I keep coming back to the idea that monitoring is worthless if it never changes what you do next. I spent two weeks asking myself why a step works before moving on, and the log made my avoidance patterns embarrassingly visible."
F0393,TH019,F0389,S051,3,2026-09-23T10:29:40,"Building on the post above, I think the illusion of fluency is doing a lot of work here. I keep coming back to the idea that asking why after each paragraph changes what you notice. I spent two weeks keeping a short log of what I planned and what I actually did, and the log made my avoidance patterns embarrassingly visible. I am holding this loosely, because self report is exactly the measure we are trying to improve."
F0394,TH020,F0390,S023,3,2026-09-22T21:32:53,"Building on the post above, I think judgments of learning is doing a lot of work here. The part that convinced me is that we are confident about exactly the things we have not learned. I tested this on myself by predicting my quiz score before submitting and checking it after, and the log made my avoidance patterns embarrassingly visible. It is worth remembering that the effect could be a byproduct of spending more time overall."
F0395,TH018,F0388,S093,3,2026-09-21T21:44:29,"Two people above have said something useful about self explanation. If I followed the chapter, monitoring is worthless if it never changes what you do next. Would you design a course around judgments of learning?"
F0396,TH019,F0393,S072,3,2026-09-23T21:46:33,"I had the opposite reaction to the claim about monitoring and control. The authors seem to be saying that fluency during reading gets mistaken for knowing the material. I gave rating my confidence on each problem before looking at the answer an honest try, and the reflection took two minutes and changed my next session. How accurate are your own predictions of your performance? I finished this feeling more hopeful than I expected."
F0397,TH015,F0385,S087,3,2026-09-23T15:19:35,"Thank you for naming what bothered me about overconfidence in familiar material. My takeaway is that reflection has to be specific enough to point at a next action. When I started writing one sentence about what confused me at the end of each session, the reflection took two minutes and changed my next session."
F0398,TH016,F0386,S077,3,2026-09-22T17:52:47,I want to sit with the point about calibration for a second. What I did not expect was the claim that good learners are not smarter so much as better calibrated. Should reflection be graded at all?
F0399,TH017,F0387,S006,3,2026-09-23T18:18:20,"I want to sit with the point about overconfidence in familiar material for a second. It looks like monitoring is worthless if it never changes what you do next, though the evidence is not airtight."
F0400,TH022,F0392,S045,3,2026-09-23T22:04:01,"I will take the other side on planning and reflection, mostly to see what happens. The authors seem to be saying that fluency during reading gets mistaken for knowing the material. How do you tell useful confusion from unproductive confusion? I finished this a little annoyed, which may be my own week talking."
F0401,TH015,F0385,S112,3,2026-09-23T11:33:42,"I will take the other side on monitoring and control, mostly to see what happens. What I did not expect was the claim that we are confident about exactly the things we have not learned. When I started writing one sentence about what confused me at the end of each session, my confidence ratings slowly became more accurate. How do you tell useful confusion from unproductive confusion?"
F0402,TH015,F0397,S039,3,2026-09-24T08:00:00,"Two people above have said something useful about planning and reflection. What I did not expect was the claim that we are confident about exactly the things we have not learned. When I started predicting my quiz score before submitting and checking it after, I started catching confusion earlier instead of at the exam. I would want to know more before generalizing, since some of this may just be conscientiousness under another name."
F0403,TH015,F0402,S113,3,2026-09-24T12:15:02,"Building on the post above, I think judgments of learning is doing a lot of work here. My takeaway is that we are confident about exactly the things we have not learned. Would you design a course around the study plan nobody follows?"
F0404,TH019,F0393,S072,3,2026-09-24T21:40:14,"Coming back to an earlier comment on planning and reflection. My takeaway is that reflection has to be specific enough to point at a next action. Something similar happened in a coding class when I was writing one sentence about what confused me at the end of each session, since my confidence ratings slowly became more accurate. It is worth remembering that self report is exactly the measure we are trying to improve. Should reflection be graded at all?"
F0405,TH017,F0387,S101,3,2026-09-23T18:27:04,"I am not sure I follow the argument about the study plan nobody follows yet. What I did not expect was the claim that fluency during reading gets mistaken for knowing the material. During a course where I had no background I ended up stopping every ten minutes to summarize without looking, and my predictions were about eight points too generous every time. Where I get stuck is that it is unclear how much of this transfers across subjects."
F0406,TH019,F0404,S025,3,2026-09-25T08:00:00,"Coming back to an earlier comment on judgments of learning. The authors seem to be saying that we are confident about exactly the things we have not learned. I spent two weeks asking myself why a step works before moving on, and I found out I was confident and wrong in the same places. That said, reflection prompts get gamed once students know they are graded."
F0407,TH017,F0387,S101,3,2026-09-23T16:49:38,This thread is helping me see monitoring and control more clearly. What seems clear to me is that monitoring is worthless if it never changes what you do next. One limit worth naming is that calibration studies usually use short retention intervals. How accurate are your own predictions of your performance?
F0408,TH020,F0390,S092,3,2026-09-22T17:53:20,"This framing of planning and reflection lines up with my own experience. I keep coming back to the idea that reflection has to be specific enough to point at a next action. That said, self report is exactly the measure we are trying to improve. What would you want to see before you trusted calibration?"
F0409,TH015,F0385,S039,3,2026-09-23T17:01:45,"Yes to all of this, and I want to add one thing about calibration. The reading argues that reflection has to be specific enough to point at a next action, and I think that is right. I am holding this loosely, because calibration studies usually use short retention intervals. Can a dashboard support calibration or does it replace it?"
F0410,TH021,F0391,S057,3,2026-09-22T15:53:42,"Building on the post above, I think monitoring and control is doing a lot of work here. The part that convinced me is that fluency during reading gets mistaken for knowing the material. Where does the illusion of fluency break down in your experience? This one wore me out, to be honest."
F0411,TH015,F0385,S039,3,2026-09-23T23:56:54,"I read that section on the illusion of fluency differently. Stated plainly, monitoring is worthless if it never changes what you do next. Something similar happened in the statistics unit when I was keeping a short log of what I planned and what I actually did, since my confidence ratings slowly became more accurate. Can a dashboard support calibration or does it replace it? I finished this feeling more hopeful than I expected."
F0412,TH019,F0404,S060,3,2026-09-25T08:00:00,"This thread is helping me see monitoring and control more clearly. It looks like monitoring is worthless if it never changes what you do next, though the evidence is not airtight. The caveat for me is that the effect could be a byproduct of spending more time overall."
F0413,TH016,F0398,S027,3,2026-09-23T12:56:51,"I am not sure I follow the argument about calibration yet. I would say monitoring is worthless if it never changes what you do next, at least for the kind of material we work with. During my thesis writing I ended up keeping a short log of what I planned and what I actually did, and the log made my avoidance patterns embarrassingly visible. My hesitation is that the effect could be a byproduct of spending more time overall. How do you tell useful confusion from unproductive confusion? The sample felt too narrow for the size of the claim."
F0414,TH015,F0397,S103,3,2026-09-24T11:21:12,"I agree with the earlier point about judgments of learning, but I want to push on one piece. I would say fluency during reading gets mistaken for knowing the material, at least for the kind of material we work with. I gave rating my confidence on each problem before looking at the answer an honest try, and I started catching confusion earlier instead of at the exam. What is the smallest monitoring habit that has worked for you?"
F0415,TH015,F0411,S017,3,2026-09-24T08:00:00,"Thank you for naming what bothered me about monitoring and control. The authors seem to be saying that reflection has to be specific enough to point at a next action. Last week I tried stopping every ten minutes to summarize without looking, and the reflection took two minutes and changed my next session. Can a dashboard support calibration or does it replace it?"
F0416,TH019,F0393,S037,3,2026-09-23T22:03:54,"Coming back to an earlier comment on calibration. The strongest version of the argument is that fluency during reading gets mistaken for knowing the material. During a coding class I ended up predicting my quiz score before submitting and checking it after, and the reflection took two minutes and changed my next session. I am struggling to see how any of this survives a real classroom."
F0417,TH019,F0406,S046,3,2026-09-25T09:01:57,"This framing of the study plan nobody follows lines up with my own experience. I would say fluency during reading gets mistaken for knowing the material, at least for the kind of material we work with. Last week I tried writing one sentence about what confused me at the end of each session, and I started catching confusion earlier instead of at the exam."
F0418,TH019,F0417,S096,3,2026-09-25T13:58:34,"Adding a small counterexample to what has been said about overconfidence in familiar material. The authors seem to be saying that asking why after each paragraph changes what you notice. I would want to know more before generalizing, since self report is exactly the measure we are trying to improve. How would you even measure judgments of learning in a real classroom?"
F0419,TH019,F0406,S079,3,2026-09-25T11:31:32,"Coming back to an earlier comment on self explanation. My takeaway is that fluency during reading gets mistaken for knowing the material. I am holding this loosely, because reflection prompts get gamed once students know they are graded. Would you design a course around the illusion of fluency?"
F0420,TH019,F0404,S055,3,2026-09-25T16:30:58,"I agree with the earlier point about planning and reflection, but I want to push on one piece. The reading argues that fluency during reading gets mistaken for knowing the material, and I think that is right. Something similar happened in my thesis writing when I was writing one sentence about what confused me at the end of each session, since my predictions were about eight points too generous every time. It is worth remembering that reflection prompts get gamed once students know they are graded. How would you explain the illusion of fluency to a first year student?"
F0421,TH022,F0392,S112,3,2026-09-24T08:00:00,"I will take the other side on planning and reflection, mostly to see what happens. The reading argues that good learners are not smarter so much as better calibrated, and I think that is right. I gave predicting my quiz score before submitting and checking it after an honest try, and I found out I was confident and wrong in the same places. One limit worth naming is that self report is exactly the measure we are trying to improve."
F0422,TH017,F0399,S120,3,2026-09-24T08:00:00,"I am not sure I follow the argument about calibration yet. The reading argues that reflection has to be specific enough to point at a next action, and I think that is right. How would you even measure monitoring and control in a real classroom?"
F0423,TH017,F0399,S045,3,2026-09-24T08:00:00,"This thread is helping me see the illusion of fluency more clearly. What I did not expect was the claim that asking why after each paragraph changes what you notice. Last week I tried predicting my quiz score before submitting and checking it after, and I found out I was confident and wrong in the same places."
F0424,TH022,F0421,S118,3,2026-09-24T19:20:23,"I had the opposite reaction to the claim about overconfidence in familiar material. I would say fluency during reading gets mistaken for knowing the material, at least for the kind of material we work with. I gave writing one sentence about what confused me at the end of each session an honest try, and the log made my avoidance patterns embarrassingly visible. How would you even measure monitoring and control in a real classroom?"
F0425,TH019,F0406,S089,3,2026-09-26T08:00:00,"I will take the other side on overconfidence in familiar material, mostly to see what happens. It looks like we are confident about exactly the things we have not learned, though the evidence is not airtight. Last week I tried stopping every ten minutes to summarize without looking, and the log made my avoidance patterns embarrassingly visible."
F0426,TH017,F0387,S058,3,2026-09-24T13:14:40,"I read that section on calibration differently. If I followed the chapter, asking why after each paragraph changes what you notice. I gave rating my confidence on each problem before looking at the answer an honest try, and the reflection took two minutes and changed my next session. I am holding this loosely, because some of this may just be conscientiousness under another name. Who benefits when we take calibration seriously, and who does not? Great thread, everyone."
F0427,TH017,F0422,S012,3,2026-09-24T12:45:10,"I agree with the earlier point about the illusion of fluency, but I want to push on one piece. The authors seem to be saying that asking why after each paragraph changes what you notice. Something similar happened in a coding class when I was keeping a short log of what I planned and what I actually did, since my predictions were about eight points too generous every time. Should reflection be graded at all? This clarified something I had been confused about for years."
F0428,TH019,F0396,S056,3,2026-09-24T08:00:00,"Adding a small counterexample to what has been said about overconfidence in familiar material. I keep coming back to the idea that reflection has to be specific enough to point at a next action. When I started asking myself why a step works before moving on, the log made my avoidance patterns embarrassingly visible. What would change your mind about judgments of learning? I am worried we are asking students to fix a system problem."
F0429,TH019,F0417,S079,3,2026-09-25T17:22:54,"Coming back to an earlier comment on self explanation. Stated plainly, fluency during reading gets mistaken for knowing the material. I spent two weeks asking myself why a step works before moving on, and the log made my avoidance patterns embarrassingly visible. What would change your mind about judgments of learning? This felt disconnected from the students I actually work with."
F0430,TH017,F0423,S040,3,2026-09-24T15:22:20,"Yes to all of this, and I want to add one thing about judgments of learning. I keep coming back to the idea that we are confident about exactly the things we have not learned. During a lab section with weekly reports I ended up stopping every ten minutes to summarize without looking, and I found out I was confident and wrong in the same places. This one actually changed something about my week, which is rare."
F0431,TH018,F0388,S057,3,2026-09-22T08:00:00,"Yes to all of this, and I want to add one thing about the study plan nobody follows. If I followed the chapter, we are confident about exactly the things we have not learned. One limit worth naming is that reflection prompts get gamed once students know they are graded."
F0432,TH015,F0414,S002,3,2026-09-24T16:24:37,"Adding a small counterexample to what has been said about the study plan nobody follows. It looks like reflection has to be specific enough to point at a next action, though the evidence is not airtight. Something similar happened in the statistics unit when I was stopping every ten minutes to summarize without looking, since the log made my avoidance patterns embarrassingly visible. Would you design a course around judgments of learning?"
F0433,TH017,F0423,S120,3,2026-09-25T09:25:16,"Coming back to an earlier comment on the illusion of fluency. The part that convinced me is that monitoring is worthless if it never changes what you do next. I spent two weeks keeping a short log of what I planned and what I actually did, and I found out I was confident and wrong in the same places."
F0434,TH016,F0386,S077,3,2026-09-23T08:00:00,"Yes to all of this, and I want to add one thing about overconfidence in familiar material. The part that convinced me is that we are confident about exactly the things we have not learned. Last week I tried asking myself why a step works before moving on, and my confidence ratings slowly became more accurate. This is probably context dependent, given that self report is exactly the measure we are trying to improve. How would you even measure planning and reflection in a real classroom?"
F0435,TH022,F0421,S017,3,2026-09-25T15:06:37,"Two people above have said something useful about judgments of learning. What I did not expect was the claim that good learners are not smarter so much as better calibrated. I gave writing one sentence about what confused me at the end of each session an honest try, and my confidence ratings slowly became more accurate."
F0436,TH021,F0391,S057,3,2026-09-22T18:10:07,"I had the opposite reaction to the claim about the illusion of fluency. I keep coming back to the idea that monitoring is worthless if it never changes what you do next. Something similar happened in the statistics unit when I was predicting my quiz score before submitting and checking it after, since the log made my avoidance patterns embarrassingly visible. Does reflection help if nobody ever reads it?"
F0437,TH022,F0435,S084,3,2026-09-25T21:42:44,"Coming back to an earlier comment on self explanation. Stated plainly, monitoring is worthless if it never changes what you do next. During the statistics unit I ended up rating my confidence on each problem before looking at the answer, and the reflection took two minutes and changed my next session."
F0438,TH022,F0400,S085,3,2026-09-24T08:00:00,"Two people above have said something useful about judgments of learning. What I did not expect was the claim that monitoring is worthless if it never changes what you do next. I tested this on myself by predicting my quiz score before submitting and checking it after, and I found out I was confident and wrong in the same places. Should reflection be graded at all?"
F0439,TH015,F0402,S102,3,2026-09-24T11:26:26,"I will take the other side on the study plan nobody follows, mostly to see what happens. It looks like asking why after each paragraph changes what you notice, though the evidence is not airtight. The first time I tried predicting my quiz score before submitting and checking it after it felt slow, but the log made my avoidance patterns embarrassingly visible. Where I get stuck is that self report is exactly the measure we are trying to improve. Where does planning and reflection break down in your experience? The sample felt too narrow for the size of the claim."
F0440,TH022,F0438,S040,3,2026-09-24T08:24:51,"Thank you for naming what bothered me about self explanation. The reading argues that reflection has to be specific enough to point at a next action, and I think that is right. When I started asking myself why a step works before moving on, my predictions were about eight points too generous every time. One limit worth naming is that it is unclear how much of this transfers across subjects."
F0441,TH022,F0424,S113,3,2026-09-24T20:10:09,"I want to sit with the point about judgments of learning for a second. The strongest version of the argument is that good learners are not smarter so much as better calibrated. I tested this on myself by writing one sentence about what confused me at the end of each session, and I found out I was confident and wrong in the same places. Would you design a course around judgments of learning?"
F0442,TH016,F0413,S074,3,2026-09-23T20:07:27,"I am not sure I follow the argument about calibration yet. What I did not expect was the claim that we are confident about exactly the things we have not learned. The first time I tried writing one sentence about what confused me at the end of each session it felt slow, but I started catching confusion earlier instead of at the exam. It is worth remembering that reflection prompts get gamed once students know they are graded. Who benefits when we take planning and reflection seriously, and who does not?"
F0443,TH022,F0437,S067,3,2026-09-25T23:03:20,"I will take the other side on self explanation, mostly to see what happens. It looks like monitoring is worthless if it never changes what you do next, though the evidence is not airtight. During a lab section with weekly reports I ended up predicting my quiz score before submitting and checking it after, and my confidence ratings slowly became more accurate. The caveat for me is that the effect could be a byproduct of spending more time overall."
F0444,TH015,F0402,S040,3,2026-09-24T21:55:11,"I want to sit with the point about judgments of learning for a second. Stated plainly, good learners are not smarter so much as better calibrated. When I started asking myself why a step works before moving on, I found out I was confident and wrong in the same places. This is probably context dependent, given that some of this may just be conscientiousness under another name. The writing made a simple idea feel complicated."
F0445,TH019,F0396,S060,3,2026-09-24T08:00:00,"I will take the other side on the illusion of fluency, mostly to see what happens. I would say asking why after each paragraph changes what you notice, at least for the kind of material we work with. I spent two weeks keeping a short log of what I planned and what I actually did, and my confidence ratings slowly became more accurate. Who benefits when we take the illusion of fluency seriously, and who does not?"
F0446,TH016,F0386,S114,3,2026-09-23T15:43:17,"I had the opposite reaction to the claim about the illusion of fluency. The part that convinced me is that monitoring is worthless if it never changes what you do next. In the statistics unit I have been rating my confidence on each problem before looking at the answer, and I found out I was confident and wrong in the same places. Should reflection be graded at all?"
F0447,TH017,F0399,S082,3,2026-09-24T09:37:49,"Coming back to an earlier comment on monitoring and control. The reading argues that fluency during reading gets mistaken for knowing the material, and I think that is right. What would you want to see before you trusted the illusion of fluency?"
F0448,TH015,F0439,S039,3,2026-09-24T16:50:43,"I had the opposite reaction to the claim about overconfidence in familiar material. I would say good learners are not smarter so much as better calibrated, at least for the kind of material we work with. In a course where I had no background I have been writing one sentence about what confused me at the end of each session, and I started catching confusion earlier instead of at the exam. Where I get stuck is that calibration studies usually use short retention intervals."
F0449,TH021,F0436,S030,3,2026-09-23T08:00:00,"Adding a small counterexample to what has been said about overconfidence in familiar material. Stated plainly, we are confident about exactly the things we have not learned. I appreciated how concrete the examples were."
F0450,TH016,F0398,S088,3,2026-09-22T18:49:27,"I am not sure I follow the argument about planning and reflection yet. The authors seem to be saying that reflection has to be specific enough to point at a next action. Something similar happened in a coding class when I was asking myself why a step works before moving on, since I started catching confusion earlier instead of at the exam. I am holding this loosely, because some of this may just be conscientiousness under another name."
F0451,TH015,F0432,S084,3,2026-09-24T22:42:58,"Yes to all of this, and I want to add one thing about calibration. Stated plainly, monitoring is worthless if it never changes what you do next. When I started rating my confidence on each problem before looking at the answer, my confidence ratings slowly became more accurate."
F0452,TH019,F0425,S046,3,2026-09-26T09:49:50,"Two people above have said something useful about calibration. What seems clear to me is that we are confident about exactly the things we have not learned. Something similar happened in a lab section with weekly reports when I was rating my confidence on each problem before looking at the answer, since I started catching confusion earlier instead of at the exam."
F0453,TH016,F0386,S093,3,2026-09-23T08:00:00,"I will take the other side on the study plan nobody follows, mostly to see what happens. The reading argues that good learners are not smarter so much as better calibrated, and I think that is right."
F0454,TH015,F0401,S109,3,2026-09-23T13:44:51,"Two people above have said something useful about calibration. The authors seem to be saying that we are confident about exactly the things we have not learned. I gave keeping a short log of what I planned and what I actually did an honest try, and the log made my avoidance patterns embarrassingly visible. My hesitation is that some of this may just be conscientiousness under another name. What is the smallest monitoring habit that has worked for you?"
F0455,TH015,F0414,S012,3,2026-09-24T13:49:57,"This thread is helping me see the illusion of fluency more clearly. The strongest version of the argument is that we are confident about exactly the things we have not learned. I spent two weeks predicting my quiz score before submitting and checking it after, and I found out I was confident and wrong in the same places."
F0456,TH016,F0386,S092,3,2026-09-22T20:48:51,"Two people above have said something useful about planning and reflection. The part that convinced me is that reflection has to be specific enough to point at a next action. When I started writing one sentence about what confused me at the end of each session, my predictions were about eight points too generous every time. Can a dashboard support calibration or does it replace it? I am skeptical, and I am open to being talked out of it."
F0457,TH015,F0401,S041,3,2026-09-23T19:43:06,"I agree with the earlier point about overconfidence in familiar material, but I want to push on one piece. It looks like reflection has to be specific enough to point at a next action, though the evidence is not airtight. How accurate are your own predictions of your performance?"
F0458,TH022,F0441,S045,3,2026-09-25T13:54:03,"Adding a small counterexample to what has been said about planning and reflection. The reading argues that good learners are not smarter so much as better calibrated, and I think that is right. Where I get stuck is that it is unclear how much of this transfers across subjects. Great thread, everyone."
F0459,TH015,F0432,S039,3,2026-09-25T08:00:00,"Yes to all of this, and I want to add one thing about the study plan nobody follows. The authors seem to be saying that good learners are not smarter so much as better calibrated. During an online module I ended up asking myself why a step works before moving on, and the log made my avoidance patterns embarrassingly visible. Honestly, this was the most useful reading of the semester so far."
F0460,TH021,F0391,S064,3,2026-09-23T08:00:00,"Coming back to an earlier comment on calibration. It looks like we are confident about exactly the things we have not learned, though the evidence is not airtight. How do you tell useful confusion from unproductive confusion?"
F0461,TH015,F0385,S009,3,2026-09-24T08:00:00,"I read that section on calibration differently. It looks like asking why after each paragraph changes what you notice, though the evidence is not airtight. Does the illusion of fluency look different in an online course?"
F0462,TH019,F0406,S079,3,2026-09-25T14:53:14,This thread is helping me see judgments of learning more clearly. The authors seem to be saying that monitoring is worthless if it never changes what you do next.
F0463,TH021,F0410,S042,3,2026-09-22T20:02:31,Coming back to an earlier comment on overconfidence in familiar material. What seems clear to me is that we are confident about exactly the things we have not learned. What is the smallest monitoring habit that has worked for you?
F0464,TH021,F0436,S117,3,2026-09-23T08:00:00,Coming back to an earlier comment on planning and reflection. The part that convinced me is that fluency during reading gets mistaken for knowing the material. Should reflection be graded at all? I am struggling to see how any of this survives a real classroom.
F0465,TH019,F0412,S096,3,2026-09-25T11:32:01,"Yes to all of this, and I want to add one thing about the illusion of fluency. What seems clear to me is that monitoring is worthless if it never changes what you do next. In a coding class I have been stopping every ten minutes to summarize without looking, and my confidence ratings slowly became more accurate. Who benefits when we take the illusion of fluency seriously, and who does not?"
F0466,TH021,F0410,S024,3,2026-09-23T08:00:00,"Adding a small counterexample to what has been said about the study plan nobody follows. If I followed the chapter, reflection has to be specific enough to point at a next action. During an online module I ended up asking myself why a step works before moving on, and my predictions were about eight points too generous every time. How accurate are your own predictions of your performance?"
F0467,TH015,F0415,S036,3,2026-09-24T12:57:11,"I agree with the earlier point about overconfidence in familiar material, but I want to push on one piece. My takeaway is that we are confident about exactly the things we have not learned. When I started keeping a short log of what I planned and what I actually did, my confidence ratings slowly became more accurate."
F0468,TH017,F0447,S031,3,2026-09-24T17:45:05,"Adding a small counterexample to what has been said about the illusion of fluency. If I followed the chapter, we are confident about exactly the things we have not learned. In my thesis writing I have been writing one sentence about what confused me at the end of each session, and my confidence ratings slowly became more accurate. My hesitation is that calibration studies usually use short retention intervals. Can a dashboard support calibration or does it replace it?"
F0469,TH019,F0452,S020,3,2026-09-26T17:19:55,"Coming back to an earlier comment on monitoring and control. It looks like good learners are not smarter so much as better calibrated, though the evidence is not airtight. I tested this on myself by rating my confidence on each problem before looking at the answer, and I started catching confusion earlier instead of at the exam. How accurate are your own predictions of your performance?"
F0470,TH015,F0461,S043,3,2026-09-24T20:55:00,"I read that section on calibration differently. The reading argues that reflection has to be specific enough to point at a next action, and I think that is right. Something similar happened in a course where I had no background when I was asking myself why a step works before moving on, since I started catching confusion earlier instead of at the exam. Does reflection help if nobody ever reads it?"
F0471,TH022,F0443,S051,3,2026-09-26T08:59:33,"I had the opposite reaction to the claim about planning and reflection. The authors seem to be saying that good learners are not smarter so much as better calibrated. Something similar happened in my thesis writing when I was rating my confidence on each problem before looking at the answer, since the reflection took two minutes and changed my next session. I kept waiting for the part about resources and it never came."
F0472,TH019,F0452,S013,3,2026-09-26T16:16:57,"I want to sit with the point about overconfidence in familiar material for a second. I keep coming back to the idea that monitoring is worthless if it never changes what you do next. I tested this on myself by stopping every ten minutes to summarize without looking, and I found out I was confident and wrong in the same places. Where I get stuck is that it is unclear how much of this transfers across subjects."
F0473,TH018,F0395,S077,3,2026-09-22T08:00:00,"Building on the post above, I think overconfidence in familiar material is doing a lot of work here. The reading argues that monitoring is worthless if it never changes what you do next, and I think that is right. I gave rating my confidence on each problem before looking at the answer an honest try, and the log made my avoidance patterns embarrassingly visible. How accurate are your own predictions of your performance?"
F0474,TH021,F0466,S023,3,2026-09-23T21:04:32,"Two people above have said something useful about overconfidence in familiar material. Stated plainly, reflection has to be specific enough to point at a next action. Where I get stuck is that some of this may just be conscientiousness under another name."
F0475,TH020,F0390,S052,3,2026-09-23T08:00:00,This framing of calibration lines up with my own experience. What seems clear to me is that we are confident about exactly the things we have not learned. My hesitation is that some of this may just be conscientiousness under another name. How do you tell useful confusion from unproductive confusion?
F0476,TH016,F0442,S117,3,2026-09-24T08:00:00,"I want to sit with the point about the study plan nobody follows for a second. What I did not expect was the claim that monitoring is worthless if it never changes what you do next. In the statistics unit I have been writing one sentence about what confused me at the end of each session, and my confidence ratings slowly became more accurate. I would want to know more before generalizing, since the effect could be a byproduct of spending more time overall. What is the smallest monitoring habit that has worked for you?"
F0477,TH015,F0397,S118,3,2026-09-24T08:00:00,"Two people above have said something useful about monitoring and control. It looks like we are confident about exactly the things we have not learned, though the evidence is not airtight. How do you tell useful confusion from unproductive confusion?"
F0478,TH021,F0474,S093,3,2026-09-24T14:49:52,"Adding a small counterexample to what has been said about judgments of learning. The part that convinced me is that reflection has to be specific enough to point at a next action. During a coding class I ended up writing one sentence about what confused me at the end of each session, and I found out I was confident and wrong in the same places. This is probably context dependent, given that the effect could be a byproduct of spending more time overall. What would you want to see before you trusted the study plan nobody follows?"
F0479,TH021,F0391,S074,3,2026-09-22T14:37:15,"I want to sit with the point about calibration for a second. The part that convinced me is that we are confident about exactly the things we have not learned. That said, reflection prompts get gamed once students know they are graded. Would you design a course around the illusion of fluency?"
F0480,TH021,F0410,S030,3,2026-09-23T08:00:00,"I will take the other side on monitoring and control, mostly to see what happens. Stated plainly, reflection has to be specific enough to point at a next action. I liked that the authors admitted what they could not explain."
F0481,TH015,F0415,S029,3,2026-09-24T09:28:21,Two people above have said something useful about monitoring and control. What seems clear to me is that reflection has to be specific enough to point at a next action. Where does self explanation break down in your experience?
F0482,TH019,F0462,S056,3,2026-09-25T22:54:26,"This framing of calibration lines up with my own experience. The authors seem to be saying that good learners are not smarter so much as better calibrated. During a course where I had no background I ended up keeping a short log of what I planned and what I actually did, and the log made my avoidance patterns embarrassingly visible. How would you even measure planning and reflection in a real classroom?"
F0483,TH019,F0418,S056,3,2026-09-26T08:02:01,"I will take the other side on monitoring and control, mostly to see what happens. Stated plainly, we are confident about exactly the things we have not learned. The first time I tried stopping every ten minutes to summarize without looking it felt slow, but the log made my avoidance patterns embarrassingly visible."
F0484,TH016,F0434,S057,3,2026-09-23T21:34:11,"I read that section on monitoring and control differently. The part that convinced me is that fluency during reading gets mistaken for knowing the material. Last week I tried predicting my quiz score before submitting and checking it after, and the reflection took two minutes and changed my next session. I left this reading more confused than when I started."
F0485,TH015,F0451,S026,3,2026-09-25T08:00:00,"I agree with the earlier point about judgments of learning, but I want to push on one piece. It looks like fluency during reading gets mistaken for knowing the material, though the evidence is not airtight. During a coding class I ended up rating my confidence on each problem before looking at the answer, and the reflection took two minutes and changed my next session. How do you tell useful confusion from unproductive confusion? I am worried we are asking students to fix a system problem."
F0486,TH015,F0432,S087,3,2026-09-24T19:09:56,"Coming back to an earlier comment on planning and reflection. It looks like fluency during reading gets mistaken for knowing the material, though the evidence is not airtight. In the statistics unit I have been stopping every ten minutes to summarize without looking, and I started catching confusion earlier instead of at the exam. One limit worth naming is that calibration studies usually use short retention intervals."
F0487,TH019,F0425,S080,3,2026-09-26T11:40:54,"I had the opposite reaction to the claim about judgments of learning. It looks like we are confident about exactly the things we have not learned, though the evidence is not airtight. Something similar happened in the statistics unit when I was asking myself why a step works before moving on, since I started catching confusion earlier instead of at the exam. This is probably context dependent, given that some of this may just be conscientiousness under another name."
F0488,TH022,F0458,S087,3,2026-09-26T08:00:00,"Two people above have said something useful about judgments of learning. My takeaway is that good learners are not smarter so much as better calibrated. I would want to know more before generalizing, since reflection prompts get gamed once students know they are graded."
F0489,TH019,F0487,S015,3,2026-09-26T13:16:16,"I want to sit with the point about the illusion of fluency for a second. What I did not expect was the claim that we are confident about exactly the things we have not learned. I spent two weeks writing one sentence about what confused me at the end of each session, and my confidence ratings slowly became more accurate. I would want to know more before generalizing, since calibration studies usually use short retention intervals."
F0490,TH019,F0419,S046,3,2026-09-25T23:46:44,I read that section on calibration differently. My takeaway is that monitoring is worthless if it never changes what you do next. Where I get stuck is that it is unclear how much of this transfers across subjects. How do you tell useful confusion from unproductive confusion?
F0491,TH017,F0427,S045,3,2026-09-24T23:37:55,Thank you for naming what bothered me about overconfidence in familiar material. The authors seem to be saying that good learners are not smarter so much as better calibrated. Should reflection be graded at all?
F0492,TH019,F0472,S076,3,2026-09-26T22:52:39,"Thank you for naming what bothered me about calibration. What I did not expect was the claim that we are confident about exactly the things we have not learned. Something similar happened in a lab section with weekly reports when I was writing one sentence about what confused me at the end of each session, since my confidence ratings slowly became more accurate."
F0493,TH019,F0492,S046,3,2026-09-27T11:39:02,I want to sit with the point about self explanation for a second. The part that convinced me is that we are confident about exactly the things we have not learned.
F0494,TH019,F0490,S076,3,2026-09-26T08:00:00,"Yes to all of this, and I want to add one thing about self explanation. Stated plainly, fluency during reading gets mistaken for knowing the material. The first time I tried keeping a short log of what I planned and what I actually did it felt slow, but I started catching confusion earlier instead of at the exam. Where I get stuck is that it is unclear how much of this transfers across subjects."
F0495,TH019,F0487,S055,3,2026-09-26T20:34:14,"This framing of monitoring and control lines up with my own experience. If I followed the chapter, asking why after each paragraph changes what you notice. Should reflection be graded at all?"
F0496,TH017,F0430,S112,3,2026-09-25T08:00:00,"Yes to all of this, and I want to add one thing about judgments of learning. What seems clear to me is that good learners are not smarter so much as better calibrated. When I started predicting my quiz score before submitting and checking it after, the reflection took two minutes and changed my next session. I would want to know more before generalizing, since reflection prompts get gamed once students know they are graded. Would you design a course around planning and reflection?"
F0497,TH017,F0427,S113,3,2026-09-25T08:00:00,"Adding a small counterexample to what has been said about the illusion of fluency. My takeaway is that fluency during reading gets mistaken for knowing the material. Where I get stuck is that the effect could be a byproduct of spending more time overall. What would you want to see before you trusted calibration? I am skeptical, and I am open to being talked out of it."
F0498,TH015,F0486,S112,3,2026-09-25T08:00:00,Thank you for naming what bothered me about planning and reflection. My takeaway is that we are confident about exactly the things we have not learned. The caveat for me is that the effect could be a byproduct of spending more time overall. Thanks to whoever picked this reading.
F0499,TH019,F0489,S007,3,2026-09-26T19:01:48,"I had the opposite reaction to the claim about judgments of learning. It looks like good learners are not smarter so much as better calibrated, though the evidence is not airtight. The first time I tried asking myself why a step works before moving on it felt slow, but the log made my avoidance patterns embarrassingly visible. I am holding this loosely, because some of this may just be conscientiousness under another name. How would you even measure planning and reflection in a real classroom?"
F0500,TH021,F0479,S057,3,2026-09-23T08:00:00,"Yes to all of this, and I want to add one thing about planning and reflection. I would say we are confident about exactly the things we have not learned, at least for the kind of material we work with. Something similar happened in a coding class when I was writing one sentence about what confused me at the end of each session, since the log made my avoidance patterns embarrassingly visible. Does self explanation look different in an online course?"
F0501,TH021,F0460,S090,3,2026-09-24T08:00:00,"Adding a small counterexample to what has been said about overconfidence in familiar material. It looks like monitoring is worthless if it never changes what you do next, though the evidence is not airtight. The first time I tried stopping every ten minutes to summarize without looking it felt slow, but I found out I was confident and wrong in the same places. I would want to know more before generalizing, since calibration studies usually use short retention intervals."
F0502,TH019,F0425,S067,3,2026-09-26T17:16:33,"This framing of monitoring and control lines up with my own experience. I keep coming back to the idea that we are confident about exactly the things we have not learned. Last week I tried writing one sentence about what confused me at the end of each session, and I found out I was confident and wrong in the same places. I am holding this loosely, because self report is exactly the measure we are trying to improve. This landed as advice for students who already have time."
F0503,TH021,F0500,S090,3,2026-09-24T08:00:00,"Thank you for naming what bothered me about monitoring and control. What I did not expect was the claim that good learners are not smarter so much as better calibrated. Something similar happened in a coding class when I was asking myself why a step works before moving on, since the reflection took two minutes and changed my next session. One limit worth naming is that some of this may just be conscientiousness under another name. Where does calibration break down in your experience?"
F0504,TH017,F0447,S005,3,2026-09-25T12:03:02,"This thread is helping me see self explanation more clearly. It looks like we are confident about exactly the things we have not learned, though the evidence is not airtight. I am holding this loosely, because the effect could be a byproduct of spending more time overall. Where does the illusion of fluency break down in your experience?"
F0505,TH019,F0499,S076,3,2026-09-26T21:59:45,"Thank you for naming what bothered me about the illusion of fluency. I keep coming back to the idea that fluency during reading gets mistaken for knowing the material. Last week I tried stopping every ten minutes to summarize without looking, and my confidence ratings slowly became more accurate. This is probably context dependent, given that reflection prompts get gamed once students know they are graded."
F0506,TH015,F0444,S043,3,2026-09-25T16:29:32,"Building on the post above, I think overconfidence in familiar material is doing a lot of work here. I would say we are confident about exactly the things we have not learned, at least for the kind of material we work with. My hesitation is that reflection prompts get gamed once students know they are graded. Does overconfidence in familiar material look different in an online course?"
F0507,TH016,F0434,S093,3,2026-09-23T14:43:02,"I read that section on calibration differently. If I followed the chapter, monitoring is worthless if it never changes what you do next. I tested this on myself by keeping a short log of what I planned and what I actually did, and my predictions were about eight points too generous every time. How would you explain self explanation to a first year student?"
F0508,TH015,F0506,S117,3,2026-09-26T08:00:00,"Two people above have said something useful about judgments of learning. The reading argues that good learners are not smarter so much as better calibrated, and I think that is right."
F0509,TH019,F0483,S060,3,2026-09-26T17:48:04,"Thank you for naming what bothered me about the study plan nobody follows. If I followed the chapter, monitoring is worthless if it never changes what you do next. I spent two weeks asking myself why a step works before moving on, and I found out I was confident and wrong in the same places."
F0510,TH016,F0386,S077,3,2026-09-22T22:14:51,"I read that section on monitoring and control differently. I would say asking why after each paragraph changes what you notice, at least for the kind of material we work with. I spent two weeks stopping every ten minutes to summarize without looking, and the log made my avoidance patterns embarrassingly visible."
F0511,TH019,F0406,S076,3,2026-09-25T11:53:00,"I will take the other side on monitoring and control, mostly to see what happens. The reading argues that monitoring is worthless if it never changes what you do next, and I think that is right. The first time I tried writing one sentence about what confused me at the end of each session it felt slow, but my confidence ratings slowly became more accurate. Does the study plan nobody follows look different in an online course?"
F0512,TH021,F0466,S019,3,2026-09-23T21:04:40,"Yes to all of this, and I want to add one thing about calibration. What I did not expect was the claim that we are confident about exactly the things we have not learned. Where I get stuck is that some of this may just be conscientiousness under another name."
F0513,TH015,F0444,S105,3,2026-09-25T08:00:00,"I read that section on monitoring and control differently. Stated plainly, we are confident about exactly the things we have not learned. My hesitation is that self report is exactly the measure we are trying to improve. Can a dashboard support calibration or does it replace it?"
F0514,TH021,F0512,S077,3,2026-09-24T13:05:07,"I had the opposite reaction to the claim about self explanation. It looks like we are confident about exactly the things we have not learned, though the evidence is not airtight. I tested this on myself by asking myself why a step works before moving on, and the reflection took two minutes and changed my next session."
F0515,TH015,F0508,S030,3,2026-09-26T15:25:39,"Building on the post above, I think monitoring and control is doing a lot of work here. The reading argues that asking why after each paragraph changes what you notice, and I think that is right. Last week I tried writing one sentence about what confused me at the end of each session, and the reflection took two minutes and changed my next session."
F0516,TH019,F0511,S004,3,2026-09-26T08:00:00,I read that section on self explanation differently. The strongest version of the argument is that good learners are not smarter so much as better calibrated.
F0517,TH016,F0442,S095,3,2026-09-23T21:22:52,"This framing of the study plan nobody follows lines up with my own experience. The authors seem to be saying that good learners are not smarter so much as better calibrated. This is probably context dependent, given that some of this may just be conscientiousness under another name. How would you explain planning and reflection to a first year student?"
F0518,TH017,F0447,S084,3,2026-09-24T11:31:06,"I had the opposite reaction to the claim about calibration. The authors seem to be saying that reflection has to be specific enough to point at a next action. Last week I tried predicting my quiz score before submitting and checking it after, and I started catching confusion earlier instead of at the exam. That said, reflection prompts get gamed once students know they are graded."
F0519,TH019,F0493,S067,3,2026-09-27T16:54:42,"This thread is helping me see monitoring and control more clearly. The reading argues that reflection has to be specific enough to point at a next action, and I think that is right. One limit worth naming is that the effect could be a byproduct of spending more time overall. This one wore me out, to be honest."
F0520,TH021,F0436,S077,3,2026-09-22T20:02:57,"Adding a small counterexample to what has been said about monitoring and control. Stated plainly, we are confident about exactly the things we have not learned. I spent two weeks writing one sentence about what confused me at the end of each session, and my predictions were about eight points too generous every time."
F0521,TH021,F0474,S108,3,2026-09-24T08:00:00,"I agree with the earlier point about the illusion of fluency, but I want to push on one piece. I keep coming back to the idea that we are confident about exactly the things we have not learned. I tested this on myself by predicting my quiz score before submitting and checking it after, and the log made my avoidance patterns embarrassingly visible. Who benefits when we take overconfidence in familiar material seriously, and who does not?"
F0522,TH017,F0426,S039,3,2026-09-24T19:56:50,"I had the opposite reaction to the claim about overconfidence in familiar material. I keep coming back to the idea that we are confident about exactly the things we have not learned. Last week I tried predicting my quiz score before submitting and checking it after, and I found out I was confident and wrong in the same places. I am excited to try this in my own teaching."
F0523,TH016,F0450,S019,3,2026-09-23T10:14:17,"I had the opposite reaction to the claim about planning and reflection. The authors seem to be saying that fluency during reading gets mistaken for knowing the material. This is probably context dependent, given that calibration studies usually use short retention intervals. What would change your mind about overconfidence in familiar material?"
F0524,TH016,F0517,S048,3,2026-09-24T11:29:17,"This thread is helping me see overconfidence in familiar material more clearly. The strongest version of the argument is that monitoring is worthless if it never changes what you do next. In a lab section with weekly reports I have been writing one sentence about what confused me at the end of each session, and the reflection took two minutes and changed my next session. Should reflection be graded at all?"
F0525,TH022,F0424,S002,3,2026-09-25T08:00:00,I had the opposite reaction to the claim about self explanation. I keep coming back to the idea that good learners are not smarter so much as better calibrated. How accurate are your own predictions of your performance?
F0526,TH017,F0426,S002,3,2026-09-24T22:04:13,"Adding a small counterexample to what has been said about calibration. I would say reflection has to be specific enough to point at a next action, at least for the kind of material we work with. Something similar happened in a coding class when I was predicting my quiz score before submitting and checking it after, since the reflection took two minutes and changed my next session."
F0527,TH021,F0474,S114,3,2026-09-23T22:28:34,"Adding a small counterexample to what has been said about calibration. The reading argues that fluency during reading gets mistaken for knowing the material, and I think that is right. When I started keeping a short log of what I planned and what I actually did, the reflection took two minutes and changed my next session. That said, self report is exactly the measure we are trying to improve."
F0528,TH022,F0488,S112,3,2026-09-26T10:17:52,"I had the opposite reaction to the claim about monitoring and control. If I followed the chapter, we are confident about exactly the things we have not learned. My hesitation is that self report is exactly the measure we are trying to improve. What is the smallest monitoring habit that has worked for you?"
F0529,TH019,F0502,S046,3,2026-09-26T20:58:13,"I will take the other side on planning and reflection, mostly to see what happens. My takeaway is that monitoring is worthless if it never changes what you do next. This is probably context dependent, given that some of this may just be conscientiousness under another name."
F0530,TH019,F0505,S079,3,2026-09-27T08:00:00,"This thread is helping me see the study plan nobody follows more clearly. I would say asking why after each paragraph changes what you notice, at least for the kind of material we work with. I tested this on myself by rating my confidence on each problem before looking at the answer, and my confidence ratings slowly became more accurate. Where does planning and reflection break down in your experience?"
F0531,TH017,F0430,S087,3,2026-09-25T08:00:00,"I am not sure I follow the argument about self explanation yet. Stated plainly, monitoring is worthless if it never changes what you do next. Something similar happened in the statistics unit when I was predicting my quiz score before submitting and checking it after, since my confidence ratings slowly became more accurate. I would want to know more before generalizing, since it is unclear how much of this transfers across subjects. What is the smallest monitoring habit that has worked for you?"
F0532,TH019,F0499,S025,3,2026-09-27T10:53:45,"I want to sit with the point about the illusion of fluency for a second. The reading argues that monitoring is worthless if it never changes what you do next, and I think that is right. Last week I tried rating my confidence on each problem before looking at the answer, and my confidence ratings slowly became more accurate. Should reflection be graded at all? I appreciated how concrete the examples were."
F0533,TH015,F0515,S031,3,2026-09-27T08:00:00,"Two people above have said something useful about planning and reflection. The part that convinced me is that reflection has to be specific enough to point at a next action. In an online module I have been keeping a short log of what I planned and what I actually did, and I found out I was confident and wrong in the same places. I am holding this loosely, because reflection prompts get gamed once students know they are graded. How would you explain overconfidence in familiar material to a first year student?"
F0534,TH015,F0401,S113,3,2026-09-23T12:54:12,"I read that section on overconfidence in familiar material differently. If I followed the chapter, monitoring is worthless if it never changes what you do next. Where I get stuck is that calibration studies usually use short retention intervals. How do you tell useful confusion from unproductive confusion?"
F0535,TH021,F0478,S057,3,2026-09-24T20:04:13,"Coming back to an earlier comment on calibration. I keep coming back to the idea that we are confident about exactly the things we have not learned. Last week I tried asking myself why a step works before moving on, and I started catching confusion earlier instead of at the exam. Does self explanation look different in an online course?"
F0536,TH015,F0451,S085,3,2026-09-25T08:00:00,"Building on the post above, I think self explanation is doing a lot of work here. My takeaway is that we are confident about exactly the things we have not learned. How would you even measure the study plan nobody follows in a real classroom?"
F0537,TH021,F0480,S021,3,2026-09-24T08:00:00,"Thank you for naming what bothered me about the illusion of fluency. The part that convinced me is that good learners are not smarter so much as better calibrated. I spent two weeks rating my confidence on each problem before looking at the answer, and the log made my avoidance patterns embarrassingly visible. I am holding this loosely, because calibration studies usually use short retention intervals."
F0538,TH016,F0523,S093,3,2026-09-23T15:05:43,"This framing of the study plan nobody follows lines up with my own experience. I keep coming back to the idea that monitoring is worthless if it never changes what you do next. During the statistics unit I ended up predicting my quiz score before submitting and checking it after, and my predictions were about eight points too generous every time. Would you design a course around calibration?"
F0539,TH021,F0474,S074,3,2026-09-24T09:17:52,"This thread is helping me see the illusion of fluency more clearly. The authors seem to be saying that reflection has to be specific enough to point at a next action. Last week I tried predicting my quiz score before submitting and checking it after, and I found out I was confident and wrong in the same places. I would want to know more before generalizing, since calibration studies usually use short retention intervals. Should reflection be graded at all?"
F0540,TH017,F0526,S118,3,2026-09-25T11:56:46,"Thank you for naming what bothered me about the illusion of fluency. I keep coming back to the idea that fluency during reading gets mistaken for knowing the material. I gave asking myself why a step works before moving on an honest try, and the log made my avoidance patterns embarrassingly visible. Where I get stuck is that calibration studies usually use short retention intervals."
F0541,TH017,F0497,S029,3,2026-09-25T19:59:42,"I had the opposite reaction to the claim about the study plan nobody follows. If I followed the chapter, fluency during reading gets mistaken for knowing the material. Last week I tried rating my confidence on each problem before looking at the answer, and I found out I was confident and wrong in the same places. How accurate are your own predictions of your performance?"
F0542,TH022,F0488,S109,3,2026-09-27T08:00:00,Thank you for naming what bothered me about monitoring and control. I keep coming back to the idea that we are confident about exactly the things we have not learned. This is the first reading that felt written for practitioners.
F0543,TH015,F0432,S039,3,2026-09-24T23:30:11,"Yes to all of this, and I want to add one thing about overconfidence in familiar material. The authors seem to be saying that asking why after each paragraph changes what you notice. I gave writing one sentence about what confused me at the end of each session an honest try, and the reflection took two minutes and changed my next session. It is worth remembering that reflection prompts get gamed once students know they are graded."
F0544,TH015,F0498,S087,3,2026-09-25T14:13:56,"I agree with the earlier point about the study plan nobody follows, but I want to push on one piece. Stated plainly, good learners are not smarter so much as better calibrated."
F0545,TH019,F0505,S020,3,2026-09-26T23:04:25,"Yes to all of this, and I want to add one thing about overconfidence in familiar material. It looks like good learners are not smarter so much as better calibrated, though the evidence is not airtight. In a coding class I have been asking myself why a step works before moving on, and I started catching confusion earlier instead of at the exam. This is probably context dependent, given that it is unclear how much of this transfers across subjects. How do you tell useful confusion from unproductive confusion? This one actually changed something about my week, which is rare."
F0546,TH015,F0385,S012,3,2026-09-23T19:52:30,"Adding a small counterexample to what has been said about self explanation. The authors seem to be saying that reflection has to be specific enough to point at a next action. I gave predicting my quiz score before submitting and checking it after an honest try, and my predictions were about eight points too generous every time. I am holding this loosely, because the effect could be a byproduct of spending more time overall."
F0547,TH019,F0495,S037,3,2026-09-27T08:00:00,"This framing of planning and reflection lines up with my own experience. Stated plainly, reflection has to be specific enough to point at a next action. During a coding class I ended up asking myself why a step works before moving on, and the log made my avoidance patterns embarrassingly visible. I finished this a little annoyed, which may be my own week talking."
F0548,TH022,F0458,S054,3,2026-09-25T21:40:17,"I had the opposite reaction to the claim about self explanation. What I did not expect was the claim that monitoring is worthless if it never changes what you do next. In the statistics unit I have been keeping a short log of what I planned and what I actually did, and the reflection took two minutes and changed my next session. Should reflection be graded at all?"
F0549,TH016,F0446,S030,3,2026-09-23T16:13:48,"Adding a small counterexample to what has been said about the illusion of fluency. If I followed the chapter, good learners are not smarter so much as better calibrated. This is the first reading that felt written for practitioners."
F0550,TH017,F0433,S005,3,2026-09-25T14:00:51,"Building on the post above, I think monitoring and control is doing a lot of work here. If I followed the chapter, monitoring is worthless if it never changes what you do next. In a course where I had no background I have been keeping a short log of what I planned and what I actually did, and the reflection took two minutes and changed my next session. It is worth remembering that the effect could be a byproduct of spending more time overall. What would change your mind about self explanation? I am skeptical, and I am open to being talked out of it."
F0551,TH017,F0541,S040,3,2026-09-26T08:13:04,"This framing of overconfidence in familiar material lines up with my own experience. If I followed the chapter, fluency during reading gets mistaken for knowing the material. I would want to know more before generalizing, since reflection prompts get gamed once students know they are graded. Does self explanation look different in an online course?"
F0552,TH015,F0477,S045,3,2026-09-24T21:46:12,"I want to sit with the point about self explanation for a second. I keep coming back to the idea that we are confident about exactly the things we have not learned. I gave rating my confidence on each problem before looking at the answer an honest try, and I found out I was confident and wrong in the same places. How would you explain calibration to a first year student?"
F0553,TH019,F0417,S063,3,2026-09-25T10:40:37,"Adding a small counterexample to what has been said about the illusion of fluency. The reading argues that monitoring is worthless if it never changes what you do next, and I think that is right. What would you want to see before you trusted overconfidence in familiar material?"
F0554,TH022,F0548,S113,3,2026-09-26T13:28:23,"Building on the post above, I think monitoring and control is doing a lot of work here. The authors seem to be saying that fluency during reading gets mistaken for knowing the material. Does overconfidence in familiar material look different in an online course?"
F0555,TH015,F0403,S115,3,2026-09-25T08:00:00,"I will take the other side on judgments of learning, mostly to see what happens. What seems clear to me is that fluency during reading gets mistaken for knowing the material. One limit worth naming is that reflection prompts get gamed once students know they are graded. Should reflection be graded at all?"
F0556,TH019,F0530,S055,3,2026-09-27T09:16:16,"I want to sit with the point about overconfidence in familiar material for a second. I would say reflection has to be specific enough to point at a next action, at least for the kind of material we work with. I tested this on myself by stopping every ten minutes to summarize without looking, and my confidence ratings slowly became more accurate. I would want to know more before generalizing, since it is unclear how much of this transfers across subjects. This clarified something I had been confused about for years."
F0557,TH022,F0443,S089,3,2026-09-26T08:00:00,"I had the opposite reaction to the claim about the study plan nobody follows. The part that convinced me is that good learners are not smarter so much as better calibrated. Last week I tried keeping a short log of what I planned and what I actually did, and I found out I was confident and wrong in the same places. My hesitation is that calibration studies usually use short retention intervals."
F0558,TH017,F0531,S115,3,2026-09-26T08:00:00,"I agree with the earlier point about the illusion of fluency, but I want to push on one piece. What seems clear to me is that fluency during reading gets mistaken for knowing the material. Last week I tried predicting my quiz score before submitting and checking it after, and my predictions were about eight points too generous every time. One limit worth naming is that self report is exactly the measure we are trying to improve. Great thread, everyone."
F0559,TH021,F0479,S106,3,2026-09-22T20:42:32,"I had the opposite reaction to the claim about the illusion of fluency. I keep coming back to the idea that good learners are not smarter so much as better calibrated. The first time I tried stopping every ten minutes to summarize without looking it felt slow, but I found out I was confident and wrong in the same places. How would you even measure judgments of learning in a real classroom?"
F0560,TH022,F0542,S120,3,2026-09-27T11:28:50,"I read that section on planning and reflection differently. I would say asking why after each paragraph changes what you notice, at least for the kind of material we work with. Something similar happened in a course where I had no background when I was keeping a short log of what I planned and what I actually did, since I found out I was confident and wrong in the same places. This is probably context dependent, given that reflection prompts get gamed once students know they are graded."
F0561,TH017,F0540,S039,3,2026-09-25T14:59:08,"Coming back to an earlier comment on overconfidence in familiar material. I keep coming back to the idea that good learners are not smarter so much as better calibrated. When I started predicting my quiz score before submitting and checking it after, the log made my avoidance patterns embarrassingly visible. What would you want to see before you trusted self explanation? This is the first reading that felt written for practitioners."
F0562,TH023,,S005,4,2026-09-28T20:27:25,I want to open a thread on autonomy support. The strongest version of the argument is that cost is the part of the motivation equation we ignore most. It is worth remembering that we rarely see what happens to motivation a year later.
F0563,TH024,,S044,4,2026-10-01T02:32:16,"I came into this week fairly skeptical about the difference between interest and utility. It looks like autonomy matters more when the task is genuinely difficult, though the evidence is not airtight. Last week I tried choosing the paper topic myself instead of taking the default, and I noticed how much of my avoidance was about cost and not interest. That said, a student working thirty hours a week is not lacking grit. How would you even measure autonomy support in a real classroom?"
F0564,TH025,,S002,4,2026-10-01T04:24:09,"The section on interest development was the part I understood least. My takeaway is that cost is the part of the motivation equation we ignore most. This is probably context dependent, given that the interventions that work in one course often fail in another. How do you rebuild self efficacy after a bad exam?"
F0565,TH026,,S092,4,2026-09-29T02:39:29,The strongest version of the argument is that performance goals help until the first bad grade arrives. Is interest something a course can actually design for?
F0566,TH027,,S099,4,2026-09-28T23:01:50,"Reading about mastery goals made me rethink how I study. What I did not expect was the claim that interest can be developed and is not only something you arrive with. During my capstone project I ended up choosing the paper topic myself instead of taking the default, and the small wins mattered more than I expected."
F0567,TH028,,S039,4,2026-09-29T16:29:05,"I keep circling back to the discussion of mastery goals. I keep coming back to the idea that autonomy matters more when the task is genuinely difficult. Something similar happened in my capstone project when I was asking my instructor what a strong answer looks like, since my first draft finally happened. It is worth remembering that the interventions that work in one course often fail in another. Where do you see cost showing up in your own courses?"
F0568,TH029,,S037,4,2026-10-01T01:45:18,"What I did not expect was the claim that telling a student to try harder tells them nothing about how. I tested this on myself by choosing the paper topic myself instead of taking the default, and the assignment stopped feeling like one giant block."
F0569,TH029,F0568,S039,4,2026-10-01T11:13:04,"I agree with the earlier point about self efficacy, but I want to push on one piece. The part that convinced me is that cost is the part of the motivation equation we ignore most. My hesitation is that we rarely see what happens to motivation a year later. What would change your mind about the difference between interest and utility?"
F0570,TH026,F0565,S048,4,2026-09-29T08:00:00,"Two people above have said something useful about the difference between interest and utility. What seems clear to me is that autonomy matters more when the task is genuinely difficult. I am holding this loosely, because we rarely see what happens to motivation a year later. Does expectancy value theory look different in an online course?"
F0571,TH026,F0570,S090,4,2026-09-29T19:17:51,"This thread is helping me see cost appraisals more clearly. My takeaway is that cost is the part of the motivation equation we ignore most. I spent two weeks writing down why the unit connects to work I actually care about, and the assignment stopped feeling like one giant block. How would you even measure interest development in a real classroom? I am worried we are asking students to fix a system problem."
F0572,TH026,F0570,S021,4,2026-09-29T10:01:26,"I want to sit with the point about autonomy support for a second. My takeaway is that cost is the part of the motivation equation we ignore most. This one actually changed something about my week, which is rare."
F0573,TH029,F0568,S083,4,2026-10-01T17:05:00,"Coming back to an earlier comment on interest development. The reading argues that interest can be developed and is not only something you arrive with, and I think that is right. How would you explain mastery goals to a first year student? The tone bothered me, even if the findings hold up."
F0574,TH026,F0565,S074,4,2026-09-29T08:00:00,"I read that section on self efficacy differently. My takeaway is that telling a student to try harder tells them nothing about how. Something similar happened in a required course outside my field when I was tracking my wins for a week instead of my failures, since the small wins mattered more than I expected. Where do you see cost showing up in your own courses?"
F0575,TH026,F0570,S090,4,2026-09-29T20:06:04,"I am not sure I follow the argument about mastery goals yet. What seems clear to me is that autonomy matters more when the task is genuinely difficult. That said, we rarely see what happens to motivation a year later. How do you rebuild self efficacy after a bad exam?"
F0576,TH023,F0562,S044,4,2026-09-29T08:00:00,"I want to sit with the point about expectancy value theory for a second. The authors seem to be saying that cost is the part of the motivation equation we ignore most. When I started starting with the part of the problem set I can already do, my first draft finally happened. I would want to know more before generalizing, since the interventions that work in one course often fail in another. Can an analytics dashboard support motivation without shaming anyone?"
F0577,TH029,F0569,S087,4,2026-10-02T08:00:00,"I read that section on cost appraisals differently. The authors seem to be saying that cost is the part of the motivation equation we ignore most. I spent two weeks breaking the assignment into pieces small enough to start, and I noticed how much of my avoidance was about cost and not interest. Is interest something a course can actually design for? I am skeptical, and I am open to being talked out of it."
F0578,TH029,F0573,S046,4,2026-10-01T20:59:44,"Building on the post above, I think cost appraisals is doing a lot of work here. My takeaway is that autonomy matters more when the task is genuinely difficult. I spent two weeks asking my instructor what a strong answer looks like, and I felt more in control even though the work was the same. Who benefits when we take expectancy value theory seriously, and who does not?"
F0579,TH029,F0573,S046,4,2026-10-01T23:05:08,"Building on the post above, I think mastery goals is doing a lot of work here. If I followed the chapter, autonomy matters more when the task is genuinely difficult. That said, self report measures are collected right after the intervention. Thanks to whoever picked this reading."
F0580,TH029,F0579,S065,4,2026-10-02T09:33:47,"This framing of interest development lines up with my own experience. I would say interest can be developed and is not only something you arrive with, at least for the kind of material we work with. The caveat for me is that motivation research often measures intentions rather than behavior. What does autonomy support look like in a large lecture?"
F0581,TH026,F0570,S057,4,2026-09-29T20:37:53,"This framing of interest development lines up with my own experience. My takeaway is that autonomy matters more when the task is genuinely difficult. During my capstone project I ended up asking my instructor what a strong answer looks like, and my first draft finally happened. I am holding this loosely, because a student working thirty hours a week is not lacking grit. The writing made a simple idea feel complicated."
F0582,TH029,F0568,S063,4,2026-10-01T10:24:16,"Thank you for naming what bothered me about mastery goals. It looks like self efficacy is built from experience and not from encouragement, though the evidence is not airtight. Last week I tried starting with the part of the problem set I can already do, and the assignment stopped feeling like one giant block. I would want to know more before generalizing, since motivation research often measures intentions rather than behavior. What does autonomy support look like in a large lecture?"
F0583,TH029,F0577,S084,4,2026-10-02T16:01:19,"Coming back to an earlier comment on mastery goals. Stated plainly, interest can be developed and is not only something you arrive with. When I started starting with the part of the problem set I can already do, the assignment stopped feeling like one giant block. My hesitation is that motivation research often measures intentions rather than behavior."
F0584,TH029,F0577,S026,4,2026-10-03T08:00:00,"I read that section on self efficacy differently. The part that convinced me is that interest can be developed and is not only something you arrive with. I spent two weeks tracking my wins for a week instead of my failures, and I felt more in control even though the work was the same. The caveat for me is that self report measures are collected right after the intervention. Do mastery goals survive contact with a curve? I kept waiting for the part about resources and it never came."
F0585,TH029,F0569,S105,4,2026-10-01T14:32:04,"I want to sit with the point about autonomy support for a second. I keep coming back to the idea that interest can be developed and is not only something you arrive with. When I started starting with the part of the problem set I can already do, the connection was thin but it was enough to start. That said, a student working thirty hours a week is not lacking grit."
F0586,TH026,F0571,S106,4,2026-09-30T08:00:00,"I read that section on self efficacy differently. Stated plainly, autonomy matters more when the task is genuinely difficult. Last week I tried choosing the paper topic myself instead of taking the default, and the small wins mattered more than I expected. Is interest something a course can actually design for? I liked that the authors admitted what they could not explain."
F0587,TH029,F0569,S120,4,2026-10-01T17:53:29,"This framing of cost appraisals lines up with my own experience. It looks like self efficacy is built from experience and not from encouragement, though the evidence is not airtight. I spent two weeks tracking my wins for a week instead of my failures, and the assignment stopped feeling like one giant block. How would you explain self efficacy to a first year student? This felt disconnected from the students I actually work with."
F0588,TH029,F0580,S069,4,2026-10-02T13:40:03,Coming back to an earlier comment on mastery goals. The authors seem to be saying that interest can be developed and is not only something you arrive with. It is worth remembering that motivation research often measures intentions rather than behavior.
F0589,TH026,F0570,S092,4,2026-09-29T11:32:09,This thread is helping me see expectancy value theory more clearly. My takeaway is that performance goals help until the first bad grade arrives. One limit worth naming is that the interventions that work in one course often fail in another. How do you rebuild self efficacy after a bad exam?
F0590,TH024,F0563,S002,4,2026-10-01T12:00:50,"I want to sit with the point about mastery goals for a second. The strongest version of the argument is that telling a student to try harder tells them nothing about how. Something similar happened in my capstone project when I was choosing the paper topic myself instead of taking the default, since I noticed how much of my avoidance was about cost and not interest."
F0591,TH029,F0588,S025,4,2026-10-02T14:45:02,"Yes to all of this, and I want to add one thing about self efficacy. The reading argues that interest can be developed and is not only something you arrive with, and I think that is right. Something similar happened in a course with only two grades all semester when I was breaking the assignment into pieces small enough to start, since the small wins mattered more than I expected. I am holding this loosely, because self report measures are collected right after the intervention."
F0592,TH029,F0573,S063,4,2026-10-01T19:12:08,"I want to sit with the point about self efficacy for a second. Stated plainly, interest can be developed and is not only something you arrive with."
F0593,TH029,F0587,S012,4,2026-10-01T20:57:04,"Two people above have said something useful about attribution after a bad grade. The part that convinced me is that performance goals help until the first bad grade arrives. When I started starting with the part of the problem set I can already do, my first draft finally happened. Would you design a course around mastery goals?"
F0594,TH024,F0563,S058,4,2026-10-01T07:54:50,"This framing of the difference between interest and utility lines up with my own experience. I keep coming back to the idea that autonomy matters more when the task is genuinely difficult. Last week I tried breaking the assignment into pieces small enough to start, and I noticed how much of my avoidance was about cost and not interest. The caveat for me is that the interventions that work in one course often fail in another."
F0595,TH029,F0591,S100,4,2026-10-02T22:27:31,"Adding a small counterexample to what has been said about mastery goals. The part that convinced me is that interest can be developed and is not only something you arrive with. Last week I tried asking my instructor what a strong answer looks like, and the assignment stopped feeling like one giant block. My hesitation is that motivation research often measures intentions rather than behavior. How would you even measure self efficacy in a real classroom?"
F0596,TH029,F0584,S103,4,2026-10-03T11:07:05,"I had the opposite reaction to the claim about mastery goals. My takeaway is that performance goals help until the first bad grade arrives. I tested this on myself by asking my instructor what a strong answer looks like, and my first draft finally happened. I would want to know more before generalizing, since we rarely see what happens to motivation a year later. What does autonomy support look like in a large lecture?"
F0597,TH026,F0571,S020,4,2026-09-29T20:57:51,"I am not sure I follow the argument about self efficacy yet. The strongest version of the argument is that cost is the part of the motivation equation we ignore most. This is probably context dependent, given that we rarely see what happens to motivation a year later. Would you design a course around interest development?"
F0598,TH029,F0583,S103,4,2026-10-03T08:00:00,"Yes to all of this, and I want to add one thing about expectancy value theory. If I followed the chapter, cost is the part of the motivation equation we ignore most. The first time I tried asking my instructor what a strong answer looks like it felt slow, but the small wins mattered more than I expected. My hesitation is that self report measures are collected right after the intervention. Where do you see cost showing up in your own courses?"
F0599,TH029,F0598,S101,4,2026-10-03T18:18:08,"Yes to all of this, and I want to add one thing about autonomy support. The part that convinced me is that interest can be developed and is not only something you arrive with. The caveat for me is that motivation research often measures intentions rather than behavior. What does autonomy support look like in a large lecture?"
F0600,TH026,F0575,S057,4,2026-09-29T22:32:45,"This framing of autonomy support lines up with my own experience. The reading argues that self efficacy is built from experience and not from encouragement, and I think that is right."
F0601,TH029,F0599,S090,4,2026-10-03T23:59:17,"I am not sure I follow the argument about the difference between interest and utility yet. My takeaway is that autonomy matters more when the task is genuinely difficult. When I started starting with the part of the problem set I can already do, I felt more in control even though the work was the same. That said, motivation research often measures intentions rather than behavior."
F0602,TH029,F0577,S041,4,2026-10-02T08:59:03,Adding a small counterexample to what has been said about expectancy value theory. The part that convinced me is that cost is the part of the motivation equation we ignore most. My hesitation is that structural constraints get relabeled as motivation problems. What would you want to see before you trusted the difference between interest and utility?
F0603,TH029,F0568,S076,4,2026-10-01T07:46:58,"Coming back to an earlier comment on attribution after a bad grade. I keep coming back to the idea that performance goals help until the first bad grade arrives. I tested this on myself by starting with the part of the problem set I can already do, and the small wins mattered more than I expected. I am excited to try this in my own teaching."
F0604,TH029,F0580,S062,4,2026-10-03T09:23:28,"Building on the post above, I think mastery goals is doing a lot of work here. I would say interest can be developed and is not only something you arrive with, at least for the kind of material we work with."
F0605,TH029,F0580,S063,4,2026-10-02T19:36:24,"Yes to all of this, and I want to add one thing about expectancy value theory. The reading argues that cost is the part of the motivation equation we ignore most, and I think that is right. I liked that the authors admitted what they could not explain."
F0606,TH029,F0603,S056,4,2026-10-01T15:59:12,I read that section on mastery goals differently. The part that convinced me is that cost is the part of the motivation equation we ignore most. How would you explain expectancy value theory to a first year student?
F0607,TH029,F0606,S065,4,2026-10-02T15:01:13,I had the opposite reaction to the claim about attribution after a bad grade. What I did not expect was the claim that cost is the part of the motivation equation we ignore most. Do mastery goals survive contact with a curve?
F0608,TH029,F0602,S087,4,2026-10-02T21:32:40,"Coming back to an earlier comment on autonomy support. Stated plainly, autonomy matters more when the task is genuinely difficult. I am holding this loosely, because we rarely see what happens to motivation a year later."
F0609,TH029,F0583,S039,4,2026-10-03T08:00:00,"I am not sure I follow the argument about self efficacy yet. The strongest version of the argument is that telling a student to try harder tells them nothing about how. Something similar happened in an early morning section when I was writing down why the unit connects to work I actually care about, since I felt more in control even though the work was the same. Can an analytics dashboard support motivation without shaming anyone? The sample felt too narrow for the size of the claim."
F0610,TH029,F0609,S087,4,2026-10-03T08:49:01,"I am not sure I follow the argument about attribution after a bad grade yet. It looks like performance goals help until the first bad grade arrives, though the evidence is not airtight. Where I get stuck is that we rarely see what happens to motivation a year later."
F0611,TH029,F0588,S065,4,2026-10-02T22:21:33,I want to sit with the point about attribution after a bad grade for a second. The strongest version of the argument is that telling a student to try harder tells them nothing about how. What does autonomy support look like in a large lecture?
F0612,TH029,F0598,S113,4,2026-10-03T12:20:34,"This thread is helping me see mastery goals more clearly. My takeaway is that autonomy matters more when the task is genuinely difficult. I tested this on myself by asking my instructor what a strong answer looks like, and the assignment stopped feeling like one giant block. Can an analytics dashboard support motivation without shaming anyone?"
F0613,TH029,F0580,S055,4,2026-10-02T12:04:38,"I had the opposite reaction to the claim about the difference between interest and utility. The part that convinced me is that autonomy matters more when the task is genuinely difficult. In a course with only two grades all semester I have been tracking my wins for a week instead of my failures, and my first draft finally happened. My hesitation is that self report measures are collected right after the intervention."
F0614,TH029,F0601,S075,4,2026-10-04T09:04:31,"Thank you for naming what bothered me about autonomy support. The authors seem to be saying that interest can be developed and is not only something you arrive with. In the online section I have been choosing the paper topic myself instead of taking the default, and I felt more in control even though the work was the same. Can an analytics dashboard support motivation without shaming anyone?"
F0615,TH029,F0611,S098,4,2026-10-03T08:00:00,"I agree with the earlier point about autonomy support, but I want to push on one piece. I keep coming back to the idea that cost is the part of the motivation equation we ignore most. When I started starting with the part of the problem set I can already do, the assignment stopped feeling like one giant block."
F0616,TH029,F0604,S035,4,2026-10-03T13:01:28,"Adding a small counterexample to what has been said about interest development. If I followed the chapter, interest can be developed and is not only something you arrive with. Where does interest development break down in your experience?"
F0617,TH029,F0612,S105,4,2026-10-03T15:34:29,"Adding a small counterexample to what has been said about expectancy value theory. I keep coming back to the idea that performance goals help until the first bad grade arrives. Last week I tried tracking my wins for a week instead of my failures, and my first draft finally happened. How do you rebuild self efficacy after a bad exam?"
F0618,TH029,F0583,S041,4,2026-10-02T17:21:13,"This thread is helping me see interest development more clearly. My takeaway is that performance goals help until the first bad grade arrives. Something similar happened in a course with only two grades all semester when I was breaking the assignment into pieces small enough to start, since I noticed how much of my avoidance was about cost and not interest."
F0619,TH029,F0593,S087,4,2026-10-02T08:00:00,"I read that section on the difference between interest and utility differently. What seems clear to me is that interest can be developed and is not only something you arrive with. Last week I tried tracking my wins for a week instead of my failures, and I felt more in control even though the work was the same. This is probably context dependent, given that self report measures are collected right after the intervention. Does the difference between interest and utility look different in an online course? I am worried we are asking students to fix a system problem."
F0620,TH029,F0579,S007,4,2026-10-02T08:00:00,"Thank you for naming what bothered me about cost appraisals. Stated plainly, performance goals help until the first bad grade arrives. In a class where I felt behind from week one I have been breaking the assignment into pieces small enough to start, and the small wins mattered more than I expected. I would want to know more before generalizing, since motivation research often measures intentions rather than behavior. I finished this feeling more hopeful than I expected."
F0621,TH029,F0601,S092,4,2026-10-04T08:00:00,I read that section on autonomy support differently. The strongest version of the argument is that performance goals help until the first bad grade arrives. It is worth remembering that we rarely see what happens to motivation a year later. What does autonomy support look like in a large lecture?
F0622,TH029,F0614,S099,4,2026-10-04T18:02:05,"Thank you for naming what bothered me about cost appraisals. If I followed the chapter, performance goals help until the first bad grade arrives. Last week I tried choosing the paper topic myself instead of taking the default, and I felt more in control even though the work was the same. What would you want to see before you trusted cost appraisals?"
F0623,TH029,F0614,S092,4,2026-10-04T18:35:41,Two people above have said something useful about the difference between interest and utility. The part that convinced me is that self efficacy is built from experience and not from encouragement.
F0624,TH029,F0609,S002,4,2026-10-03T09:01:05,"Two people above have said something useful about attribution after a bad grade. Stated plainly, performance goals help until the first bad grade arrives. How would you explain attribution after a bad grade to a first year student?"
F0625,TH029,F0569,S044,4,2026-10-01T18:47:54,"Thank you for naming what bothered me about self efficacy. What seems clear to me is that performance goals help until the first bad grade arrives. During a class where I felt behind from week one I ended up breaking the assignment into pieces small enough to start, and I felt more in control even though the work was the same. What would you want to see before you trusted autonomy support?"
F0626,TH029,F0591,S062,4,2026-10-02T20:13:21,"Thank you for naming what bothered me about interest development. What seems clear to me is that telling a student to try harder tells them nothing about how. When I started choosing the paper topic myself instead of taking the default, the assignment stopped feeling like one giant block."
F0627,TH029,F0569,S054,4,2026-10-01T14:51:11,"Coming back to an earlier comment on attribution after a bad grade. Stated plainly, telling a student to try harder tells them nothing about how. During a course with only two grades all semester I ended up starting with the part of the problem set I can already do, and the small wins mattered more than I expected. Where do you see cost showing up in your own courses? Really glad this was assigned."
F0628,TH029,F0583,S039,4,2026-10-02T22:19:03,"I agree with the earlier point about interest development, but I want to push on one piece. Stated plainly, self efficacy is built from experience and not from encouragement. The first time I tried breaking the assignment into pieces small enough to start it felt slow, but the assignment stopped feeling like one giant block. Who benefits when we take interest development seriously, and who does not?"
F0629,TH029,F0606,S065,4,2026-10-01T21:59:47,"I read that section on attribution after a bad grade differently. It looks like performance goals help until the first bad grade arrives, though the evidence is not airtight. I tested this on myself by breaking the assignment into pieces small enough to start, and I noticed how much of my avoidance was about cost and not interest."
F0630,TH029,F0622,S074,4,2026-10-04T19:55:21,"Coming back to an earlier comment on interest development. If I followed the chapter, self efficacy is built from experience and not from encouragement. During an early morning section I ended up tracking my wins for a week instead of my failures, and the small wins mattered more than I expected. The caveat for me is that the interventions that work in one course often fail in another. Is interest something a course can actually design for? This clarified something I had been confused about for years."
F0631,TH029,F0604,S065,4,2026-10-03T19:31:26,"This framing of self efficacy lines up with my own experience. My takeaway is that performance goals help until the first bad grade arrives. I gave tracking my wins for a week instead of my failures an honest try, and the connection was thin but it was enough to start."
F0632,TH029,F0617,S017,4,2026-10-03T20:33:10,"This thread is helping me see the difference between interest and utility more clearly. The strongest version of the argument is that self efficacy is built from experience and not from encouragement. The first time I tried starting with the part of the problem set I can already do it felt slow, but I felt more in control even though the work was the same."
F0633,TH029,F0588,S055,4,2026-10-03T10:57:39,"Adding a small counterexample to what has been said about cost appraisals. What seems clear to me is that telling a student to try harder tells them nothing about how. Last week I tried tracking my wins for a week instead of my failures, and my first draft finally happened. I am holding this loosely, because a student working thirty hours a week is not lacking grit."
F0634,TH025,F0564,S118,4,2026-10-01T09:26:12,"I am not sure I follow the argument about expectancy value theory yet. Stated plainly, self efficacy is built from experience and not from encouragement. When I started choosing the paper topic myself instead of taking the default, the small wins mattered more than I expected. What would you want to see before you trusted expectancy value theory?"
F0635,TH029,F0618,S002,4,2026-10-02T23:14:46,"I agree with the earlier point about self efficacy, but I want to push on one piece. My takeaway is that interest can be developed and is not only something you arrive with. The first time I tried writing down why the unit connects to work I actually care about it felt slow, but the small wins mattered more than I expected. It is worth remembering that a student working thirty hours a week is not lacking grit."
F0636,TH029,F0620,S092,4,2026-10-02T14:49:30,"This thread is helping me see cost appraisals more clearly. My takeaway is that telling a student to try harder tells them nothing about how. I spent two weeks asking my instructor what a strong answer looks like, and the assignment stopped feeling like one giant block."
F0637,TH029,F0632,S084,4,2026-10-04T08:00:00,"Building on the post above, I think interest development is doing a lot of work here. The authors seem to be saying that autonomy matters more when the task is genuinely difficult. I spent two weeks writing down why the unit connects to work I actually care about, and the small wins mattered more than I expected. That said, the interventions that work in one course often fail in another. Where does mastery goals break down in your experience?"
F0638,TH029,F0573,S004,4,2026-10-01T18:39:51,"Building on the post above, I think autonomy support is doing a lot of work here. My takeaway is that telling a student to try harder tells them nothing about how. Where does attribution after a bad grade break down in your experience?"
F0639,TH029,F0610,S022,4,2026-10-03T16:36:18,"I read that section on attribution after a bad grade differently. What I did not expect was the claim that interest can be developed and is not only something you arrive with. I gave asking my instructor what a strong answer looks like an honest try, and I felt more in control even though the work was the same. Where I get stuck is that self report measures are collected right after the intervention. Is interest something a course can actually design for? I liked that the authors admitted what they could not explain."
F0640,TH029,F0584,S044,4,2026-10-03T15:46:47,"Building on the post above, I think mastery goals is doing a lot of work here. My takeaway is that telling a student to try harder tells them nothing about how. It is worth remembering that the interventions that work in one course often fail in another. How would you even measure expectancy value theory in a real classroom?"
F0641,TH029,F0569,S002,4,2026-10-01T17:52:49,"I had the opposite reaction to the claim about interest development. The authors seem to be saying that self efficacy is built from experience and not from encouragement. The first time I tried starting with the part of the problem set I can already do it felt slow, but the assignment stopped feeling like one giant block. How would you even measure cost appraisals in a real classroom? I left this reading more confused than when I started."
F0642,TH029,F0617,S039,4,2026-10-04T08:00:00,"I am not sure I follow the argument about autonomy support yet. It looks like telling a student to try harder tells them nothing about how, though the evidence is not airtight. I spent two weeks asking my instructor what a strong answer looks like, and I felt more in control even though the work was the same. How do you rebuild self efficacy after a bad exam?"
F0643,TH029,F0630,S064,4,2026-10-04T21:33:57,"This framing of cost appraisals lines up with my own experience. Stated plainly, self efficacy is built from experience and not from encouragement. I spent two weeks asking my instructor what a strong answer looks like, and the connection was thin but it was enough to start. Where do you see cost showing up in your own courses?"
F0644,TH029,F0592,S037,4,2026-10-02T08:00:00,"I want to sit with the point about interest development for a second. The reading argues that self efficacy is built from experience and not from encouragement, and I think that is right. I spent two weeks breaking the assignment into pieces small enough to start, and I felt more in control even though the work was the same. One limit worth naming is that a student working thirty hours a week is not lacking grit. Where do you see cost showing up in your own courses?"
F0645,TH029,F0640,S031,4,2026-10-03T18:46:54,"Adding a small counterexample to what has been said about interest development. The reading argues that self efficacy is built from experience and not from encouragement, and I think that is right. Last week I tried choosing the paper topic myself instead of taking the default, and my first draft finally happened. Can an analytics dashboard support motivation without shaming anyone?"
F0646,TH029,F0622,S021,4,2026-10-04T21:12:12,"This framing of interest development lines up with my own experience. If I followed the chapter, interest can be developed and is not only something you arrive with. Something similar happened in a required course outside my field when I was starting with the part of the problem set I can already do, since the assignment stopped feeling like one giant block."
F0647,TH029,F0633,S037,4,2026-10-03T17:21:29,"I read that section on mastery goals differently. What seems clear to me is that telling a student to try harder tells them nothing about how. I gave writing down why the unit connects to work I actually care about an honest try, and I noticed how much of my avoidance was about cost and not interest. Where I get stuck is that the interventions that work in one course often fail in another. I found this reading frustrating and a little discouraging."
F0648,TH029,F0643,S081,4,2026-10-04T21:35:59,"I agree with the earlier point about cost appraisals, but I want to push on one piece. What I did not expect was the claim that autonomy matters more when the task is genuinely difficult. I tested this on myself by writing down why the unit connects to work I actually care about, and I felt more in control even though the work was the same. Where I get stuck is that structural constraints get relabeled as motivation problems."
F0649,TH028,F0567,S112,4,2026-09-30T07:10:57,"I want to sit with the point about cost appraisals for a second. What I did not expect was the claim that performance goals help until the first bad grade arrives. I tested this on myself by tracking my wins for a week instead of my failures, and the assignment stopped feeling like one giant block. Does expectancy value theory look different in an online course?"
F0650,TH029,F0639,S101,4,2026-10-03T23:06:52,"Thank you for naming what bothered me about expectancy value theory. The reading argues that self efficacy is built from experience and not from encouragement, and I think that is right. I tested this on myself by choosing the paper topic myself instead of taking the default, and I felt more in control even though the work was the same. Really glad this was assigned."
F0651,TH029,F0596,S040,4,2026-10-03T15:06:00,"I am not sure I follow the argument about the difference between interest and utility yet. The reading argues that interest can be developed and is not only something you arrive with, and I think that is right. I gave asking my instructor what a strong answer looks like an honest try, and the connection was thin but it was enough to start. Where does mastery goals break down in your experience? Honestly, this was the most useful reading of the semester so far."
F0652,TH026,F0586,S099,4,2026-10-01T13:51:50,"Yes to all of this, and I want to add one thing about autonomy support. My takeaway is that self efficacy is built from experience and not from encouragement. I tested this on myself by breaking the assignment into pieces small enough to start, and I felt more in control even though the work was the same. Is interest something a course can actually design for?"
F0653,TH029,F0612,S041,4,2026-10-03T17:08:27,"Adding a small counterexample to what has been said about autonomy support. What seems clear to me is that cost is the part of the motivation equation we ignore most. When I started tracking my wins for a week instead of my failures, the assignment stopped feeling like one giant block. Where I get stuck is that structural constraints get relabeled as motivation problems."
F0654,TH029,F0614,S023,4,2026-10-04T16:54:11,"I will take the other side on self efficacy, mostly to see what happens. I would say performance goals help until the first bad grade arrives, at least for the kind of material we work with."
F0655,TH029,F0610,S002,4,2026-10-03T11:59:39,"Two people above have said something useful about mastery goals. The part that convinced me is that telling a student to try harder tells them nothing about how. Last week I tried starting with the part of the problem set I can already do, and the small wins mattered more than I expected. How do you rebuild self efficacy after a bad exam?"
F0656,TH029,F0621,S057,4,2026-10-04T19:04:08,"I had the opposite reaction to the claim about interest development. Stated plainly, interest can be developed and is not only something you arrive with. I tested this on myself by asking my instructor what a strong answer looks like, and the assignment stopped feeling like one giant block. I would want to know more before generalizing, since self report measures are collected right after the intervention. Would you design a course around the difference between interest and utility? This clarified something I had been confused about for years."
F0657,TH029,F0601,S016,4,2026-10-04T12:52:04,"I had the opposite reaction to the claim about attribution after a bad grade. It looks like cost is the part of the motivation equation we ignore most, though the evidence is not airtight. Where I get stuck is that self report measures are collected right after the intervention. Is interest something a course can actually design for?"
F0658,TH029,F0622,S093,4,2026-10-04T20:12:31,"Yes to all of this, and I want to add one thing about attribution after a bad grade. The strongest version of the argument is that performance goals help until the first bad grade arrives. Last week I tried choosing the paper topic myself instead of taking the default, and I felt more in control even though the work was the same. What would change your mind about autonomy support?"
F0659,TH029,F0643,S074,4,2026-10-04T21:35:59,"This thread is helping me see the difference between interest and utility more clearly. What I did not expect was the claim that cost is the part of the motivation equation we ignore most. Last week I tried tracking my wins for a week instead of my failures, and the assignment stopped feeling like one giant block. I am holding this loosely, because a student working thirty hours a week is not lacking grit. I left this reading more confused than when I started."
F0660,TH029,F0583,S002,4,2026-10-03T08:00:00,"Coming back to an earlier comment on self efficacy. If I followed the chapter, cost is the part of the motivation equation we ignore most. This is probably context dependent, given that a student working thirty hours a week is not lacking grit. This is the first reading that felt written for practitioners."
F0661,TH029,F0658,S024,4,2026-10-04T21:35:59,Adding a small counterexample to what has been said about attribution after a bad grade. The authors seem to be saying that cost is the part of the motivation equation we ignore most.
F0662,TH029,F0624,S043,4,2026-10-03T14:10:36,"Yes to all of this, and I want to add one thing about self efficacy. Stated plainly, interest can be developed and is not only something you arrive with."
F0663,TH029,F0605,S056,4,2026-10-03T08:00:00,"Adding a small counterexample to what has been said about attribution after a bad grade. What I did not expect was the claim that telling a student to try harder tells them nothing about how. I am holding this loosely, because a student working thirty hours a week is not lacking grit."
F0664,TH029,F0640,S031,4,2026-10-04T07:51:03,"Two people above have said something useful about interest development. If I followed the chapter, telling a student to try harder tells them nothing about how. I spent two weeks starting with the part of the problem set I can already do, and I felt more in control even though the work was the same."
F0665,TH029,F0620,S046,4,2026-10-02T16:32:33,"Coming back to an earlier comment on autonomy support. The part that convinced me is that telling a student to try harder tells them nothing about how. I gave tracking my wins for a week instead of my failures an honest try, and I felt more in control even though the work was the same. Can an analytics dashboard support motivation without shaming anyone?"
F0666,TH029,F0665,S056,4,2026-10-02T23:17:04,"Coming back to an earlier comment on attribution after a bad grade. Stated plainly, cost is the part of the motivation equation we ignore most. During a class where I felt behind from week one I ended up choosing the paper topic myself instead of taking the default, and I felt more in control even though the work was the same. How would you even measure the difference between interest and utility in a real classroom? I kept waiting for the part about resources and it never came."
F0667,TH029,F0612,S039,4,2026-10-03T12:50:36,"I had the opposite reaction to the claim about autonomy support. The reading argues that telling a student to try harder tells them nothing about how, and I think that is right. I gave choosing the paper topic myself instead of taking the default an honest try, and my first draft finally happened. Who benefits when we take attribution after a bad grade seriously, and who does not?"
F0668,TH029,F0661,S057,4,2026-10-04T21:36:00,"I will take the other side on the difference between interest and utility, mostly to see what happens. The authors seem to be saying that self efficacy is built from experience and not from encouragement. Where I get stuck is that a student working thirty hours a week is not lacking grit. How would you even measure interest development in a real classroom?"
F0669,TH029,F0666,S007,4,2026-10-03T12:05:27,"Building on the post above, I think autonomy support is doing a lot of work here. Stated plainly, interest can be developed and is not only something you arrive with. I tested this on myself by asking my instructor what a strong answer looks like, and my first draft finally happened. I am holding this loosely, because the interventions that work in one course often fail in another."
F0670,TH029,F0635,S115,4,2026-10-03T08:00:00,"This thread is helping me see self efficacy more clearly. It looks like telling a student to try harder tells them nothing about how, though the evidence is not airtight. I would want to know more before generalizing, since we rarely see what happens to motivation a year later. What does autonomy support look like in a large lecture? The sample felt too narrow for the size of the claim."
F0671,TH029,F0614,S081,4,2026-10-04T15:01:02,"Adding a small counterexample to what has been said about self efficacy. What seems clear to me is that cost is the part of the motivation equation we ignore most. The first time I tried choosing the paper topic myself instead of taking the default it felt slow, but I felt more in control even though the work was the same. That said, self report measures are collected right after the intervention. Where does mastery goals break down in your experience? This gave me language for something I had only felt."
F0672,TH029,F0668,S077,4,2026-10-04T21:36:01,This framing of mastery goals lines up with my own experience. The authors seem to be saying that telling a student to try harder tells them nothing about how. It is worth remembering that motivation research often measures intentions rather than behavior.
F0673,TH029,F0667,S085,4,2026-10-03T20:39:12,"Yes to all of this, and I want to add one thing about attribution after a bad grade. What seems clear to me is that telling a student to try harder tells them nothing about how."
F0674,TH029,F0642,S097,4,2026-10-04T15:25:44,"I read that section on the difference between interest and utility differently. I keep coming back to the idea that performance goals help until the first bad grade arrives. Last week I tried breaking the assignment into pieces small enough to start, and the small wins mattered more than I expected."
F0675,TH029,F0660,S029,4,2026-10-03T13:38:02,"This framing of self efficacy lines up with my own experience. The part that convinced me is that self efficacy is built from experience and not from encouragement. I gave asking my instructor what a strong answer looks like an honest try, and the small wins mattered more than I expected."
F0676,TH029,F0610,S058,4,2026-10-03T11:52:38,"I agree with the earlier point about expectancy value theory, but I want to push on one piece. What seems clear to me is that interest can be developed and is not only something you arrive with. Last week I tried asking my instructor what a strong answer looks like, and the connection was thin but it was enough to start. I am holding this loosely, because structural constraints get relabeled as motivation problems."
F0677,TH029,F0622,S117,4,2026-10-04T21:05:41,"Coming back to an earlier comment on cost appraisals. Stated plainly, interest can be developed and is not only something you arrive with. Something similar happened in a required course outside my field when I was tracking my wins for a week instead of my failures, since the small wins mattered more than I expected. Where I get stuck is that the interventions that work in one course often fail in another."
F0678,TH029,F0676,S105,4,2026-10-04T07:04:31,"This thread is helping me see autonomy support more clearly. If I followed the chapter, telling a student to try harder tells them nothing about how. In the online section I have been starting with the part of the problem set I can already do, and my first draft finally happened."
F0679,TH029,F0631,S063,4,2026-10-04T08:00:00,"Building on the post above, I think interest development is doing a lot of work here. What I did not expect was the claim that cost is the part of the motivation equation we ignore most. The first time I tried breaking the assignment into pieces small enough to start it felt slow, but the assignment stopped feeling like one giant block. One limit worth naming is that self report measures are collected right after the intervention."
F0680,TH029,F0645,S037,4,2026-10-04T08:00:00,"Yes to all of this, and I want to add one thing about attribution after a bad grade. I would say self efficacy is built from experience and not from encouragement, at least for the kind of material we work with. That said, structural constraints get relabeled as motivation problems. Is interest something a course can actually design for?"
F0681,TH029,F0573,S062,4,2026-10-02T08:00:00,"I read that section on attribution after a bad grade differently. What seems clear to me is that cost is the part of the motivation equation we ignore most. Last week I tried asking my instructor what a strong answer looks like, and the assignment stopped feeling like one giant block. I am struggling to see how any of this survives a real classroom."
F0682,TH029,F0623,S023,4,2026-10-04T21:28:43,"Thank you for naming what bothered me about interest development. What seems clear to me is that self efficacy is built from experience and not from encouragement. I am holding this loosely, because the interventions that work in one course often fail in another."
F0683,TH029,F0642,S017,4,2026-10-04T20:05:30,"I had the opposite reaction to the claim about attribution after a bad grade. I would say interest can be developed and is not only something you arrive with, at least for the kind of material we work with."
F0684,TH029,F0568,S063,4,2026-10-01T08:33:16,"I want to sit with the point about attribution after a bad grade for a second. I keep coming back to the idea that cost is the part of the motivation equation we ignore most. In a course with only two grades all semester I have been writing down why the unit connects to work I actually care about, and I noticed how much of my avoidance was about cost and not interest. Can an analytics dashboard support motivation without shaming anyone?"
F0685,TH029,F0605,S100,4,2026-10-03T08:00:00,"This thread is helping me see interest development more clearly. The authors seem to be saying that cost is the part of the motivation equation we ignore most. During a class where I felt behind from week one I ended up writing down why the unit connects to work I actually care about, and the connection was thin but it was enough to start. This is probably context dependent, given that a student working thirty hours a week is not lacking grit. I am worried we are asking students to fix a system problem."
F0686,TH029,F0611,S083,4,2026-10-03T07:00:29,"I agree with the earlier point about interest development, but I want to push on one piece. I keep coming back to the idea that performance goals help until the first bad grade arrives. I tested this on myself by choosing the paper topic myself instead of taking the default, and I felt more in control even though the work was the same. Great thread, everyone."
F0687,TH029,F0584,S002,4,2026-10-03T14:05:22,"I agree with the earlier point about the difference between interest and utility, but I want to push on one piece. Stated plainly, interest can be developed and is not only something you arrive with. Something similar happened in my capstone project when I was writing down why the unit connects to work I actually care about, since the connection was thin but it was enough to start. The caveat for me is that structural constraints get relabeled as motivation problems."
F0688,TH029,F0614,S057,4,2026-10-04T16:40:27,"I read that section on mastery goals differently. It looks like interest can be developed and is not only something you arrive with, though the evidence is not airtight. I spent two weeks breaking the assignment into pieces small enough to start, and I noticed how much of my avoidance was about cost and not interest."
F0689,TH029,F0682,S090,4,2026-10-04T21:35:59,"Two people above have said something useful about self efficacy. The reading argues that cost is the part of the motivation equation we ignore most, and I think that is right. I spent two weeks choosing the paper topic myself instead of taking the default, and I felt more in control even though the work was the same. I am excited to try this in my own teaching."
F0690,TH029,F0646,S030,4,2026-10-04T21:35:59,"I agree with the earlier point about cost appraisals, but I want to push on one piece. The strongest version of the argument is that cost is the part of the motivation equation we ignore most. Something similar happened in a required course outside my field when I was breaking the assignment into pieces small enough to start, since my first draft finally happened. How would you even measure mastery goals in a real classroom?"
F0691,TH029,F0636,S108,4,2026-10-03T08:07:13,"I am not sure I follow the argument about expectancy value theory yet. The part that convinced me is that performance goals help until the first bad grade arrives. That said, self report measures are collected right after the intervention. Who benefits when we take interest development seriously, and who does not?"
F0692,TH029,F0642,S112,4,2026-10-04T09:01:02,"I had the opposite reaction to the claim about cost appraisals. I keep coming back to the idea that self efficacy is built from experience and not from encouragement. The first time I tried breaking the assignment into pieces small enough to start it felt slow, but I felt more in control even though the work was the same. My hesitation is that a student working thirty hours a week is not lacking grit. Would you design a course around interest development?"
F0693,TH029,F0632,S084,4,2026-10-04T08:00:00,"This thread is helping me see the difference between interest and utility more clearly. What I did not expect was the claim that interest can be developed and is not only something you arrive with. I tested this on myself by writing down why the unit connects to work I actually care about, and the connection was thin but it was enough to start. My hesitation is that we rarely see what happens to motivation a year later."
F0694,TH029,F0689,S020,4,2026-10-04T21:36:00,"I am not sure I follow the argument about mastery goals yet. My takeaway is that interest can be developed and is not only something you arrive with. I am holding this loosely, because we rarely see what happens to motivation a year later."
F0695,TH029,F0658,S075,4,2026-10-04T21:35:30,"Adding a small counterexample to what has been said about self efficacy. Stated plainly, cost is the part of the motivation equation we ignore most. That said, the interventions that work in one course often fail in another."
F0696,TH029,F0646,S052,4,2026-10-04T21:35:48,"I will take the other side on autonomy support, mostly to see what happens. The strongest version of the argument is that telling a student to try harder tells them nothing about how. Who benefits when we take mastery goals seriously, and who does not?"
F0697,TH029,F0595,S004,4,2026-10-03T17:30:58,"This framing of attribution after a bad grade lines up with my own experience. I would say interest can be developed and is not only something you arrive with, at least for the kind of material we work with. Last week I tried choosing the paper topic myself instead of taking the default, and my first draft finally happened."
F0698,TH029,F0683,S084,4,2026-10-04T21:21:49,"Building on the post above, I think mastery goals is doing a lot of work here. The authors seem to be saying that performance goals help until the first bad grade arrives. Does self efficacy look different in an online course?"
F0699,TH029,F0653,S022,4,2026-10-04T08:00:00,"I will take the other side on the difference between interest and utility, mostly to see what happens. The strongest version of the argument is that autonomy matters more when the task is genuinely difficult. Where do you see cost showing up in your own courses?"
F0700,TH029,F0585,S002,4,2026-10-01T19:03:23,"Building on the post above, I think autonomy support is doing a lot of work here. I would say cost is the part of the motivation equation we ignore most, at least for the kind of material we work with. I gave tracking my wins for a week instead of my failures an honest try, and my first draft finally happened."
F0701,TH029,F0637,S097,4,2026-10-04T13:50:19,"Thank you for naming what bothered me about self efficacy. My takeaway is that performance goals help until the first bad grade arrives. The first time I tried tracking my wins for a week instead of my failures it felt slow, but I felt more in control even though the work was the same."
F0702,TH029,F0588,S063,4,2026-10-02T16:09:47,"I read that section on the difference between interest and utility differently. The authors seem to be saying that autonomy matters more when the task is genuinely difficult. When I started tracking my wins for a week instead of my failures, the connection was thin but it was enough to start. I would want to know more before generalizing, since motivation research often measures intentions rather than behavior."
F0703,TH029,F0617,S029,4,2026-10-03T19:15:21,"I had the opposite reaction to the claim about expectancy value theory. It looks like interest can be developed and is not only something you arrive with, though the evidence is not airtight. How would you even measure mastery goals in a real classroom? I found this reading frustrating and a little discouraging."
F0704,TH029,F0655,S043,4,2026-10-03T14:45:09,"This framing of cost appraisals lines up with my own experience. The strongest version of the argument is that self efficacy is built from experience and not from encouragement. During my capstone project I ended up writing down why the unit connects to work I actually care about, and the small wins mattered more than I expected. Is interest something a course can actually design for?"
F0705,TH029,F0622,S106,4,2026-10-04T21:21:29,"Two people above have said something useful about cost appraisals. My takeaway is that cost is the part of the motivation equation we ignore most. In a course with only two grades all semester I have been tracking my wins for a week instead of my failures, and I noticed how much of my avoidance was about cost and not interest. Do mastery goals survive contact with a curve?"
F0706,TH029,F0682,S090,4,2026-10-04T21:35:59,"I read that section on cost appraisals differently. It looks like performance goals help until the first bad grade arrives, though the evidence is not airtight. The first time I tried asking my instructor what a strong answer looks like it felt slow, but my first draft finally happened. Is interest something a course can actually design for?"
F0707,TH029,F0610,S118,4,2026-10-03T11:22:41,"This framing of expectancy value theory lines up with my own experience. Stated plainly, autonomy matters more when the task is genuinely difficult. The first time I tried breaking the assignment into pieces small enough to start it felt slow, but I noticed how much of my avoidance was about cost and not interest. This is probably context dependent, given that the interventions that work in one course often fail in another."
F0708,TH029,F0693,S039,4,2026-10-04T11:42:59,I am not sure I follow the argument about mastery goals yet. I keep coming back to the idea that autonomy matters more when the task is genuinely difficult.
F0709,TH029,F0683,S009,4,2026-10-04T21:35:59,"Adding a small counterexample to what has been said about mastery goals. My takeaway is that telling a student to try harder tells them nothing about how. In the online section I have been asking my instructor what a strong answer looks like, and the connection was thin but it was enough to start. The caveat for me is that we rarely see what happens to motivation a year later."
F0710,TH029,F0690,S093,4,2026-10-04T21:36:00,"Building on the post above, I think the difference between interest and utility is doing a lot of work here. The strongest version of the argument is that autonomy matters more when the task is genuinely difficult. The caveat for me is that self report measures are collected right after the intervention."
F0711,TH029,F0646,S077,4,2026-10-04T21:35:59,"This framing of self efficacy lines up with my own experience. The authors seem to be saying that telling a student to try harder tells them nothing about how. When I started starting with the part of the problem set I can already do, the assignment stopped feeling like one giant block. I would want to know more before generalizing, since structural constraints get relabeled as motivation problems. Where does interest development break down in your experience?"
F0712,TH029,F0617,S044,4,2026-10-03T22:34:11,"Building on the post above, I think cost appraisals is doing a lot of work here. I would say self efficacy is built from experience and not from encouragement, at least for the kind of material we work with. Can an analytics dashboard support motivation without shaming anyone?"
F0713,TH029,F0701,S029,4,2026-10-04T19:49:39,"I had the opposite reaction to the claim about interest development. The reading argues that self efficacy is built from experience and not from encouragement, and I think that is right. That said, motivation research often measures intentions rather than behavior."
F0714,TH029,F0685,S063,4,2026-10-03T14:23:28,"Yes to all of this, and I want to add one thing about expectancy value theory. I keep coming back to the idea that autonomy matters more when the task is genuinely difficult. In a course with only two grades all semester I have been tracking my wins for a week instead of my failures, and the assignment stopped feeling like one giant block. That said, structural constraints get relabeled as motivation problems. Do mastery goals survive contact with a curve? I am excited to try this in my own teaching."
F0715,TH029,F0646,S045,4,2026-10-04T21:35:55,"Adding a small counterexample to what has been said about self efficacy. Stated plainly, performance goals help until the first bad grade arrives. I tested this on myself by choosing the paper topic myself instead of taking the default, and the small wins mattered more than I expected."
F0716,TH029,F0621,S093,4,2026-10-04T10:21:51,"Building on the post above, I think interest development is doing a lot of work here. I would say autonomy matters more when the task is genuinely difficult, at least for the kind of material we work with. I gave choosing the paper topic myself instead of taking the default an honest try, and the assignment stopped feeling like one giant block. Where I get stuck is that self report measures are collected right after the intervention. Would you design a course around expectancy value theory? Really glad this was assigned."
F0717,TH029,F0616,S056,4,2026-10-03T18:56:49,"I will take the other side on mastery goals, mostly to see what happens. If I followed the chapter, performance goals help until the first bad grade arrives. Something similar happened in my capstone project when I was asking my instructor what a strong answer looks like, since the connection was thin but it was enough to start."
F0718,TH029,F0633,S065,4,2026-10-03T11:31:43,"Building on the post above, I think self efficacy is doing a lot of work here. What seems clear to me is that interest can be developed and is not only something you arrive with. The first time I tried writing down why the unit connects to work I actually care about it felt slow, but the small wins mattered more than I expected. Can an analytics dashboard support motivation without shaming anyone?"
F0719,TH029,F0709,S087,4,2026-10-04T21:36:00,"Coming back to an earlier comment on interest development. I keep coming back to the idea that interest can be developed and is not only something you arrive with. When I started choosing the paper topic myself instead of taking the default, the connection was thin but it was enough to start. That said, the interventions that work in one course often fail in another. What would change your mind about self efficacy?"
F0720,TH029,F0635,S084,4,2026-10-03T08:00:00,"Coming back to an earlier comment on the difference between interest and utility. If I followed the chapter, performance goals help until the first bad grade arrives. I spent two weeks tracking my wins for a week instead of my failures, and I noticed how much of my avoidance was about cost and not interest."
F0721,TH029,F0647,S061,4,2026-10-03T18:31:35,"I had the opposite reaction to the claim about the difference between interest and utility. The authors seem to be saying that interest can be developed and is not only something you arrive with. I gave choosing the paper topic myself instead of taking the default an honest try, and I felt more in control even though the work was the same."
F0722,TH029,F0671,S099,4,2026-10-04T21:03:29,I am not sure I follow the argument about the difference between interest and utility yet. The part that convinced me is that self efficacy is built from experience and not from encouragement. The caveat for me is that we rarely see what happens to motivation a year later.
F0723,TH029,F0635,S033,4,2026-10-03T08:00:00,"Adding a small counterexample to what has been said about autonomy support. If I followed the chapter, autonomy matters more when the task is genuinely difficult. Something similar happened in a course with only two grades all semester when I was writing down why the unit connects to work I actually care about, since the small wins mattered more than I expected. That said, the interventions that work in one course often fail in another."
F0724,TH029,F0699,S120,4,2026-10-04T10:03:41,"Building on the post above, I think attribution after a bad grade is doing a lot of work here. What seems clear to me is that performance goals help until the first bad grade arrives. Would you design a course around the difference between interest and utility?"
F0725,TH029,F0632,S040,4,2026-10-04T11:26:43,"Building on the post above, I think autonomy support is doing a lot of work here. The authors seem to be saying that autonomy matters more when the task is genuinely difficult. I tested this on myself by choosing the paper topic myself instead of taking the default, and I noticed how much of my avoidance was about cost and not interest. This is probably context dependent, given that motivation research often measures intentions rather than behavior. Who benefits when we take the difference between interest and utility seriously, and who does not?"
F0726,TH029,F0722,S057,4,2026-10-04T21:35:43,"I am not sure I follow the argument about self efficacy yet. I would say autonomy matters more when the task is genuinely difficult, at least for the kind of material we work with. During the online section I ended up breaking the assignment into pieces small enough to start, and the assignment stopped feeling like one giant block."
F0727,TH030,,S107,5,2026-10-07T09:26:06,"Quick question for the group about role assignment. The part that convinced me is that one dominant voice can hide four people who understood more. I gave leaving the first ten minutes for planning rather than drafting an honest try, and two people who had said nothing turned out to have the key objection. What counts as an idea unit if the idea arrives in three fragments?"
F0728,TH031,,S015,5,2026-10-06T05:10:07,"I want to open a thread on socially shared regulation. The authors seem to be saying that building on someone else's idea is a skill that has to be taught. When I started putting our disagreements in the shared doc instead of resolving them fast, the disagreement turned out to be about definitions. One limit worth naming is that talk time is easy to measure and easy to overinterpret. What counts as an idea unit if the idea arrives in three fragments?"
F0729,TH032,,S040,5,2026-10-07T08:54:11,Something about socially shared regulation has been nagging at me all week. The authors seem to be saying that equal talk time is not the same thing as equal contribution.
F0730,TH033,,S119,5,2026-10-07T04:07:19,"Something about productive friction has been nagging at me all week. I would say roles help until they become an excuse to stop listening, at least for the kind of material we work with. One limit worth naming is that group grades hide enormous variation inside the group. How would you even measure free riding in a real classroom?"
F0731,TH034,,S056,5,2026-10-08T06:33:44,"Quick question for the group about socially shared regulation. The strongest version of the argument is that groups get smarter when disagreement is about ideas and not people. The first time I tried asking the quietest person for their read before we decided it felt slow, but we stopped redoing each other's work. How would you explain role assignment to a first year student? This one actually changed something about my week, which is rare."
F0732,TH035,,S079,5,2026-10-05T22:56:45,"I would say the group that plans first usually finishes with less rework, at least for the kind of material we work with. During a lab team of four I ended up leaving the first ten minutes for planning rather than drafting, and the disagreement turned out to be about definitions. Has role assignment ever backfired in your experience?"
F0733,TH036,,S090,5,2026-10-08T03:29:01,"I want to open a thread on group regulation. If I followed the chapter, the group that plans first usually finishes with less rework. What would you want to see before you trusted who gets listened to in a group?"
F0734,TH032,F0729,S120,5,2026-10-07T12:16:20,"I read that section on role assignment differently. I would say equal talk time is not the same thing as equal contribution, at least for the kind of material we work with. Something similar happened in a class where groups were assigned randomly when I was putting our disagreements in the shared doc instead of resolving them fast, since the disagreement turned out to be about definitions. One limit worth naming is that quiet does not mean disengaged in every culture or every group."
F0735,TH032,F0734,S039,5,2026-10-07T23:11:31,"I had the opposite reaction to the claim about free riding. What seems clear to me is that the group that plans first usually finishes with less rework. The first time I tried putting our disagreements in the shared doc instead of resolving them fast it felt slow, but the conversation got sharper once we wrote first. What counts as an idea unit if the idea arrives in three fragments?"
F0736,TH035,F0732,S013,5,2026-10-06T13:54:34,"This framing of productive friction lines up with my own experience. What seems clear to me is that roles help until they become an excuse to stop listening. During a class where groups were assigned randomly I ended up restating the previous person's point before adding mine, and the conversation got sharper once we wrote first. How do you surface a quiet objection without putting someone on the spot?"
F0737,TH036,F0733,S057,5,2026-10-08T13:15:55,"Adding a small counterexample to what has been said about shared mental models. I would say the group that plans first usually finishes with less rework, at least for the kind of material we work with. I gave restating the previous person's point before adding mine an honest try, and the disagreement turned out to be about definitions. That said, quiet does not mean disengaged in every culture or every group."
F0738,TH034,F0731,S063,5,2026-10-08T15:38:21,Coming back to an earlier comment on socially shared regulation. The authors seem to be saying that equal talk time is not the same thing as equal contribution. One limit worth naming is that a single session is a very thin slice of a collaboration.
F0739,TH036,F0733,S117,5,2026-10-08T07:33:59,"I will take the other side on socially shared regulation, mostly to see what happens. What I did not expect was the claim that one dominant voice can hide four people who understood more. My hesitation is that quiet does not mean disengaged in every culture or every group."
F0740,TH034,F0738,S037,5,2026-10-09T08:00:00,"Thank you for naming what bothered me about productive friction. The part that convinced me is that groups get smarter when disagreement is about ideas and not people. The first time I tried assigning a rotating facilitator each week it felt slow, but two people who had said nothing turned out to have the key objection."
F0741,TH034,F0740,S089,5,2026-10-09T11:22:05,"I am not sure I follow the argument about socially shared regulation yet. The part that convinced me is that groups get smarter when disagreement is about ideas and not people. During a lab team of four I ended up starting our session with two minutes of silent individual writing, and the disagreement turned out to be about definitions. What would you want to see before you trusted socially shared regulation?"
F0742,TH036,F0733,S106,5,2026-10-08T16:07:09,"Building on the post above, I think group regulation is doing a lot of work here. What seems clear to me is that equal talk time is not the same thing as equal contribution. The first time I tried assigning a rotating facilitator each week it felt slow, but two people who had said nothing turned out to have the key objection."
F0743,TH034,F0741,S046,5,2026-10-09T21:25:42,"Building on the post above, I think shared mental models is doing a lot of work here. What seems clear to me is that the group that plans first usually finishes with less rework. I am holding this loosely, because the same group behaves differently on a task they care about. What counts as an idea unit if the idea arrives in three fragments? I have already sent this one to a colleague."
F0744,TH033,F0730,S105,5,2026-10-07T18:54:00,"Adding a small counterexample to what has been said about socially shared regulation. Stated plainly, roles help until they become an excuse to stop listening. During a class where groups were assigned randomly I ended up restating the previous person's point before adding mine, and our artifact was better and the session felt slower."
F0745,TH032,F0735,S009,5,2026-10-08T14:14:12,"Thank you for naming what bothered me about transactive discussion. I would say building on someone else's idea is a skill that has to be taught, at least for the kind of material we work with. During a semester long design project I ended up leaving the first ten minutes for planning rather than drafting, and we finished early and the quality did not suffer."
F0746,TH033,F0730,S031,5,2026-10-07T13:39:26,"I read that section on role assignment differently. What seems clear to me is that groups get smarter when disagreement is about ideas and not people. In a class where groups were assigned randomly I have been putting our disagreements in the shared doc instead of resolving them fast, and we finished early and the quality did not suffer. My hesitation is that our data cannot see who did the thinking between sessions. I finished this feeling more hopeful than I expected."
F0747,TH036,F0733,S052,5,2026-10-08T08:00:00,"Two people above have said something useful about socially shared regulation. The part that convinced me is that groups get smarter when disagreement is about ideas and not people. I gave asking the quietest person for their read before we decided an honest try, and the disagreement turned out to be about definitions. What counts as an idea unit if the idea arrives in three fragments?"
F0748,TH032,F0729,S087,5,2026-10-07T17:55:19,"I want to sit with the point about who gets listened to in a group for a second. It looks like building on someone else's idea is a skill that has to be taught, though the evidence is not airtight. I tested this on myself by starting our session with two minutes of silent individual writing, and the disagreement turned out to be about definitions."
F0749,TH032,F0734,S009,5,2026-10-07T14:34:27,Two people above have said something useful about shared mental models. I keep coming back to the idea that building on someone else's idea is a skill that has to be taught. How do you surface a quiet objection without putting someone on the spot? This clarified something I had been confused about for years.
F0750,TH036,F0733,S117,5,2026-10-08T08:00:00,"Adding a small counterexample to what has been said about productive friction. The strongest version of the argument is that one dominant voice can hide four people who understood more. I gave assigning a rotating facilitator each week an honest try, and our artifact was better and the session felt slower. Is productive friction something you can design for? This one wore me out, to be honest."
F0751,TH032,F0729,S115,5,2026-10-08T08:00:00,"Adding a small counterexample to what has been said about transactive discussion. If I followed the chapter, roles help until they become an excuse to stop listening. In an online group I have been asking the quietest person for their read before we decided, and the conversation got sharper once we wrote first. That said, our data cannot see who did the thinking between sessions. What should a collaboration dashboard refuse to show the group?"
F0752,TH036,F0742,S095,5,2026-10-08T16:11:37,"I am not sure I follow the argument about group regulation yet. The strongest version of the argument is that the group that plans first usually finishes with less rework. During a semester long design project I ended up starting our session with two minutes of silent individual writing, and two people who had said nothing turned out to have the key objection."
F0753,TH036,F0733,S027,5,2026-10-08T21:50:20,"Coming back to an earlier comment on socially shared regulation. If I followed the chapter, roles help until they become an excuse to stop listening. I gave assigning a rotating facilitator each week an honest try, and we stopped redoing each other's work. Would you design a course around socially shared regulation?"
F0754,TH036,F0737,S074,5,2026-10-09T08:00:00,"Two people above have said something useful about socially shared regulation. I would say groups get smarter when disagreement is about ideas and not people, at least for the kind of material we work with. I am holding this loosely, because quiet does not mean disengaged in every culture or every group. What counts as an idea unit if the idea arrives in three fragments?"
F0755,TH033,F0744,S002,5,2026-10-08T08:00:00,"Yes to all of this, and I want to add one thing about role assignment. I would say groups get smarter when disagreement is about ideas and not people, at least for the kind of material we work with. During our studio group I ended up restating the previous person's point before adding mine, and we stopped redoing each other's work. I am holding this loosely, because group grades hide enormous variation inside the group. What counts as an idea unit if the idea arrives in three fragments?"
F0756,TH034,F0738,S061,5,2026-10-08T23:04:06,"This framing of productive friction lines up with my own experience. The part that convinced me is that roles help until they become an excuse to stop listening. The first time I tried putting our disagreements in the shared doc instead of resolving them fast it felt slow, but we finished early and the quality did not suffer. Would you design a course around group regulation?"
F0757,TH032,F0734,S017,5,2026-10-07T13:45:57,"I want to sit with the point about shared mental models for a second. If I followed the chapter, groups get smarter when disagreement is about ideas and not people. I spent two weeks leaving the first ten minutes for planning rather than drafting, and the conversation got sharper once we wrote first. What should a collaboration dashboard refuse to show the group?"
F0758,TH032,F0745,S054,5,2026-10-08T22:00:41,"Building on the post above, I think shared mental models is doing a lot of work here. My takeaway is that groups get smarter when disagreement is about ideas and not people. The first time I tried assigning a rotating facilitator each week it felt slow, but the disagreement turned out to be about definitions. How do you surface a quiet objection without putting someone on the spot? This gave me language for something I had only felt."
F0759,TH036,F0733,S074,5,2026-10-08T11:07:52,"Building on the post above, I think role assignment is doing a lot of work here. The part that convinced me is that one dominant voice can hide four people who understood more. Last week I tried starting our session with two minutes of silent individual writing, and we finished early and the quality did not suffer. I am holding this loosely, because the same group behaves differently on a task they care about. This gave me language for something I had only felt."
F0760,TH036,F0742,S093,5,2026-10-08T20:58:54,Coming back to an earlier comment on group regulation. My takeaway is that equal talk time is not the same thing as equal contribution.
F0761,TH032,F0751,S085,5,2026-10-08T08:20:48,"This framing of group regulation lines up with my own experience. If I followed the chapter, building on someone else's idea is a skill that has to be taught. I would want to know more before generalizing, since the same group behaves differently on a task they care about. How would you even measure who gets listened to in a group in a real classroom? The examples were the best part for me."
F0762,TH031,F0728,S076,5,2026-10-06T08:00:00,"I agree with the earlier point about socially shared regulation, but I want to push on one piece. The part that convinced me is that the group that plans first usually finishes with less rework. Is productive friction something you can design for?"
F0763,TH036,F0754,S075,5,2026-10-09T11:06:10,"Coming back to an earlier comment on productive friction. Stated plainly, the group that plans first usually finishes with less rework. I gave leaving the first ten minutes for planning rather than drafting an honest try, and we stopped redoing each other's work. How would you explain socially shared regulation to a first year student?"
F0764,TH031,F0728,S069,5,2026-10-06T07:55:21,"Building on the post above, I think transactive discussion is doing a lot of work here. If I followed the chapter, one dominant voice can hide four people who understood more. Last week I tried assigning a rotating facilitator each week, and two people who had said nothing turned out to have the key objection. Does group regulation look different in an online course?"
F0765,TH036,F0763,S093,5,2026-10-09T23:04:40,"Yes to all of this, and I want to add one thing about socially shared regulation. It looks like the group that plans first usually finishes with less rework, though the evidence is not airtight. I tested this on myself by putting our disagreements in the shared doc instead of resolving them fast, and we stopped redoing each other's work."
F0766,TH032,F0757,S044,5,2026-10-07T17:30:42,"Yes to all of this, and I want to add one thing about group regulation. I keep coming back to the idea that roles help until they become an excuse to stop listening. The first time I tried restating the previous person's point before adding mine it felt slow, but the disagreement turned out to be about definitions. My hesitation is that talk time is easy to measure and easy to overinterpret."
F0767,TH036,F0742,S064,5,2026-10-09T08:00:00,"Adding a small counterexample to what has been said about role assignment. What seems clear to me is that the group that plans first usually finishes with less rework. Last week I tried restating the previous person's point before adding mine, and the disagreement turned out to be about definitions. I would want to know more before generalizing, since our data cannot see who did the thinking between sessions. What counts as an idea unit if the idea arrives in three fragments?"
F0768,TH036,F0747,S088,5,2026-10-08T12:35:59,Two people above have said something useful about group regulation. What seems clear to me is that groups get smarter when disagreement is about ideas and not people. How do you surface a quiet objection without putting someone on the spot?
F0769,TH032,F0757,S039,5,2026-10-08T08:00:00,"I read that section on shared mental models differently. What I did not expect was the claim that roles help until they become an excuse to stop listening. I gave restating the previous person's point before adding mine an honest try, and the disagreement turned out to be about definitions. It is worth remembering that quiet does not mean disengaged in every culture or every group. What counts as an idea unit if the idea arrives in three fragments?"
F0770,TH034,F0738,S065,5,2026-10-08T15:47:18,"I will take the other side on group regulation, mostly to see what happens. My takeaway is that building on someone else's idea is a skill that has to be taught. It is worth remembering that quiet does not mean disengaged in every culture or every group. How would you measure contribution without privileging talk?"
F0771,TH034,F0741,S055,5,2026-10-10T08:00:00,"I agree with the earlier point about socially shared regulation, but I want to push on one piece. The authors seem to be saying that groups get smarter when disagreement is about ideas and not people. My hesitation is that a single session is a very thin slice of a collaboration. Is productive friction something you can design for?"
F0772,TH032,F0748,S103,5,2026-10-08T08:00:00,"Adding a small counterexample to what has been said about free riding. Stated plainly, building on someone else's idea is a skill that has to be taught. Where I get stuck is that talk time is easy to measure and easy to overinterpret."
F0773,TH036,F0767,S057,5,2026-10-09T09:38:44,"I will take the other side on free riding, mostly to see what happens. The part that convinced me is that one dominant voice can hide four people who understood more. During a lab team of four I ended up asking the quietest person for their read before we decided, and the disagreement turned out to be about definitions. I am holding this loosely, because quiet does not mean disengaged in every culture or every group."
F0774,TH032,F0757,S039,5,2026-10-07T21:17:54,"I am not sure I follow the argument about free riding yet. The authors seem to be saying that roles help until they become an excuse to stop listening. I spent two weeks starting our session with two minutes of silent individual writing, and the disagreement turned out to be about definitions."
F0775,TH036,F0742,S117,5,2026-10-08T18:53:23,"I will take the other side on free riding, mostly to see what happens. If I followed the chapter, groups get smarter when disagreement is about ideas and not people. Something similar happened in an online group when I was leaving the first ten minutes for planning rather than drafting, since we finished early and the quality did not suffer. My hesitation is that group grades hide enormous variation inside the group. What counts as an idea unit if the idea arrives in three fragments?"
F0776,TH036,F0775,S107,5,2026-10-09T08:50:15,"Adding a small counterexample to what has been said about transactive discussion. If I followed the chapter, building on someone else's idea is a skill that has to be taught. Where does free riding break down in your experience? Thanks to whoever picked this reading."
F0777,TH034,F0770,S025,5,2026-10-08T18:56:08,"I read that section on productive friction differently. What seems clear to me is that building on someone else's idea is a skill that has to be taught. What would you want to see before you trusted shared mental models? Great thread, everyone."
F0778,TH032,F0766,S006,5,2026-10-08T08:00:00,"I read that section on shared mental models differently. What seems clear to me is that one dominant voice can hide four people who understood more. That said, talk time is easy to measure and easy to overinterpret. What counts as an idea unit if the idea arrives in three fragments? I finished this a little annoyed, which may be my own week talking."
F0779,TH032,F0772,S101,5,2026-10-08T12:23:54,"Thank you for naming what bothered me about productive friction. The strongest version of the argument is that equal talk time is not the same thing as equal contribution. I tested this on myself by starting our session with two minutes of silent individual writing, and we finished early and the quality did not suffer. Honestly, this was the most useful reading of the semester so far."
F0780,TH036,F0767,S019,5,2026-10-09T11:39:39,"I had the opposite reaction to the claim about free riding. Stated plainly, groups get smarter when disagreement is about ideas and not people. I tested this on myself by putting our disagreements in the shared doc instead of resolving them fast, and two people who had said nothing turned out to have the key objection. Where I get stuck is that quiet does not mean disengaged in every culture or every group. Is productive friction something you can design for?"
F0781,TH032,F0778,S017,5,2026-10-08T11:12:38,"Thank you for naming what bothered me about group regulation. The authors seem to be saying that roles help until they become an excuse to stop listening. During a lab team of four I ended up putting our disagreements in the shared doc instead of resolving them fast, and we stopped redoing each other's work. I would want to know more before generalizing, since talk time is easy to measure and easy to overinterpret. Has role assignment ever backfired in your experience?"
F0782,TH032,F0751,S118,5,2026-10-09T08:00:00,Coming back to an earlier comment on shared mental models. What I did not expect was the claim that groups get smarter when disagreement is about ideas and not people. The caveat for me is that talk time is easy to measure and easy to overinterpret.
F0783,TH031,F0728,S056,5,2026-10-06T12:19:10,"I agree with the earlier point about shared mental models, but I want to push on one piece. If I followed the chapter, roles help until they become an excuse to stop listening. I would want to know more before generalizing, since a single session is a very thin slice of a collaboration. Does role assignment look different in an online course?"
F0784,TH036,F0773,S114,5,2026-10-09T10:35:10,"I agree with the earlier point about socially shared regulation, but I want to push on one piece. The reading argues that roles help until they become an excuse to stop listening, and I think that is right. The caveat for me is that our data cannot see who did the thinking between sessions."
F0785,TH034,F0741,S056,5,2026-10-09T16:03:34,"Coming back to an earlier comment on free riding. My takeaway is that roles help until they become an excuse to stop listening. In our studio group I have been restating the previous person's point before adding mine, and two people who had said nothing turned out to have the key objection. I am struggling to see how any of this survives a real classroom."
F0786,TH032,F0769,S009,5,2026-10-08T12:14:20,"Building on the post above, I think who gets listened to in a group is doing a lot of work here. What I did not expect was the claim that one dominant voice can hide four people who understood more. It is worth remembering that the same group behaves differently on a task they care about."
F0787,TH032,F0774,S045,5,2026-10-08T08:00:00,"Adding a small counterexample to what has been said about group regulation. It looks like equal talk time is not the same thing as equal contribution, though the evidence is not airtight. I spent two weeks starting our session with two minutes of silent individual writing, and the disagreement turned out to be about definitions. It is worth remembering that talk time is easy to measure and easy to overinterpret. How do you surface a quiet objection without putting someone on the spot?"
F0788,TH034,F0738,S076,5,2026-10-08T18:49:41,"Building on the post above, I think socially shared regulation is doing a lot of work here. The part that convinced me is that roles help until they become an excuse to stop listening. The first time I tried asking the quietest person for their read before we decided it felt slow, but we finished early and the quality did not suffer. Is productive friction something you can design for?"
F0789,TH032,F0761,S087,5,2026-10-08T18:26:09,"I will take the other side on socially shared regulation, mostly to see what happens. I keep coming back to the idea that the group that plans first usually finishes with less rework. I tested this on myself by putting our disagreements in the shared doc instead of resolving them fast, and we stopped redoing each other's work. How would you measure contribution without privileging talk? I finished this feeling more hopeful than I expected."
F0790,TH034,F0770,S020,5,2026-10-08T21:50:57,"This thread is helping me see role assignment more clearly. Stated plainly, the group that plans first usually finishes with less rework. How would you measure contribution without privileging talk?"
F0791,TH036,F0773,S052,5,2026-10-09T16:01:49,I had the opposite reaction to the claim about group regulation. The strongest version of the argument is that one dominant voice can hide four people who understood more. The caveat for me is that group grades hide enormous variation inside the group. Has role assignment ever backfired in your experience?
F0792,TH031,F0783,S065,5,2026-10-06T22:49:00,"Adding a small counterexample to what has been said about free riding. The strongest version of the argument is that groups get smarter when disagreement is about ideas and not people. I tested this on myself by starting our session with two minutes of silent individual writing, and we stopped redoing each other's work. Is productive friction something you can design for?"
F0793,TH034,F0771,S062,5,2026-10-10T23:11:06,"This framing of socially shared regulation lines up with my own experience. If I followed the chapter, one dominant voice can hide four people who understood more. The first time I tried starting our session with two minutes of silent individual writing it felt slow, but we finished early and the quality did not suffer."
F0794,TH036,F0752,S023,5,2026-10-09T07:47:11,"Adding a small counterexample to what has been said about shared mental models. What I did not expect was the claim that equal talk time is not the same thing as equal contribution. The first time I tried asking the quietest person for their read before we decided it felt slow, but we finished early and the quality did not suffer. What would you want to see before you trusted group regulation?"
F0795,TH032,F0735,S105,5,2026-10-08T08:00:00,"I read that section on role assignment differently. I would say roles help until they become an excuse to stop listening, at least for the kind of material we work with. I gave restating the previous person's point before adding mine an honest try, and the conversation got sharper once we wrote first."
F0796,TH034,F0771,S060,5,2026-10-10T08:42:10,"Adding a small counterexample to what has been said about group regulation. The part that convinced me is that the group that plans first usually finishes with less rework. Last week I tried starting our session with two minutes of silent individual writing, and our artifact was better and the session felt slower. Where I get stuck is that talk time is easy to measure and easy to overinterpret. Where does role assignment break down in your experience? This one wore me out, to be honest."
F0797,TH034,F0796,S061,5,2026-10-10T15:47:07,"This framing of productive friction lines up with my own experience. If I followed the chapter, roles help until they become an excuse to stop listening. During a semester long design project I ended up leaving the first ten minutes for planning rather than drafting, and we finished early and the quality did not suffer. This is probably context dependent, given that our data cannot see who did the thinking between sessions."
F0798,TH036,F0767,S019,5,2026-10-09T09:59:46,"I want to sit with the point about who gets listened to in a group for a second. I keep coming back to the idea that building on someone else's idea is a skill that has to be taught. I gave starting our session with two minutes of silent individual writing an honest try, and two people who had said nothing turned out to have the key objection. How would you measure contribution without privileging talk?"
F0799,TH032,F0772,S026,5,2026-10-08T16:21:19,"I agree with the earlier point about socially shared regulation, but I want to push on one piece. I would say the group that plans first usually finishes with less rework, at least for the kind of material we work with. Last week I tried leaving the first ten minutes for planning rather than drafting, and the conversation got sharper once we wrote first. What should a collaboration dashboard refuse to show the group?"
F0800,TH032,F0786,S087,5,2026-10-08T23:19:36,"I am not sure I follow the argument about role assignment yet. Stated plainly, building on someone else's idea is a skill that has to be taught. Where I get stuck is that group grades hide enormous variation inside the group. Would you design a course around shared mental models? I finished this a little annoyed, which may be my own week talking."
F0801,TH036,F0794,S099,5,2026-10-09T20:39:36,"I read that section on transactive discussion differently. I would say building on someone else's idea is a skill that has to be taught, at least for the kind of material we work with. I tested this on myself by assigning a rotating facilitator each week, and we stopped redoing each other's work. How would you measure contribution without privileging talk?"
F0802,TH036,F0801,S020,5,2026-10-10T08:00:00,"This framing of productive friction lines up with my own experience. The strongest version of the argument is that roles help until they become an excuse to stop listening. The first time I tried starting our session with two minutes of silent individual writing it felt slow, but the disagreement turned out to be about definitions. It is worth remembering that talk time is easy to measure and easy to overinterpret."
F0803,TH032,F0786,S045,5,2026-10-08T13:41:55,"I had the opposite reaction to the claim about shared mental models. I would say the group that plans first usually finishes with less rework, at least for the kind of material we work with. My hesitation is that a single session is a very thin slice of a collaboration."
F0804,TH034,F0738,S007,5,2026-10-09T08:00:00,Thank you for naming what bothered me about who gets listened to in a group. The authors seem to be saying that equal talk time is not the same thing as equal contribution. One limit worth naming is that a single session is a very thin slice of a collaboration. How would you measure contribution without privileging talk? I am excited to try this in my own teaching.
F0805,TH036,F0794,S095,5,2026-10-09T18:14:44,"I want to sit with the point about free riding for a second. I would say groups get smarter when disagreement is about ideas and not people, at least for the kind of material we work with. Something similar happened in a class where groups were assigned randomly when I was restating the previous person's point before adding mine, since we finished early and the quality did not suffer. The caveat for me is that our data cannot see who did the thinking between sessions. What would change your mind about who gets listened to in a group?"
F0806,TH032,F0782,S039,5,2026-10-09T11:14:07,"I will take the other side on transactive discussion, mostly to see what happens. Stated plainly, groups get smarter when disagreement is about ideas and not people. I gave starting our session with two minutes of silent individual writing an honest try, and we finished early and the quality did not suffer. This is probably context dependent, given that our data cannot see who did the thinking between sessions. Where does who gets listened to in a group break down in your experience?"
F0807,TH036,F0802,S039,5,2026-10-10T14:50:11,"I agree with the earlier point about free riding, but I want to push on one piece. Stated plainly, building on someone else's idea is a skill that has to be taught. When I started starting our session with two minutes of silent individual writing, the conversation got sharper once we wrote first. It is worth remembering that quiet does not mean disengaged in every culture or every group. This gave me language for something I had only felt."
F0808,TH036,F0752,S092,5,2026-10-08T21:57:42,"I will take the other side on role assignment, mostly to see what happens. The strongest version of the argument is that roles help until they become an excuse to stop listening. Does shared mental models look different in an online course?"
F0809,TH032,F0751,S009,5,2026-10-08T08:46:02,I read that section on free riding differently. The strongest version of the argument is that one dominant voice can hide four people who understood more. How do you surface a quiet objection without putting someone on the spot?
F0810,TH034,F0796,S065,5,2026-10-10T11:02:36,I want to sit with the point about transactive discussion for a second. What I did not expect was the claim that one dominant voice can hide four people who understood more. The caveat for me is that quiet does not mean disengaged in every culture or every group. What should a collaboration dashboard refuse to show the group?
F0811,TH032,F0758,S087,5,2026-10-09T09:02:12,"Building on the post above, I think role assignment is doing a lot of work here. If I followed the chapter, equal talk time is not the same thing as equal contribution. My hesitation is that talk time is easy to measure and easy to overinterpret. Who benefits when we take transactive discussion seriously, and who does not?"
F0812,TH036,F0801,S077,5,2026-10-10T23:56:41,"Coming back to an earlier comment on transactive discussion. What I did not expect was the claim that equal talk time is not the same thing as equal contribution. I gave leaving the first ten minutes for planning rather than drafting an honest try, and two people who had said nothing turned out to have the key objection. It is worth remembering that talk time is easy to measure and easy to overinterpret. What should a collaboration dashboard refuse to show the group? This clarified something I had been confused about for years."
F0813,TH034,F0785,S079,5,2026-10-09T16:42:00,This thread is helping me see free riding more clearly. The part that convinced me is that the group that plans first usually finishes with less rework. What should a collaboration dashboard refuse to show the group?
F0814,TH036,F0807,S112,5,2026-10-10T18:51:57,"This framing of who gets listened to in a group lines up with my own experience. If I followed the chapter, one dominant voice can hide four people who understood more. When I started leaving the first ten minutes for planning rather than drafting, the conversation got sharper once we wrote first. Who benefits when we take shared mental models seriously, and who does not?"
F0815,TH032,F0786,S084,5,2026-10-08T13:03:55,"I had the opposite reaction to the claim about role assignment. The part that convinced me is that the group that plans first usually finishes with less rework. I tested this on myself by putting our disagreements in the shared doc instead of resolving them fast, and two people who had said nothing turned out to have the key objection."
F0816,TH034,F0793,S065,5,2026-10-11T08:56:31,"Adding a small counterexample to what has been said about who gets listened to in a group. What I did not expect was the claim that groups get smarter when disagreement is about ideas and not people. I gave leaving the first ten minutes for planning rather than drafting an honest try, and the disagreement turned out to be about definitions."
F0817,TH036,F0814,S087,5,2026-10-10T21:19:01,"I am not sure I follow the argument about group regulation yet. What seems clear to me is that groups get smarter when disagreement is about ideas and not people. I tested this on myself by putting our disagreements in the shared doc instead of resolving them fast, and we finished early and the quality did not suffer. The caveat for me is that the same group behaves differently on a task they care about. I have already sent this one to a colleague."
F0818,TH034,F0785,S096,5,2026-10-09T17:27:50,Coming back to an earlier comment on who gets listened to in a group. My takeaway is that building on someone else's idea is a skill that has to be taught.
F0819,TH032,F0787,S118,5,2026-10-08T09:19:10,"This thread is helping me see group regulation more clearly. If I followed the chapter, one dominant voice can hide four people who understood more."
F0820,TH036,F0814,S002,5,2026-10-10T23:47:05,I am not sure I follow the argument about free riding yet. The part that convinced me is that equal talk time is not the same thing as equal contribution. What counts as an idea unit if the idea arrives in three fragments?
F0821,TH034,F0740,S072,5,2026-10-09T16:29:56,Coming back to an earlier comment on shared mental models. I keep coming back to the idea that one dominant voice can hide four people who understood more.
F0822,TH036,F0807,S097,5,2026-10-10T20:55:24,"Coming back to an earlier comment on free riding. Stated plainly, one dominant voice can hide four people who understood more. I gave assigning a rotating facilitator each week an honest try, and we stopped redoing each other's work. How would you even measure group regulation in a real classroom?"
F0823,TH034,F0741,S100,5,2026-10-10T08:00:00,"Adding a small counterexample to what has been said about free riding. The reading argues that roles help until they become an excuse to stop listening, and I think that is right. What counts as an idea unit if the idea arrives in three fragments?"
F0824,TH035,F0736,S089,5,2026-10-06T19:52:56,"I had the opposite reaction to the claim about productive friction. What seems clear to me is that groups get smarter when disagreement is about ideas and not people. When I started asking the quietest person for their read before we decided, we stopped redoing each other's work. My hesitation is that quiet does not mean disengaged in every culture or every group. This gave me language for something I had only felt."
F0825,TH032,F0782,S087,5,2026-10-09T18:39:14,Two people above have said something useful about who gets listened to in a group. The authors seem to be saying that equal talk time is not the same thing as equal contribution. One limit worth naming is that talk time is easy to measure and easy to overinterpret. What should a collaboration dashboard refuse to show the group?
F0826,TH036,F0763,S099,5,2026-10-09T15:55:19,"I had the opposite reaction to the claim about productive friction. Stated plainly, one dominant voice can hide four people who understood more. Has role assignment ever backfired in your experience?"
F0827,TH036,F0794,S088,5,2026-10-09T14:26:38,"I want to sit with the point about free riding for a second. If I followed the chapter, groups get smarter when disagreement is about ideas and not people. The first time I tried assigning a rotating facilitator each week it felt slow, but our artifact was better and the session felt slower. This clarified something I had been confused about for years."
F0828,TH034,F0793,S072,5,2026-10-11T08:00:00,"Thank you for naming what bothered me about shared mental models. My takeaway is that building on someone else's idea is a skill that has to be taught. I spent two weeks restating the previous person's point before adding mine, and the conversation got sharper once we wrote first. It is worth remembering that quiet does not mean disengaged in every culture or every group. Has role assignment ever backfired in your experience?"
F0829,TH034,F0793,S072,5,2026-10-11T08:00:00,"Yes to all of this, and I want to add one thing about productive friction. The reading argues that building on someone else's idea is a skill that has to be taught, and I think that is right. When I started starting our session with two minutes of silent individual writing, our artifact was better and the session felt slower. I would want to know more before generalizing, since our data cannot see who did the thinking between sessions. Would you design a course around shared mental models?"
F0830,TH034,F0829,S073,5,2026-10-11T14:17:20,"I am not sure I follow the argument about group regulation yet. Stated plainly, building on someone else's idea is a skill that has to be taught. I tested this on myself by leaving the first ten minutes for planning rather than drafting, and we stopped redoing each other's work. What should a collaboration dashboard refuse to show the group?"
F0831,TH034,F0816,S100,5,2026-10-11T11:20:11,This framing of free riding lines up with my own experience. The part that convinced me is that the group that plans first usually finishes with less rework.
F0832,TH034,F0793,S096,5,2026-10-11T08:00:00,"Coming back to an earlier comment on shared mental models. Stated plainly, groups get smarter when disagreement is about ideas and not people. I gave asking the quietest person for their read before we decided an honest try, and the conversation got sharper once we wrote first. What should a collaboration dashboard refuse to show the group?"
F0833,TH034,F0816,S031,5,2026-10-11T11:49:39,"I had the opposite reaction to the claim about socially shared regulation. Stated plainly, groups get smarter when disagreement is about ideas and not people. That said, a single session is a very thin slice of a collaboration."
F0834,TH036,F0826,S057,5,2026-10-09T16:56:37,"I want to sit with the point about shared mental models for a second. The strongest version of the argument is that roles help until they become an excuse to stop listening. The first time I tried assigning a rotating facilitator each week it felt slow, but the conversation got sharper once we wrote first. The caveat for me is that talk time is easy to measure and easy to overinterpret. How would you explain who gets listened to in a group to a first year student? Really glad this was assigned."
F0835,TH036,F0814,S120,5,2026-10-11T08:00:00,Coming back to an earlier comment on shared mental models. The authors seem to be saying that groups get smarter when disagreement is about ideas and not people. Where I get stuck is that our data cannot see who did the thinking between sessions. How would you explain productive friction to a first year student?
F0836,TH036,F0822,S101,5,2026-10-11T08:00:00,"I will take the other side on role assignment, mostly to see what happens. I would say building on someone else's idea is a skill that has to be taught, at least for the kind of material we work with. The first time I tried asking the quietest person for their read before we decided it felt slow, but our artifact was better and the session felt slower. How would you measure contribution without privileging talk?"
F0837,TH034,F0797,S002,5,2026-10-11T08:00:00,"This framing of socially shared regulation lines up with my own experience. The reading argues that building on someone else's idea is a skill that has to be taught, and I think that is right. I tested this on myself by starting our session with two minutes of silent individual writing, and the conversation got sharper once we wrote first. That said, quiet does not mean disengaged in every culture or every group."
F0838,TH032,F0761,S084,5,2026-10-08T14:21:21,"I read that section on shared mental models differently. I would say equal talk time is not the same thing as equal contribution, at least for the kind of material we work with. The first time I tried starting our session with two minutes of silent individual writing it felt slow, but we finished early and the quality did not suffer. It is worth remembering that the same group behaves differently on a task they care about."
F0839,TH036,F0820,S043,5,2026-10-11T08:00:00,"This framing of transactive discussion lines up with my own experience. It looks like building on someone else's idea is a skill that has to be taught, though the evidence is not airtight."
F0840,TH034,F0837,S097,5,2026-10-11T13:55:27,"I agree with the earlier point about socially shared regulation, but I want to push on one piece. The reading argues that roles help until they become an excuse to stop listening, and I think that is right. Something similar happened in a lab team of four when I was leaving the first ten minutes for planning rather than drafting, since the conversation got sharper once we wrote first. How do you surface a quiet objection without putting someone on the spot?"
F0841,TH034,F0743,S076,5,2026-10-09T22:12:12,"Two people above have said something useful about free riding. If I followed the chapter, building on someone else's idea is a skill that has to be taught. I tested this on myself by starting our session with two minutes of silent individual writing, and our artifact was better and the session felt slower. I would want to know more before generalizing, since group grades hide enormous variation inside the group. Has role assignment ever backfired in your experience? This one actually changed something about my week, which is rare."
F0842,TH036,F0822,S002,5,2026-10-11T08:54:55,"I will take the other side on role assignment, mostly to see what happens. What seems clear to me is that equal talk time is not the same thing as equal contribution. I gave assigning a rotating facilitator each week an honest try, and the conversation got sharper once we wrote first. My hesitation is that a single session is a very thin slice of a collaboration. Who benefits when we take group regulation seriously, and who does not?"
F0843,TH033,F0755,S012,5,2026-10-08T19:31:43,"This thread is helping me see free riding more clearly. What seems clear to me is that roles help until they become an excuse to stop listening. In an online group I have been asking the quietest person for their read before we decided, and our artifact was better and the session felt slower. It is worth remembering that group grades hide enormous variation inside the group. Has role assignment ever backfired in your experience? I kept waiting for the part about resources and it never came."
F0844,TH036,F0742,S057,5,2026-10-09T08:00:00,"Adding a small counterexample to what has been said about transactive discussion. Stated plainly, equal talk time is not the same thing as equal contribution. That said, group grades hide enormous variation inside the group."
F0845,TH036,F0753,S043,5,2026-10-09T08:00:00,Two people above have said something useful about shared mental models. The strongest version of the argument is that equal talk time is not the same thing as equal contribution. This clarified something I had been confused about for years.
F0846,TH034,F0793,S072,5,2026-10-11T09:00:30,"Building on the post above, I think productive friction is doing a lot of work here. The part that convinced me is that one dominant voice can hide four people who understood more. When I started asking the quietest person for their read before we decided, the disagreement turned out to be about definitions. Where I get stuck is that talk time is easy to measure and easy to overinterpret. Does shared mental models look different in an online course?"
F0847,TH034,F0846,S035,5,2026-10-11T11:34:44,"Adding a small counterexample to what has been said about who gets listened to in a group. If I followed the chapter, one dominant voice can hide four people who understood more. Does transactive discussion look different in an online course? I am worried we are asking students to fix a system problem."
F0848,TH034,F0731,S068,5,2026-10-08T12:54:23,"I want to sit with the point about transactive discussion for a second. What I did not expect was the claim that one dominant voice can hide four people who understood more. I tested this on myself by asking the quietest person for their read before we decided, and the disagreement turned out to be about definitions. Great thread, everyone."
F0849,TH034,F0830,S069,5,2026-10-11T16:55:52,"Thank you for naming what bothered me about shared mental models. The strongest version of the argument is that building on someone else's idea is a skill that has to be taught. When I started asking the quietest person for their read before we decided, we stopped redoing each other's work."
F0850,TH034,F0829,S076,5,2026-10-11T16:09:09,"I want to sit with the point about transactive discussion for a second. The authors seem to be saying that roles help until they become an excuse to stop listening. I spent two weeks putting our disagreements in the shared doc instead of resolving them fast, and the disagreement turned out to be about definitions. How would you explain group regulation to a first year student?"
F0851,TH034,F0823,S076,5,2026-10-10T20:58:51,"Thank you for naming what bothered me about free riding. The authors seem to be saying that building on someone else's idea is a skill that has to be taught. Last week I tried restating the previous person's point before adding mine, and we stopped redoing each other's work. Where I get stuck is that the same group behaves differently on a task they care about."
F0852,TH032,F0774,S112,5,2026-10-07T22:21:32,"This thread is helping me see productive friction more clearly. What I did not expect was the claim that one dominant voice can hide four people who understood more. In an online group I have been asking the quietest person for their read before we decided, and two people who had said nothing turned out to have the key objection. This is probably context dependent, given that the same group behaves differently on a task they care about."
F0853,TH036,F0835,S109,5,2026-10-11T12:54:07,"I want to sit with the point about shared mental models for a second. I keep coming back to the idea that one dominant voice can hide four people who understood more. During a group where two of us knew each other already I ended up putting our disagreements in the shared doc instead of resolving them fast, and we stopped redoing each other's work. The caveat for me is that quiet does not mean disengaged in every culture or every group. Would you design a course around socially shared regulation? I finished this feeling more hopeful than I expected."
F0854,TH034,F0821,S066,5,2026-10-10T08:00:00,"Yes to all of this, and I want to add one thing about free riding. I keep coming back to the idea that equal talk time is not the same thing as equal contribution. When I started assigning a rotating facilitator each week, we stopped redoing each other's work."
F0855,TH036,F0801,S092,5,2026-10-10T08:00:00,"Coming back to an earlier comment on socially shared regulation. The reading argues that roles help until they become an excuse to stop listening, and I think that is right. Last week I tried assigning a rotating facilitator each week, and we finished early and the quality did not suffer. It is worth remembering that talk time is easy to measure and easy to overinterpret."
F0856,TH034,F0828,S083,5,2026-10-11T19:26:24,"Thank you for naming what bothered me about shared mental models. What I did not expect was the claim that building on someone else's idea is a skill that has to be taught. I tested this on myself by starting our session with two minutes of silent individual writing, and two people who had said nothing turned out to have the key objection. How do you surface a quiet objection without putting someone on the spot?"
F0857,TH036,F0827,S030,5,2026-10-10T08:00:00,"I want to sit with the point about productive friction for a second. My takeaway is that one dominant voice can hide four people who understood more. Something similar happened in a semester long design project when I was putting our disagreements in the shared doc instead of resolving them fast, since our artifact was better and the session felt slower. I would want to know more before generalizing, since our data cannot see who did the thinking between sessions."
F0858,TH036,F0820,S086,5,2026-10-11T15:17:13,"I want to sit with the point about productive friction for a second. My takeaway is that one dominant voice can hide four people who understood more. Something similar happened in a group where two of us knew each other already when I was putting our disagreements in the shared doc instead of resolving them fast, since the disagreement turned out to be about definitions. I am holding this loosely, because our data cannot see who did the thinking between sessions. What counts as an idea unit if the idea arrives in three fragments?"
F0859,TH034,F0854,S063,5,2026-10-10T19:20:33,Coming back to an earlier comment on who gets listened to in a group. The strongest version of the argument is that groups get smarter when disagreement is about ideas and not people. One limit worth naming is that our data cannot see who did the thinking between sessions.
F0860,TH032,F0769,S044,5,2026-10-08T15:09:49,"This framing of productive friction lines up with my own experience. If I followed the chapter, building on someone else's idea is a skill that has to be taught. During our studio group I ended up asking the quietest person for their read before we decided, and two people who had said nothing turned out to have the key objection. I am holding this loosely, because group grades hide enormous variation inside the group."
F0861,TH034,F0823,S072,5,2026-10-10T13:31:12,I want to sit with the point about who gets listened to in a group for a second. The part that convinced me is that the group that plans first usually finishes with less rework. What would you want to see before you trusted socially shared regulation?
F0862,TH034,F0830,S067,5,2026-10-11T18:27:58,"Two people above have said something useful about productive friction. What I did not expect was the claim that building on someone else's idea is a skill that has to be taught. I am holding this loosely, because talk time is easy to measure and easy to overinterpret. I found this reading frustrating and a little discouraging."
F0863,TH036,F0763,S027,5,2026-10-09T13:03:53,"I will take the other side on who gets listened to in a group, mostly to see what happens. It looks like the group that plans first usually finishes with less rework, though the evidence is not airtight. It is worth remembering that quiet does not mean disengaged in every culture or every group."
F0864,TH032,F0772,S002,5,2026-10-08T12:46:02,"I will take the other side on productive friction, mostly to see what happens. I keep coming back to the idea that the group that plans first usually finishes with less rework. I gave asking the quietest person for their read before we decided an honest try, and we stopped redoing each other's work. I am holding this loosely, because our data cannot see who did the thinking between sessions."
F0865,TH032,F0769,S054,5,2026-10-08T11:54:13,Coming back to an earlier comment on free riding. What I did not expect was the claim that the group that plans first usually finishes with less rework.
F0866,TH034,F0854,S076,5,2026-10-10T13:22:30,"Yes to all of this, and I want to add one thing about free riding. I keep coming back to the idea that roles help until they become an excuse to stop listening. I tested this on myself by leaving the first ten minutes for planning rather than drafting, and we stopped redoing each other's work. What should a collaboration dashboard refuse to show the group?"
F0867,TH034,F0796,S046,5,2026-10-10T13:17:30,"I will take the other side on productive friction, mostly to see what happens. The part that convinced me is that one dominant voice can hide four people who understood more. The first time I tried assigning a rotating facilitator each week it felt slow, but our artifact was better and the session felt slower. The caveat for me is that our data cannot see who did the thinking between sessions."
F0868,TH036,F0780,S106,5,2026-10-09T17:08:58,"Thank you for naming what bothered me about transactive discussion. Stated plainly, building on someone else's idea is a skill that has to be taught. The first time I tried leaving the first ten minutes for planning rather than drafting it felt slow, but our artifact was better and the session felt slower. That said, group grades hide enormous variation inside the group. Who benefits when we take productive friction seriously, and who does not?"
F0869,TH036,F0794,S027,5,2026-10-09T09:30:29,"Building on the post above, I think productive friction is doing a lot of work here. My takeaway is that groups get smarter when disagreement is about ideas and not people. Last week I tried starting our session with two minutes of silent individual writing, and we stopped redoing each other's work. I have already sent this one to a colleague."
F0870,TH034,F0821,S025,5,2026-10-09T19:07:05,"Thank you for naming what bothered me about productive friction. I keep coming back to the idea that roles help until they become an excuse to stop listening. In an online group I have been assigning a rotating facilitator each week, and two people who had said nothing turned out to have the key objection. Where I get stuck is that the same group behaves differently on a task they care about. I left this reading more confused than when I started."
F0871,TH034,F0840,S044,5,2026-10-11T17:39:54,"Two people above have said something useful about group regulation. The reading argues that roles help until they become an excuse to stop listening, and I think that is right. When I started restating the previous person's point before adding mine, two people who had said nothing turned out to have the key objection. Where I get stuck is that a single session is a very thin slice of a collaboration. Would you design a course around group regulation?"
F0872,TH036,F0858,S087,5,2026-10-11T19:47:03,"Coming back to an earlier comment on group regulation. I would say building on someone else's idea is a skill that has to be taught, at least for the kind of material we work with. When I started leaving the first ten minutes for planning rather than drafting, our artifact was better and the session felt slower."
F0873,TH036,F0737,S090,5,2026-10-08T15:57:06,"I will take the other side on socially shared regulation, mostly to see what happens. The authors seem to be saying that equal talk time is not the same thing as equal contribution. The sample felt too narrow for the size of the claim."
F0874,TH032,F0852,S026,5,2026-10-08T08:00:00,"I am not sure I follow the argument about productive friction yet. I keep coming back to the idea that one dominant voice can hide four people who understood more. I tested this on myself by starting our session with two minutes of silent individual writing, and the disagreement turned out to be about definitions. I liked that the authors admitted what they could not explain."
F0875,TH036,F0827,S023,5,2026-10-09T19:11:31,"Yes to all of this, and I want to add one thing about who gets listened to in a group. What seems clear to me is that roles help until they become an excuse to stop listening. That said, our data cannot see who did the thinking between sessions. What counts as an idea unit if the idea arrives in three fragments?"
F0876,TH034,F0777,S039,5,2026-10-08T20:39:30,"Yes to all of this, and I want to add one thing about socially shared regulation. It looks like one dominant voice can hide four people who understood more, though the evidence is not airtight. Where I get stuck is that quiet does not mean disengaged in every culture or every group. Has role assignment ever backfired in your experience?"
F0877,TH036,F0807,S045,5,2026-10-11T08:00:00,"This thread is helping me see role assignment more clearly. Stated plainly, groups get smarter when disagreement is about ideas and not people. How would you even measure group regulation in a real classroom? I kept waiting for the part about resources and it never came."
F0878,TH036,F0857,S048,5,2026-10-10T14:14:00,"Yes to all of this, and I want to add one thing about group regulation. I would say the group that plans first usually finishes with less rework, at least for the kind of material we work with. Would you design a course around socially shared regulation?"
F0879,TH036,F0822,S087,5,2026-10-11T08:00:00,"Two people above have said something useful about who gets listened to in a group. I keep coming back to the idea that building on someone else's idea is a skill that has to be taught. I tested this on myself by leaving the first ten minutes for planning rather than drafting, and we finished early and the quality did not suffer. Where I get stuck is that quiet does not mean disengaged in every culture or every group. How do you surface a quiet objection without putting someone on the spot? This is the first reading that felt written for practitioners."
F0880,TH036,F0858,S002,5,2026-10-11T18:29:52,"Coming back to an earlier comment on productive friction. It looks like groups get smarter when disagreement is about ideas and not people, though the evidence is not airtight. Something similar happened in a group where two of us knew each other already when I was asking the quietest person for their read before we decided, since two people who had said nothing turned out to have the key objection. This one wore me out, to be honest."
F0881,TH034,F0813,S100,5,2026-10-10T08:00:00,"This thread is helping me see who gets listened to in a group more clearly. If I followed the chapter, the group that plans first usually finishes with less rework. How would you even measure socially shared regulation in a real classroom?"
F0882,TH036,F0820,S086,5,2026-10-11T08:00:00,"Adding a small counterexample to what has been said about transactive discussion. The part that convinced me is that the group that plans first usually finishes with less rework. Something similar happened in a lab team of four when I was starting our session with two minutes of silent individual writing, since the conversation got sharper once we wrote first."
F0883,TH036,F0858,S097,5,2026-10-11T16:40:32,"I want to sit with the point about shared mental models for a second. It looks like groups get smarter when disagreement is about ideas and not people, though the evidence is not airtight. The first time I tried assigning a rotating facilitator each week it felt slow, but the disagreement turned out to be about definitions. What would you want to see before you trusted role assignment? This one wore me out, to be honest."
F0884,TH032,F0795,S040,5,2026-10-08T12:28:07,"Thank you for naming what bothered me about shared mental models. What seems clear to me is that groups get smarter when disagreement is about ideas and not people. I gave assigning a rotating facilitator each week an honest try, and the conversation got sharper once we wrote first. Where does shared mental models break down in your experience? This clarified something I had been confused about for years."
F0885,TH034,F0856,S055,5,2026-10-11T21:35:43,"Adding a small counterexample to what has been said about transactive discussion. I keep coming back to the idea that groups get smarter when disagreement is about ideas and not people. This is probably context dependent, given that a single session is a very thin slice of a collaboration. Would you design a course around who gets listened to in a group?"
F0886,TH034,F0837,S029,5,2026-10-11T18:50:28,"Adding a small counterexample to what has been said about transactive discussion. I keep coming back to the idea that the group that plans first usually finishes with less rework. The first time I tried asking the quietest person for their read before we decided it felt slow, but the conversation got sharper once we wrote first. What counts as an idea unit if the idea arrives in three fragments?"
F0887,TH036,F0857,S114,5,2026-10-10T12:42:21,"This thread is helping me see transactive discussion more clearly. What I did not expect was the claim that roles help until they become an excuse to stop listening. Last week I tried leaving the first ten minutes for planning rather than drafting, and two people who had said nothing turned out to have the key objection. The caveat for me is that the same group behaves differently on a task they care about. What counts as an idea unit if the idea arrives in three fragments?"
F0888,TH036,F0875,S038,5,2026-10-10T08:00:00,"Two people above have said something useful about role assignment. I would say roles help until they become an excuse to stop listening, at least for the kind of material we work with. When I started assigning a rotating facilitator each week, two people who had said nothing turned out to have the key objection."
F0889,TH032,F0782,S044,5,2026-10-09T13:37:29,"I want to sit with the point about free riding for a second. The part that convinced me is that groups get smarter when disagreement is about ideas and not people. That said, our data cannot see who did the thinking between sessions. Would you design a course around role assignment?"
F0890,TH036,F0807,S118,5,2026-10-10T21:56:10,"Coming back to an earlier comment on productive friction. If I followed the chapter, groups get smarter when disagreement is about ideas and not people. I tested this on myself by asking the quietest person for their read before we decided, and we stopped redoing each other's work."
F0891,TH034,F0840,S026,5,2026-10-11T21:34:50,"Coming back to an earlier comment on shared mental models. Stated plainly, one dominant voice can hide four people who understood more. Is productive friction something you can design for?"
F0892,TH034,F0885,S083,5,2026-10-11T21:35:59,"Adding a small counterexample to what has been said about socially shared regulation. The authors seem to be saying that roles help until they become an excuse to stop listening. In a lab team of four I have been putting our disagreements in the shared doc instead of resolving them fast, and we stopped redoing each other's work."
F0893,TH030,F0727,S099,5,2026-10-07T12:36:30,"Thank you for naming what bothered me about socially shared regulation. The part that convinced me is that groups get smarter when disagreement is about ideas and not people. I gave putting our disagreements in the shared doc instead of resolving them fast an honest try, and we finished early and the quality did not suffer. My hesitation is that group grades hide enormous variation inside the group. Where does productive friction break down in your experience? Great thread, everyone."
F0894,TH034,F0829,S080,5,2026-10-11T12:07:28,"Coming back to an earlier comment on shared mental models. I would say building on someone else's idea is a skill that has to be taught, at least for the kind of material we work with. The caveat for me is that a single session is a very thin slice of a collaboration. What should a collaboration dashboard refuse to show the group?"
F0895,TH036,F0822,S002,5,2026-10-10T21:05:46,"I agree with the earlier point about free riding, but I want to push on one piece. What seems clear to me is that the group that plans first usually finishes with less rework. The first time I tried starting our session with two minutes of silent individual writing it felt slow, but two people who had said nothing turned out to have the key objection. This is probably context dependent, given that our data cannot see who did the thinking between sessions. Does role assignment look different in an online course? I finished this feeling more hopeful than I expected."
F0896,TH032,F0769,S087,5,2026-10-08T09:52:02,"This thread is helping me see shared mental models more clearly. The reading argues that one dominant voice can hide four people who understood more, and I think that is right."
F0897,TH034,F0797,S069,5,2026-10-10T19:21:02,"Coming back to an earlier comment on shared mental models. Stated plainly, equal talk time is not the same thing as equal contribution. What would you want to see before you trusted role assignment?"
F0898,TH034,F0848,S015,5,2026-10-08T16:27:26,"Two people above have said something useful about shared mental models. It looks like the group that plans first usually finishes with less rework, though the evidence is not airtight. During a lab team of four I ended up restating the previous person's point before adding mine, and the conversation got sharper once we wrote first. I would want to know more before generalizing, since group grades hide enormous variation inside the group."
F0899,TH036,F0868,S016,5,2026-10-09T22:45:45,"I agree with the earlier point about productive friction, but I want to push on one piece. The part that convinced me is that one dominant voice can hide four people who understood more. My hesitation is that quiet does not mean disengaged in every culture or every group."
F0900,TH033,F0730,S054,5,2026-10-07T08:00:00,"I will take the other side on productive friction, mostly to see what happens. The part that convinced me is that the group that plans first usually finishes with less rework. I am holding this loosely, because quiet does not mean disengaged in every culture or every group. Does who gets listened to in a group look different in an online course?"
F0901,TH037,,S004,6,2026-10-13T12:42:47,I came into this week fairly skeptical about selectivity while listening. The part that convinced me is that notes that are complete are often notes that were never processed. How do you take notes on a reading that is already well organized?
F0902,TH038,,S051,6,2026-10-14T07:42:02,"Quick question for the group about what notes are actually for. I keep coming back to the idea that notes that are complete are often notes that were never processed. I tested this on myself by coding my notes for claims, evidence, and open questions, and the margin questions became my study guide. This is probably context dependent, given that students with accommodations may need transcription and that is fine."
F0903,TH039,,S112,6,2026-10-13T20:29:44,"My takeaway is that reviewing notes without transforming them does very little. The first time I tried writing a three sentence summary at the bottom of each page it felt slow, but my notes got shorter and much more useful. Would you design a course around the encoding function?"
F0904,TH040,,S005,6,2026-10-15T02:21:40,I want to open a thread on the encoding function. What seems clear to me is that note structure should mirror the structure of the argument.
F0905,TH041,,S005,6,2026-10-14T17:09:35,"Reading about generative note-taking made me rethink how I study. If I followed the chapter, the encoding benefit happens while you write and not while you read. It is worth remembering that the right strategy depends on whether slides are available."
F0906,TH042,,S088,6,2026-10-13T17:45:26,"The section on selectivity while listening was the part I understood least. The reading argues that handwriting helps mainly because it forces you to be selective, and I think that is right. In a course taught mostly through examples I have been leaving a wide margin for questions I write after class, and I stopped transcribing and started listening."
F0907,TH043,,S100,6,2026-10-14T08:47:01,"I would say handwriting helps mainly because it forces you to be selective, at least for the kind of material we work with. My hesitation is that students with accommodations may need transcription and that is fine. Would you design a course around concept mapping?"
F0908,TH044,,S035,6,2026-10-13T03:07:48,"Quick question for the group about generative note-taking. Stated plainly, the encoding benefit happens while you write and not while you read. Would you design a course around the storage function?"
F0909,TH045,,S103,6,2026-10-14T17:08:56,"Something about revision passes has been nagging at me all week. The reading argues that reviewing notes without transforming them does very little, and I think that is right. When I started comparing my notes with a classmate the next day, the map showed two ideas I had recorded as unrelated. I would want to know more before generalizing, since students with accommodations may need transcription and that is fine."
F0910,TH039,F0903,S026,6,2026-10-14T08:05:56,"Thank you for naming what bothered me about revision passes. It looks like the best notes are the ones you rewrite badly and then fix, though the evidence is not airtight. During a class where slides were posted afterward I ended up comparing my notes with a classmate the next day, and my notes got shorter and much more useful. Does revision passes look different in an online course? This is the first reading that felt written for practitioners."
F0911,TH037,F0901,S076,6,2026-10-13T16:23:09,"I had the opposite reaction to the claim about generative note-taking. I would say the encoding benefit happens while you write and not while you read, at least for the kind of material we work with. When I started comparing my notes with a classmate the next day, our two versions disagreed in an informative way."
F0912,TH042,F0906,S106,6,2026-10-14T08:00:00,"Coming back to an earlier comment on revision passes. I would say handwriting helps mainly because it forces you to be selective, at least for the kind of material we work with. Thanks to whoever picked this reading."
F0913,TH040,F0904,S039,6,2026-10-15T08:00:00,"I will take the other side on revision passes, mostly to see what happens. If I followed the chapter, handwriting helps mainly because it forces you to be selective. Where I get stuck is that the right strategy depends on whether slides are available. What does your revision pass actually look like?"
F0914,TH037,F0901,S063,6,2026-10-13T13:56:40,"I had the opposite reaction to the claim about revision passes. I would say handwriting helps mainly because it forces you to be selective, at least for the kind of material we work with. The caveat for me is that note quality is hard to score reliably. Should we teach note-taking explicitly in first year courses? Great thread, everyone."
F0915,TH038,F0902,S007,6,2026-10-14T20:08:23,"Coming back to an earlier comment on the storage function. Stated plainly, the best notes are the ones you rewrite badly and then fix."
F0916,TH043,F0907,S025,6,2026-10-14T22:23:00,"I want to sit with the point about revision passes for a second. The reading argues that notes that are complete are often notes that were never processed, and I think that is right. I am holding this loosely, because note quality is hard to score reliably."
F0917,TH039,F0910,S043,6,2026-10-14T14:38:49,"I will take the other side on generative note-taking, mostly to see what happens. The part that convinced me is that the best notes are the ones you rewrite badly and then fix. Something similar happened in a course taught mostly through examples when I was limiting myself to one page per lecture on purpose, since I stopped transcribing and started listening. It is worth remembering that note quality is hard to score reliably. Does the storage function look different in an online course?"
F0918,TH040,F0904,S085,6,2026-10-15T08:00:00,"Thank you for naming what bothered me about generative note-taking. If I followed the chapter, the best notes are the ones you rewrite badly and then fix. That said, we cannot see what students do with notes after the study ends. This clarified something I had been confused about for years."
F0919,TH039,F0910,S002,6,2026-10-14T15:16:48,"This framing of generative note-taking lines up with my own experience. The part that convinced me is that note structure should mirror the structure of the argument. I spent two weeks limiting myself to one page per lecture on purpose, and the margin questions became my study guide. I would want to know more before generalizing, since we cannot see what students do with notes after the study ends. Does concept mapping help you or slow you down?"
F0920,TH040,F0904,S118,6,2026-10-15T13:22:22,"Building on the post above, I think the storage function is doing a lot of work here. The strongest version of the argument is that note structure should mirror the structure of the argument. Does the encoding function look different in an online course?"
F0921,TH040,F0918,S026,6,2026-10-15T15:04:17,"I am not sure I follow the argument about revision passes yet. Stated plainly, reviewing notes without transforming them does very little. I spent two weeks comparing my notes with a classmate the next day, and our two versions disagreed in an informative way. How do you take notes on a reading that is already well organized? I liked that the authors admitted what they could not explain."
F0922,TH040,F0921,S113,6,2026-10-16T08:00:00,"I want to sit with the point about what notes are actually for for a second. What seems clear to me is that handwriting helps mainly because it forces you to be selective. During a seminar with dense readings I ended up coding my notes for claims, evidence, and open questions, and my notes got shorter and much more useful."
F0923,TH039,F0910,S040,6,2026-10-14T13:12:57,"I read that section on the encoding function differently. If I followed the chapter, handwriting helps mainly because it forces you to be selective. Something similar happened in a course taught mostly through examples when I was coding my notes for claims, evidence, and open questions, since the map showed two ideas I had recorded as unrelated. My hesitation is that the laptop versus longhand studies have not replicated cleanly."
F0924,TH040,F0920,S039,6,2026-10-16T08:00:00,"This thread is helping me see concept mapping more clearly. If I followed the chapter, reviewing notes without transforming them does very little. How would you even measure verbatim transcription in a real classroom?"
F0925,TH044,F0908,S083,6,2026-10-14T08:00:00,"Two people above have said something useful about generative note-taking. The part that convinced me is that the encoding benefit happens while you write and not while you read. The first time I tried coding my notes for claims, evidence, and open questions it felt slow, but the summary was where I discovered what I had missed. That said, students with accommodations may need transcription and that is fine. How do you take notes on a reading that is already well organized? Great thread, everyone."
F0926,TH040,F0913,S006,6,2026-10-15T10:42:08,"Adding a small counterexample to what has been said about concept mapping. The reading argues that handwriting helps mainly because it forces you to be selective, and I think that is right. In my methods course I have been limiting myself to one page per lecture on purpose, and the summary was where I discovered what I had missed. This clarified something I had been confused about for years."
F0927,TH044,F0925,S072,6,2026-10-14T18:13:36,"I will take the other side on the encoding function, mostly to see what happens. The reading argues that note structure should mirror the structure of the argument, and I think that is right. Last week I tried writing a three sentence summary at the bottom of each page, and the margin questions became my study guide. Does concept mapping help you or slow you down?"
F0928,TH040,F0904,S118,6,2026-10-15T09:27:35,"I will take the other side on the encoding function, mostly to see what happens. The authors seem to be saying that handwriting helps mainly because it forces you to be selective. In a fast lecture course I have been leaving a wide margin for questions I write after class, and I stopped transcribing and started listening. How would you explain revision passes to a first year student?"
F0929,TH045,F0909,S058,6,2026-10-15T08:00:00,"I am not sure I follow the argument about concept mapping yet. Stated plainly, the encoding benefit happens while you write and not while you read. When I started comparing my notes with a classmate the next day, my notes got shorter and much more useful. Does selectivity while listening look different in an online course?"
F0930,TH044,F0925,S056,6,2026-10-15T08:00:00,This thread is helping me see the storage function more clearly. The strongest version of the argument is that handwriting helps mainly because it forces you to be selective.
F0931,TH040,F0904,S006,6,2026-10-15T12:48:53,Coming back to an earlier comment on selectivity while listening. The part that convinced me is that reviewing notes without transforming them does very little. The caveat for me is that most studies look at one lecture rather than a semester.
F0932,TH042,F0912,S057,6,2026-10-14T15:45:24,"Yes to all of this, and I want to add one thing about the storage function. What seems clear to me is that the best notes are the ones you rewrite badly and then fix. I spent two weeks comparing my notes with a classmate the next day, and the margin questions became my study guide. That said, the laptop versus longhand studies have not replicated cleanly. How would you explain generative note-taking to a first year student?"
F0933,TH039,F0919,S115,6,2026-10-14T23:51:01,"This thread is helping me see concept mapping more clearly. The authors seem to be saying that reviewing notes without transforming them does very little. When I started coding my notes for claims, evidence, and open questions, I stopped transcribing and started listening. Should we teach note-taking explicitly in first year courses?"
F0934,TH042,F0906,S074,6,2026-10-14T08:00:00,"I am not sure I follow the argument about the encoding function yet. The reading argues that the best notes are the ones you rewrite badly and then fix, and I think that is right. I tested this on myself by limiting myself to one page per lecture on purpose, and our two versions disagreed in an informative way. I am holding this loosely, because the right strategy depends on whether slides are available."
F0935,TH042,F0934,S023,6,2026-10-14T09:58:20,"This framing of the storage function lines up with my own experience. Stated plainly, notes that are complete are often notes that were never processed. That said, we cannot see what students do with notes after the study ends. Does generative note-taking look different in an online course?"
F0936,TH040,F0926,S085,6,2026-10-15T23:46:40,"Adding a small counterexample to what has been said about verbatim transcription. What I did not expect was the claim that notes that are complete are often notes that were never processed. In my methods course I have been rewriting my lecture notes as a concept map that evening, and my notes got shorter and much more useful. Do posted slides change what you should write?"
F0937,TH044,F0930,S076,6,2026-10-15T10:07:39,"Thank you for naming what bothered me about the storage function. The reading argues that notes that are complete are often notes that were never processed, and I think that is right. During a class where slides were posted afterward I ended up writing a three sentence summary at the bottom of each page, and the map showed two ideas I had recorded as unrelated. What would change your mind about selectivity while listening?"
F0938,TH044,F0908,S025,6,2026-10-13T07:36:58,"I read that section on the storage function differently. If I followed the chapter, the best notes are the ones you rewrite badly and then fix. Does concept mapping help you or slow you down?"
F0939,TH042,F0934,S020,6,2026-10-14T12:34:08,"I will take the other side on the encoding function, mostly to see what happens. If I followed the chapter, the encoding benefit happens while you write and not while you read. My hesitation is that we cannot see what students do with notes after the study ends."
F0940,TH042,F0932,S030,6,2026-10-14T23:27:47,"Adding a small counterexample to what has been said about what notes are actually for. The reading argues that note structure should mirror the structure of the argument, and I think that is right. I gave coding my notes for claims, evidence, and open questions an honest try, and the map showed two ideas I had recorded as unrelated. What would change your mind about the storage function?"
F0941,TH040,F0922,S102,6,2026-10-17T08:00:00,"Coming back to an earlier comment on the encoding function. The part that convinced me is that reviewing notes without transforming them does very little. Who benefits when we take concept mapping seriously, and who does not? This one actually changed something about my week, which is rare."
F0942,TH044,F0937,S037,6,2026-10-15T20:15:31,"Two people above have said something useful about the encoding function. I would say notes that are complete are often notes that were never processed, at least for the kind of material we work with. In my methods course I have been writing a three sentence summary at the bottom of each page, and I stopped transcribing and started listening. That said, the laptop versus longhand studies have not replicated cleanly. Should we teach note-taking explicitly in first year courses?"
F0943,TH042,F0932,S048,6,2026-10-14T22:35:58,"Two people above have said something useful about generative note-taking. The part that convinced me is that reviewing notes without transforming them does very little. I spent two weeks rewriting my lecture notes as a concept map that evening, and the margin questions became my study guide."
F0944,TH042,F0940,S057,6,2026-10-15T08:07:16,"I had the opposite reaction to the claim about revision passes. Stated plainly, note structure should mirror the structure of the argument. Something similar happened in a fast lecture course when I was leaving a wide margin for questions I write after class, since my notes got shorter and much more useful. My hesitation is that the right strategy depends on whether slides are available."
F0945,TH042,F0943,S064,6,2026-10-15T07:08:28,"Adding a small counterexample to what has been said about concept mapping. What I did not expect was the claim that note structure should mirror the structure of the argument. In my methods course I have been rewriting my lecture notes as a concept map that evening, and my notes got shorter and much more useful. Should we teach note-taking explicitly in first year courses?"
F0946,TH042,F0943,S088,6,2026-10-15T08:00:00,"Adding a small counterexample to what has been said about concept mapping. Stated plainly, the encoding benefit happens while you write and not while you read. I spent two weeks writing a three sentence summary at the bottom of each page, and our two versions disagreed in an informative way. What does your revision pass actually look like?"
F0947,TH042,F0943,S057,6,2026-10-15T08:00:00,"Two people above have said something useful about what notes are actually for. My takeaway is that the best notes are the ones you rewrite badly and then fix. Last week I tried writing a three sentence summary at the bottom of each page, and the summary was where I discovered what I had missed. Where I get stuck is that most studies look at one lecture rather than a semester. How do you take notes on a reading that is already well organized?"
F0948,TH040,F0928,S113,6,2026-10-15T14:30:44,"This thread is helping me see the storage function more clearly. The part that convinced me is that notes that are complete are often notes that were never processed. The first time I tried writing a three sentence summary at the bottom of each page it felt slow, but the map showed two ideas I had recorded as unrelated. Does revision passes look different in an online course?"
F0949,TH039,F0903,S087,6,2026-10-13T22:31:51,"Adding a small counterexample to what has been said about what notes are actually for. I keep coming back to the idea that the best notes are the ones you rewrite badly and then fix. I gave comparing my notes with a classmate the next day an honest try, and the margin questions became my study guide."
F0950,TH043,F0916,S083,6,2026-10-15T07:31:51,I want to sit with the point about verbatim transcription for a second. The part that convinced me is that reviewing notes without transforming them does very little. One limit worth naming is that students with accommodations may need transcription and that is fine. Should we teach note-taking explicitly in first year courses?
F0951,TH040,F0904,S097,6,2026-10-15T13:20:10,Thank you for naming what bothered me about selectivity while listening. The authors seem to be saying that reviewing notes without transforming them does very little. Does the storage function look different in an online course?
F0952,TH042,F0906,S078,6,2026-10-14T08:00:00,"Building on the post above, I think selectivity while listening is doing a lot of work here. The authors seem to be saying that note structure should mirror the structure of the argument. I tested this on myself by leaving a wide margin for questions I write after class, and my notes got shorter and much more useful. That said, the right strategy depends on whether slides are available."
F0953,TH044,F0937,S083,6,2026-10-15T18:52:21,"I had the opposite reaction to the claim about revision passes. I would say note structure should mirror the structure of the argument, at least for the kind of material we work with. Something similar happened in a seminar with dense readings when I was writing a three sentence summary at the bottom of each page, since our two versions disagreed in an informative way. Should we teach note-taking explicitly in first year courses?"
F0954,TH039,F0910,S113,6,2026-10-14T10:31:41,"I want to sit with the point about concept mapping for a second. What I did not expect was the claim that reviewing notes without transforming them does very little. During a fast lecture course I ended up writing a three sentence summary at the bottom of each page, and the map showed two ideas I had recorded as unrelated. Does concept mapping help you or slow you down? I am excited to try this in my own teaching."
F0955,TH044,F0937,S007,6,2026-10-15T16:10:04,"I want to sit with the point about the encoding function for a second. The part that convinced me is that note structure should mirror the structure of the argument. When I started coding my notes for claims, evidence, and open questions, my notes got shorter and much more useful. Where I get stuck is that most studies look at one lecture rather than a semester."
F0956,TH042,F0946,S057,6,2026-10-15T09:03:29,"Adding a small counterexample to what has been said about selectivity while listening. The reading argues that the best notes are the ones you rewrite badly and then fix, and I think that is right. How do you take notes on a reading that is already well organized?"
F0957,TH039,F0954,S120,6,2026-10-14T15:35:27,"Adding a small counterexample to what has been said about verbatim transcription. It looks like note structure should mirror the structure of the argument, though the evidence is not airtight. When I started coding my notes for claims, evidence, and open questions, the map showed two ideas I had recorded as unrelated. Where does revision passes break down in your experience?"
F0958,TH041,F0905,S029,6,2026-10-15T09:55:32,This framing of generative note-taking lines up with my own experience. I keep coming back to the idea that the encoding benefit happens while you write and not while you read. Where I get stuck is that we cannot see what students do with notes after the study ends. Does what notes are actually for look different in an online course?
F0959,TH044,F0925,S100,6,2026-10-14T19:08:51,"I want to sit with the point about generative note-taking for a second. The reading argues that handwriting helps mainly because it forces you to be selective, and I think that is right. I tested this on myself by coding my notes for claims, evidence, and open questions, and our two versions disagreed in an informative way."
F0960,TH042,F0946,S057,6,2026-10-16T08:00:00,"I am not sure I follow the argument about revision passes yet. The reading argues that the encoding benefit happens while you write and not while you read, and I think that is right. I tested this on myself by leaving a wide margin for questions I write after class, and the summary was where I discovered what I had missed. I finished this feeling more hopeful than I expected."
F0961,TH044,F0953,S037,6,2026-10-16T08:00:00,"I want to sit with the point about concept mapping for a second. If I followed the chapter, handwriting helps mainly because it forces you to be selective. Last week I tried limiting myself to one page per lecture on purpose, and the summary was where I discovered what I had missed. It is worth remembering that the laptop versus longhand studies have not replicated cleanly. What does your revision pass actually look like?"
F0962,TH040,F0936,S109,6,2026-10-16T08:00:00,I had the opposite reaction to the claim about generative note-taking. What seems clear to me is that the best notes are the ones you rewrite badly and then fix. The caveat for me is that the laptop versus longhand studies have not replicated cleanly. What would change your mind about selectivity while listening?
F0963,TH044,F0955,S020,6,2026-10-16T08:00:00,"This thread is helping me see generative note-taking more clearly. The reading argues that note structure should mirror the structure of the argument, and I think that is right."
F0964,TH042,F0947,S092,6,2026-10-15T11:08:13,"I will take the other side on generative note-taking, mostly to see what happens. What seems clear to me is that handwriting helps mainly because it forces you to be selective. Should we teach note-taking explicitly in first year courses?"
F0965,TH042,F0960,S093,6,2026-10-16T11:16:00,"Yes to all of this, and I want to add one thing about the storage function. I would say handwriting helps mainly because it forces you to be selective, at least for the kind of material we work with. Where does the encoding function break down in your experience?"
F0966,TH040,F0924,S087,6,2026-10-16T12:41:12,"I agree with the earlier point about what notes are actually for, but I want to push on one piece. The reading argues that handwriting helps mainly because it forces you to be selective, and I think that is right."
F0967,TH042,F0934,S117,6,2026-10-14T11:44:16,"Thank you for naming what bothered me about the storage function. I would say reviewing notes without transforming them does very little, at least for the kind of material we work with. In a fast lecture course I have been limiting myself to one page per lecture on purpose, and our two versions disagreed in an informative way. That said, the right strategy depends on whether slides are available. Has anyone found a note system that survives a heavy week? This is the first reading that felt written for practitioners."
F0968,TH040,F0936,S120,6,2026-10-16T08:00:00,"Coming back to an earlier comment on revision passes. The strongest version of the argument is that reviewing notes without transforming them does very little. When I started writing a three sentence summary at the bottom of each page, the summary was where I discovered what I had missed. Would you design a course around concept mapping? I am skeptical, and I am open to being talked out of it."
F0969,TH042,F0965,S074,6,2026-10-16T12:29:35,I read that section on selectivity while listening differently. The strongest version of the argument is that the best notes are the ones you rewrite badly and then fix. How do you take notes on a reading that is already well organized?
F0970,TH044,F0955,S056,6,2026-10-15T21:35:12,"Adding a small counterexample to what has been said about what notes are actually for. The reading argues that notes that are complete are often notes that were never processed, and I think that is right. In a course taught mostly through examples I have been comparing my notes with a classmate the next day, and the map showed two ideas I had recorded as unrelated. What would change your mind about generative note-taking?"
F0971,TH040,F0913,S045,6,2026-10-15T10:22:15,"I want to sit with the point about the encoding function for a second. The reading argues that notes that are complete are often notes that were never processed, and I think that is right. During a class where slides were posted afterward I ended up writing a three sentence summary at the bottom of each page, and our two versions disagreed in an informative way. One limit worth naming is that students with accommodations may need transcription and that is fine. Does what notes are actually for look different in an online course?"
F0972,TH043,F0950,S046,6,2026-10-15T13:16:26,"Yes to all of this, and I want to add one thing about revision passes. The authors seem to be saying that reviewing notes without transforming them does very little. During an online asynchronous class I ended up comparing my notes with a classmate the next day, and our two versions disagreed in an informative way. Does concept mapping help you or slow you down?"
F0973,TH040,F0926,S039,6,2026-10-15T19:44:49,"I agree with the earlier point about verbatim transcription, but I want to push on one piece. The strongest version of the argument is that the encoding benefit happens while you write and not while you read. I tested this on myself by limiting myself to one page per lecture on purpose, and my notes got shorter and much more useful. One limit worth naming is that the laptop versus longhand studies have not replicated cleanly."
F0974,TH040,F0951,S045,6,2026-10-16T12:55:39,"I read that section on revision passes differently. I keep coming back to the idea that note structure should mirror the structure of the argument. In my methods course I have been comparing my notes with a classmate the next day, and my notes got shorter and much more useful. Has anyone found a note system that survives a heavy week?"
F0975,TH043,F0972,S065,6,2026-10-15T18:09:50,"Two people above have said something useful about the encoding function. The strongest version of the argument is that reviewing notes without transforming them does very little. In a class where slides were posted afterward I have been rewriting my lecture notes as a concept map that evening, and the map showed two ideas I had recorded as unrelated. Who benefits when we take what notes are actually for seriously, and who does not?"
F0976,TH042,F0932,S032,6,2026-10-14T18:46:07,"I read that section on concept mapping differently. Stated plainly, notes that are complete are often notes that were never processed. I would want to know more before generalizing, since the laptop versus longhand studies have not replicated cleanly. This landed as advice for students who already have time."
F0977,TH044,F0963,S102,6,2026-10-16T14:22:13,"Yes to all of this, and I want to add one thing about what notes are actually for. Stated plainly, note structure should mirror the structure of the argument. When I started limiting myself to one page per lecture on purpose, our two versions disagreed in an informative way. How would you even measure generative note-taking in a real classroom?"
F0978,TH040,F0920,S044,6,2026-10-15T15:09:07,"I agree with the earlier point about what notes are actually for, but I want to push on one piece. I would say reviewing notes without transforming them does very little, at least for the kind of material we work with. The first time I tried rewriting my lecture notes as a concept map that evening it felt slow, but our two versions disagreed in an informative way. This clarified something I had been confused about for years."
F0979,TH044,F0961,S025,6,2026-10-16T17:40:57,"I want to sit with the point about revision passes for a second. My takeaway is that the encoding benefit happens while you write and not while you read. I tested this on myself by writing a three sentence summary at the bottom of each page, and my notes got shorter and much more useful. What does your revision pass actually look like? This one wore me out, to be honest."
F0980,TH040,F0924,S044,6,2026-10-17T08:00:00,"I will take the other side on concept mapping, mostly to see what happens. Stated plainly, handwriting helps mainly because it forces you to be selective. I gave writing a three sentence summary at the bottom of each page an honest try, and the map showed two ideas I had recorded as unrelated. This is probably context dependent, given that most studies look at one lecture rather than a semester. Should we teach note-taking explicitly in first year courses?"
F0981,TH040,F0931,S084,6,2026-10-15T23:57:47,"Building on the post above, I think verbatim transcription is doing a lot of work here. The part that convinced me is that handwriting helps mainly because it forces you to be selective. One limit worth naming is that students with accommodations may need transcription and that is fine. What does your revision pass actually look like?"
F0982,TH043,F0972,S037,6,2026-10-15T19:12:30,"I want to sit with the point about selectivity while listening for a second. What seems clear to me is that reviewing notes without transforming them does very little. In a fast lecture course I have been comparing my notes with a classmate the next day, and the map showed two ideas I had recorded as unrelated. I am holding this loosely, because note quality is hard to score reliably. How do you take notes on a reading that is already well organized?"
F0983,TH040,F0928,S033,6,2026-10-15T11:48:07,"I want to sit with the point about verbatim transcription for a second. My takeaway is that notes that are complete are often notes that were never processed. I tested this on myself by comparing my notes with a classmate the next day, and I stopped transcribing and started listening. Has anyone found a note system that survives a heavy week? This is the first reading that felt written for practitioners."
F0984,TH039,F0949,S029,6,2026-10-13T23:33:31,"I read that section on generative note-taking differently. Stated plainly, note structure should mirror the structure of the argument. Does concept mapping help you or slow you down?"
F0985,TH040,F0980,S101,6,2026-10-17T23:47:14,"I had the opposite reaction to the claim about generative note-taking. I keep coming back to the idea that reviewing notes without transforming them does very little. Something similar happened in an online asynchronous class when I was comparing my notes with a classmate the next day, since my notes got shorter and much more useful. Who benefits when we take verbatim transcription seriously, and who does not? I liked that the authors admitted what they could not explain."
F0986,TH042,F0960,S092,6,2026-10-16T17:07:13,"I had the opposite reaction to the claim about concept mapping. What seems clear to me is that the best notes are the ones you rewrite badly and then fix. During a seminar with dense readings I ended up limiting myself to one page per lecture on purpose, and the map showed two ideas I had recorded as unrelated. Does concept mapping help you or slow you down?"
F0987,TH040,F0985,S019,6,2026-10-18T08:22:05,Two people above have said something useful about concept mapping. The part that convinced me is that handwriting helps mainly because it forces you to be selective.
F0988,TH042,F0976,S090,6,2026-10-14T21:31:53,"I read that section on verbatim transcription differently. My takeaway is that the best notes are the ones you rewrite badly and then fix. This is probably context dependent, given that most studies look at one lecture rather than a semester. Should we teach note-taking explicitly in first year courses? This landed as advice for students who already have time."
F0989,TH040,F0983,S039,6,2026-10-15T20:40:41,"Building on the post above, I think the storage function is doing a lot of work here. If I followed the chapter, the best notes are the ones you rewrite badly and then fix. When I started rewriting my lecture notes as a concept map that evening, my notes got shorter and much more useful."
F0990,TH044,F0961,S096,6,2026-10-16T19:28:54,"I agree with the earlier point about generative note-taking, but I want to push on one piece. I keep coming back to the idea that notes that are complete are often notes that were never processed. When I started comparing my notes with a classmate the next day, the margin questions became my study guide. This is probably context dependent, given that the laptop versus longhand studies have not replicated cleanly. How would you explain what notes are actually for to a first year student?"
F0991,TH044,F0955,S062,6,2026-10-15T23:38:45,Two people above have said something useful about the storage function. I keep coming back to the idea that note structure should mirror the structure of the argument. How would you even measure generative note-taking in a real classroom?
F0992,TH044,F0942,S060,6,2026-10-15T21:03:55,"I will take the other side on the storage function, mostly to see what happens. What seems clear to me is that handwriting helps mainly because it forces you to be selective. Last week I tried coding my notes for claims, evidence, and open questions, and the margin questions became my study guide."
F0993,TH040,F0980,S026,6,2026-10-17T13:06:48,"Yes to all of this, and I want to add one thing about generative note-taking. If I followed the chapter, notes that are complete are often notes that were never processed. The caveat for me is that note quality is hard to score reliably."
F0994,TH040,F0983,S058,6,2026-10-15T21:13:52,"Building on the post above, I think selectivity while listening is doing a lot of work here. Stated plainly, handwriting helps mainly because it forces you to be selective. I spent two weeks rewriting my lecture notes as a concept map that evening, and I stopped transcribing and started listening. What would change your mind about what notes are actually for?"
F0995,TH044,F0992,S015,6,2026-10-16T09:46:27,"I am not sure I follow the argument about the encoding function yet. Stated plainly, reviewing notes without transforming them does very little. During an online asynchronous class I ended up limiting myself to one page per lecture on purpose, and the summary was where I discovered what I had missed. Where I get stuck is that we cannot see what students do with notes after the study ends."
F0996,TH040,F0951,S039,6,2026-10-16T17:35:13,"I agree with the earlier point about the encoding function, but I want to push on one piece. The strongest version of the argument is that notes that are complete are often notes that were never processed."
F0997,TH042,F0965,S090,6,2026-10-16T14:33:59,"This thread is helping me see what notes are actually for more clearly. I keep coming back to the idea that note structure should mirror the structure of the argument. Honestly, this was the most useful reading of the semester so far."
F0998,TH040,F0962,S026,6,2026-10-16T13:19:03,"Two people above have said something useful about the storage function. If I followed the chapter, the encoding benefit happens while you write and not while you read. I spent two weeks coding my notes for claims, evidence, and open questions, and the margin questions became my study guide. Does concept mapping help you or slow you down?"
F0999,TH042,F0969,S057,6,2026-10-16T15:44:00,"Thank you for naming what bothered me about verbatim transcription. The part that convinced me is that handwriting helps mainly because it forces you to be selective. This is probably context dependent, given that most studies look at one lecture rather than a semester."
F1000,TH040,F0993,S045,6,2026-10-17T18:41:50,"Yes to all of this, and I want to add one thing about verbatim transcription. I would say notes that are complete are often notes that were never processed, at least for the kind of material we work with. Last week I tried comparing my notes with a classmate the next day, and our two versions disagreed in an informative way. It is worth remembering that the laptop versus longhand studies have not replicated cleanly. How would you even measure verbatim transcription in a real classroom?"
F1001,TH040,F1000,S039,6,2026-10-18T18:31:53,"Building on the post above, I think verbatim transcription is doing a lot of work here. Stated plainly, the best notes are the ones you rewrite badly and then fix. Last week I tried comparing my notes with a classmate the next day, and the summary was where I discovered what I had missed."
F1002,TH044,F0961,S072,6,2026-10-16T14:50:44,"I read that section on generative note-taking differently. The authors seem to be saying that the best notes are the ones you rewrite badly and then fix. I gave comparing my notes with a classmate the next day an honest try, and the map showed two ideas I had recorded as unrelated. The caveat for me is that the right strategy depends on whether slides are available."
F1003,TH043,F0972,S063,6,2026-10-16T08:00:00,"I will take the other side on the encoding function, mostly to see what happens. Stated plainly, the best notes are the ones you rewrite badly and then fix. The caveat for me is that the laptop versus longhand studies have not replicated cleanly."
F1004,TH040,F0980,S041,6,2026-10-17T17:21:55,"Two people above have said something useful about the encoding function. I keep coming back to the idea that reviewing notes without transforming them does very little. I spent two weeks rewriting my lecture notes as a concept map that evening, and the margin questions became my study guide. It is worth remembering that the laptop versus longhand studies have not replicated cleanly."
F1005,TH040,F0994,S115,6,2026-10-16T08:00:00,"I had the opposite reaction to the claim about selectivity while listening. I keep coming back to the idea that notes that are complete are often notes that were never processed. The first time I tried limiting myself to one page per lecture on purpose it felt slow, but the margin questions became my study guide."
F1006,TH039,F0910,S058,6,2026-10-14T12:51:01,"I will take the other side on the encoding function, mostly to see what happens. The authors seem to be saying that the best notes are the ones you rewrite badly and then fix. Has anyone found a note system that survives a heavy week?"
F1007,TH040,F0974,S026,6,2026-10-16T14:00:21,"I want to sit with the point about revision passes for a second. What I did not expect was the claim that reviewing notes without transforming them does very little. I spent two weeks limiting myself to one page per lecture on purpose, and the summary was where I discovered what I had missed. Should we teach note-taking explicitly in first year courses?"
F1008,TH044,F0961,S089,6,2026-10-16T11:14:15,"I am not sure I follow the argument about the storage function yet. If I followed the chapter, the best notes are the ones you rewrite badly and then fix. Last week I tried rewriting my lecture notes as a concept map that evening, and our two versions disagreed in an informative way. Who benefits when we take revision passes seriously, and who does not?"
F1009,TH040,F0985,S075,6,2026-10-18T17:51:43,"Coming back to an earlier comment on the storage function. If I followed the chapter, notes that are complete are often notes that were never processed. Something similar happened in my methods course when I was limiting myself to one page per lecture on purpose, since the summary was where I discovered what I had missed."
F1010,TH045,F0929,S084,6,2026-10-15T11:16:26,"I am not sure I follow the argument about verbatim transcription yet. The reading argues that reviewing notes without transforming them does very little, and I think that is right. Last week I tried leaving a wide margin for questions I write after class, and our two versions disagreed in an informative way. Has anyone found a note system that survives a heavy week?"
F1011,TH040,F0980,S031,6,2026-10-17T12:18:19,"Adding a small counterexample to what has been said about revision passes. My takeaway is that notes that are complete are often notes that were never processed. In a fast lecture course I have been rewriting my lecture notes as a concept map that evening, and the map showed two ideas I had recorded as unrelated. What does your revision pass actually look like?"
F1012,TH042,F0934,S090,6,2026-10-14T10:09:54,"I read that section on verbatim transcription differently. The part that convinced me is that handwriting helps mainly because it forces you to be selective. The first time I tried leaving a wide margin for questions I write after class it felt slow, but I stopped transcribing and started listening. This is probably context dependent, given that the laptop versus longhand studies have not replicated cleanly. Where does revision passes break down in your experience? This landed as advice for students who already have time."
F1013,TH043,F1003,S079,6,2026-10-16T10:18:45,I read that section on generative note-taking differently. What seems clear to me is that the best notes are the ones you rewrite badly and then fix. One limit worth naming is that students with accommodations may need transcription and that is fine. Should we teach note-taking explicitly in first year courses?
F1014,TH040,F0996,S036,6,2026-10-17T14:25:42,"This framing of the encoding function lines up with my own experience. I would say note structure should mirror the structure of the argument, at least for the kind of material we work with."
F1015,TH040,F0980,S039,6,2026-10-17T08:43:05,"Adding a small counterexample to what has been said about the encoding function. I would say note structure should mirror the structure of the argument, at least for the kind of material we work with. I am holding this loosely, because the right strategy depends on whether slides are available."
F1016,TH043,F0982,S060,6,2026-10-16T08:00:00,Two people above have said something useful about verbatim transcription. My takeaway is that the encoding benefit happens while you write and not while you read. What would you want to see before you trusted what notes are actually for? Really glad this was assigned.
F1017,TH040,F0966,S031,6,2026-10-17T08:00:00,"This thread is helping me see revision passes more clearly. The part that convinced me is that note structure should mirror the structure of the argument. Last week I tried coding my notes for claims, evidence, and open questions, and the margin questions became my study guide. How would you explain the encoding function to a first year student?"
F1018,TH040,F1009,S038,6,2026-10-18T20:15:11,"I will take the other side on concept mapping, mostly to see what happens. What I did not expect was the claim that notes that are complete are often notes that were never processed. I gave leaving a wide margin for questions I write after class an honest try, and the map showed two ideas I had recorded as unrelated."
F1019,TH044,F0925,S072,6,2026-10-14T12:33:19,"I am not sure I follow the argument about what notes are actually for yet. My takeaway is that notes that are complete are often notes that were never processed. Something similar happened in an online asynchronous class when I was limiting myself to one page per lecture on purpose, since the map showed two ideas I had recorded as unrelated. My hesitation is that students with accommodations may need transcription and that is fine. Great thread, everyone."
F1020,TH040,F0993,S043,6,2026-10-18T08:00:00,"Building on the post above, I think the storage function is doing a lot of work here. What I did not expect was the claim that the best notes are the ones you rewrite badly and then fix. In a fast lecture course I have been leaving a wide margin for questions I write after class, and the margin questions became my study guide. Do posted slides change what you should write? This one actually changed something about my week, which is rare."
F1021,TH043,F1016,S046,6,2026-10-17T08:00:00,"Coming back to an earlier comment on verbatim transcription. I keep coming back to the idea that reviewing notes without transforming them does very little. When I started comparing my notes with a classmate the next day, my notes got shorter and much more useful. I have already sent this one to a colleague."
F1022,TH040,F0928,S039,6,2026-10-15T17:53:02,"Building on the post above, I think what notes are actually for is doing a lot of work here. I keep coming back to the idea that note structure should mirror the structure of the argument."
F1023,TH040,F1000,S039,6,2026-10-18T08:00:00,"Building on the post above, I think the encoding function is doing a lot of work here. If I followed the chapter, handwriting helps mainly because it forces you to be selective. I spent two weeks leaving a wide margin for questions I write after class, and my notes got shorter and much more useful. Where I get stuck is that we cannot see what students do with notes after the study ends."
F1024,TH040,F0987,S023,6,2026-10-18T17:53:04,"Adding a small counterexample to what has been said about the storage function. Stated plainly, notes that are complete are often notes that were never processed. How do you take notes on a reading that is already well organized?"
F1025,TH040,F0987,S057,6,2026-10-18T09:15:18,"I am not sure I follow the argument about the storage function yet. I would say reviewing notes without transforming them does very little, at least for the kind of material we work with."
F1026,TH043,F0907,S046,6,2026-10-14T15:35:11,"This thread is helping me see the storage function more clearly. The reading argues that reviewing notes without transforming them does very little, and I think that is right."
F1027,TH040,F1023,S044,6,2026-10-18T14:57:03,This thread is helping me see generative note-taking more clearly. My takeaway is that reviewing notes without transforming them does very little. One limit worth naming is that most studies look at one lecture rather than a semester. Would you design a course around the storage function?
F1028,TH040,F1018,S093,6,2026-10-18T21:35:59,"I will take the other side on revision passes, mostly to see what happens. I would say the encoding benefit happens while you write and not while you read, at least for the kind of material we work with. I would want to know more before generalizing, since we cannot see what students do with notes after the study ends. I finished this a little annoyed, which may be my own week talking."
F1029,TH040,F1020,S114,6,2026-10-18T13:25:23,"This framing of revision passes lines up with my own experience. I would say the best notes are the ones you rewrite badly and then fix, at least for the kind of material we work with. Last week I tried limiting myself to one page per lecture on purpose, and the summary was where I discovered what I had missed. I would want to know more before generalizing, since the laptop versus longhand studies have not replicated cleanly."
F1030,TH044,F0970,S046,6,2026-10-16T08:00:00,"I agree with the earlier point about what notes are actually for, but I want to push on one piece. What I did not expect was the claim that the encoding benefit happens while you write and not while you read. Does concept mapping help you or slow you down?"
F1031,TH040,F1018,S048,6,2026-10-18T21:34:31,"I read that section on selectivity while listening differently. If I followed the chapter, the best notes are the ones you rewrite badly and then fix. Where does what notes are actually for break down in your experience?"
F1032,TH040,F0981,S087,6,2026-10-16T07:59:26,"I will take the other side on the encoding function, mostly to see what happens. The authors seem to be saying that the best notes are the ones you rewrite badly and then fix. Last week I tried limiting myself to one page per lecture on purpose, and my notes got shorter and much more useful. That said, note quality is hard to score reliably."
F1033,TH040,F0993,S041,6,2026-10-17T23:45:00,"Coming back to an earlier comment on concept mapping. I would say reviewing notes without transforming them does very little, at least for the kind of material we work with. I would want to know more before generalizing, since the right strategy depends on whether slides are available. I left this reading more confused than when I started."
F1034,TH044,F0961,S056,6,2026-10-16T17:37:14,"Coming back to an earlier comment on revision passes. It looks like note structure should mirror the structure of the argument, though the evidence is not airtight. When I started rewriting my lecture notes as a concept map that evening, the margin questions became my study guide. I would want to know more before generalizing, since most studies look at one lecture rather than a semester. Do posted slides change what you should write?"
F1035,TH040,F1014,S002,6,2026-10-17T21:12:05,"I want to sit with the point about the encoding function for a second. My takeaway is that note structure should mirror the structure of the argument. I am holding this loosely, because students with accommodations may need transcription and that is fine."
F1036,TH044,F0955,S063,6,2026-10-15T18:40:24,"I had the opposite reaction to the claim about generative note-taking. I keep coming back to the idea that note structure should mirror the structure of the argument. The first time I tried coding my notes for claims, evidence, and open questions it felt slow, but our two versions disagreed in an informative way. Would you design a course around selectivity while listening?"
F1037,TH040,F0948,S054,6,2026-10-15T17:10:55,"I agree with the earlier point about what notes are actually for, but I want to push on one piece. It looks like the best notes are the ones you rewrite badly and then fix, though the evidence is not airtight. I tested this on myself by rewriting my lecture notes as a concept map that evening, and my notes got shorter and much more useful."
F1038,TH040,F1011,S055,6,2026-10-17T17:34:56,"Thank you for naming what bothered me about concept mapping. What I did not expect was the claim that notes that are complete are often notes that were never processed. During a fast lecture course I ended up leaving a wide margin for questions I write after class, and the summary was where I discovered what I had missed. Who benefits when we take what notes are actually for seriously, and who does not?"
F1039,TH040,F1009,S032,6,2026-10-18T20:18:55,"Two people above have said something useful about selectivity while listening. What I did not expect was the claim that the encoding benefit happens while you write and not while you read. Last week I tried leaving a wide margin for questions I write after class, and I stopped transcribing and started listening. I would want to know more before generalizing, since most studies look at one lecture rather than a semester. This landed as advice for students who already have time."
F1040,TH042,F0986,S016,6,2026-10-16T20:34:31,"I agree with the earlier point about the encoding function, but I want to push on one piece. I keep coming back to the idea that note structure should mirror the structure of the argument. I gave coding my notes for claims, evidence, and open questions an honest try, and the margin questions became my study guide. One limit worth naming is that students with accommodations may need transcription and that is fine."
F1041,TH041,F0958,S112,6,2026-10-15T20:37:04,"I read that section on concept mapping differently. If I followed the chapter, notes that are complete are often notes that were never processed."
F1042,TH040,F0980,S045,6,2026-10-17T09:56:21,"This thread is helping me see concept mapping more clearly. The reading argues that handwriting helps mainly because it forces you to be selective, and I think that is right."
F1043,TH040,F1029,S101,6,2026-10-18T17:22:09,"I am not sure I follow the argument about generative note-taking yet. If I followed the chapter, handwriting helps mainly because it forces you to be selective. During a class where slides were posted afterward I ended up writing a three sentence summary at the bottom of each page, and I stopped transcribing and started listening."
F1044,TH044,F0990,S055,6,2026-10-16T23:08:23,"Yes to all of this, and I want to add one thing about the storage function. If I followed the chapter, note structure should mirror the structure of the argument. I gave coding my notes for claims, evidence, and open questions an honest try, and our two versions disagreed in an informative way. I am holding this loosely, because we cannot see what students do with notes after the study ends."
F1045,TH045,F0929,S009,6,2026-10-15T17:07:34,"This thread is helping me see the storage function more clearly. I would say handwriting helps mainly because it forces you to be selective, at least for the kind of material we work with. Something similar happened in a class where slides were posted afterward when I was leaving a wide margin for questions I write after class, since I stopped transcribing and started listening. What would change your mind about generative note-taking?"
F1046,TH040,F0989,S102,6,2026-10-16T08:00:00,"Coming back to an earlier comment on the encoding function. What seems clear to me is that the encoding benefit happens while you write and not while you read. Last week I tried coding my notes for claims, evidence, and open questions, and our two versions disagreed in an informative way."
F1047,TH040,F1001,S012,6,2026-10-18T20:45:49,"Building on the post above, I think generative note-taking is doing a lot of work here. I would say the best notes are the ones you rewrite badly and then fix, at least for the kind of material we work with. One limit worth naming is that note quality is hard to score reliably. Should we teach note-taking explicitly in first year courses?"
F1048,TH040,F1023,S041,6,2026-10-18T17:27:51,"I will take the other side on verbatim transcription, mostly to see what happens. What I did not expect was the claim that the encoding benefit happens while you write and not while you read. This is probably context dependent, given that the right strategy depends on whether slides are available. Has anyone found a note system that survives a heavy week? This is the first reading that felt written for practitioners."
F1049,TH040,F1025,S099,6,2026-10-18T09:44:13,"I will take the other side on generative note-taking, mostly to see what happens. If I followed the chapter, handwriting helps mainly because it forces you to be selective. I spent two weeks comparing my notes with a classmate the next day, and our two versions disagreed in an informative way."
F1050,TH039,F0949,S044,6,2026-10-14T14:17:12,"Coming back to an earlier comment on what notes are actually for. It looks like the encoding benefit happens while you write and not while you read, though the evidence is not airtight. That said, students with accommodations may need transcription and that is fine."
F1051,TH044,F0979,S072,6,2026-10-16T23:08:09,"I had the opposite reaction to the claim about the encoding function. What I did not expect was the claim that the encoding benefit happens while you write and not while you read. The first time I tried rewriting my lecture notes as a concept map that evening it felt slow, but the summary was where I discovered what I had missed. That said, the laptop versus longhand studies have not replicated cleanly."
F1052,TH040,F1047,S097,6,2026-10-18T21:33:26,"Yes to all of this, and I want to add one thing about concept mapping. I would say handwriting helps mainly because it forces you to be selective, at least for the kind of material we work with. When I started coding my notes for claims, evidence, and open questions, our two versions disagreed in an informative way. Does concept mapping help you or slow you down?"
F1053,TH039,F0984,S039,6,2026-10-14T08:00:00,"I had the opposite reaction to the claim about generative note-taking. I would say the best notes are the ones you rewrite badly and then fix, at least for the kind of material we work with. I gave coding my notes for claims, evidence, and open questions an honest try, and the summary was where I discovered what I had missed. This is probably context dependent, given that the right strategy depends on whether slides are available. What does your revision pass actually look like? The writing made a simple idea feel complicated."
F1054,TH040,F1004,S112,6,2026-10-18T08:00:00,"Yes to all of this, and I want to add one thing about revision passes. The strongest version of the argument is that note structure should mirror the structure of the argument."
F1055,TH039,F0919,S040,6,2026-10-15T08:00:00,"Coming back to an earlier comment on revision passes. The authors seem to be saying that the best notes are the ones you rewrite badly and then fix. When I started rewriting my lecture notes as a concept map that evening, I stopped transcribing and started listening. I am holding this loosely, because students with accommodations may need transcription and that is fine."
F1056,TH040,F0978,S040,6,2026-10-15T19:07:26,"Building on the post above, I think the storage function is doing a lot of work here. The authors seem to be saying that note structure should mirror the structure of the argument. Something similar happened in an online asynchronous class when I was writing a three sentence summary at the bottom of each page, since the margin questions became my study guide. The caveat for me is that the right strategy depends on whether slides are available."
F1057,TH040,F1015,S103,6,2026-10-17T18:00:37,"Building on the post above, I think the storage function is doing a lot of work here. I would say note structure should mirror the structure of the argument, at least for the kind of material we work with. The first time I tried writing a three sentence summary at the bottom of each page it felt slow, but I stopped transcribing and started listening. My hesitation is that note quality is hard to score reliably."
F1058,TH040,F1039,S019,6,2026-10-18T21:33:24,"Adding a small counterexample to what has been said about the storage function. I would say reviewing notes without transforming them does very little, at least for the kind of material we work with. I am holding this loosely, because the laptop versus longhand studies have not replicated cleanly."
F1059,TH043,F1013,S046,6,2026-10-16T12:14:57,"This framing of what notes are actually for lines up with my own experience. What seems clear to me is that the best notes are the ones you rewrite badly and then fix. During a class where slides were posted afterward I ended up rewriting my lecture notes as a concept map that evening, and the summary was where I discovered what I had missed. What would you want to see before you trusted verbatim transcription?"
F1060,TH044,F0955,S076,6,2026-10-16T08:00:00,"I want to sit with the point about the encoding function for a second. Stated plainly, reviewing notes without transforming them does very little. When I started comparing my notes with a classmate the next day, my notes got shorter and much more useful. One limit worth naming is that the laptop versus longhand studies have not replicated cleanly. Has anyone found a note system that survives a heavy week? This gave me language for something I had only felt."
F1061,TH042,F0997,S019,6,2026-10-16T19:36:35,"Building on the post above, I think verbatim transcription is doing a lot of work here. The part that convinced me is that notes that are complete are often notes that were never processed. The first time I tried coding my notes for claims, evidence, and open questions it felt slow, but I stopped transcribing and started listening. My hesitation is that most studies look at one lecture rather than a semester. What would you want to see before you trusted the storage function?"
F1062,TH040,F0936,S045,6,2026-10-16T09:37:08,"This framing of what notes are actually for lines up with my own experience. The part that convinced me is that note structure should mirror the structure of the argument. I tested this on myself by leaving a wide margin for questions I write after class, and I stopped transcribing and started listening. The caveat for me is that note quality is hard to score reliably. Does generative note-taking look different in an online course?"
F1063,TH040,F1028,S016,6,2026-10-18T21:36:00,"This thread is helping me see what notes are actually for more clearly. My takeaway is that reviewing notes without transforming them does very little. Something similar happened in my methods course when I was coding my notes for claims, evidence, and open questions, since the map showed two ideas I had recorded as unrelated. Would you design a course around selectivity while listening?"
F1064,TH042,F0999,S023,6,2026-10-16T21:53:20,"I will take the other side on the encoding function, mostly to see what happens. The strongest version of the argument is that the encoding benefit happens while you write and not while you read. I gave writing a three sentence summary at the bottom of each page an honest try, and I stopped transcribing and started listening."
F1065,TH044,F1060,S065,6,2026-10-16T16:56:37,"This framing of verbatim transcription lines up with my own experience. The reading argues that note structure should mirror the structure of the argument, and I think that is right. Does concept mapping help you or slow you down?"
F1066,TH040,F1004,S009,6,2026-10-18T08:00:00,"Coming back to an earlier comment on what notes are actually for. The strongest version of the argument is that note structure should mirror the structure of the argument. This one actually changed something about my week, which is rare."
F1067,TH040,F1048,S112,6,2026-10-18T19:50:03,"I am not sure I follow the argument about revision passes yet. Stated plainly, the best notes are the ones you rewrite badly and then fix."
F1068,TH040,F1029,S057,6,2026-10-18T19:51:28,"Building on the post above, I think the storage function is doing a lot of work here. What I did not expect was the claim that the encoding benefit happens while you write and not while you read. I spent two weeks rewriting my lecture notes as a concept map that evening, and I stopped transcribing and started listening. This is the first reading that felt written for practitioners."
F1069,TH040,F0924,S005,6,2026-10-16T11:59:09,Coming back to an earlier comment on concept mapping. The part that convinced me is that the encoding benefit happens while you write and not while you read.
F1070,TH040,F1025,S093,6,2026-10-18T11:19:48,"Building on the post above, I think concept mapping is doing a lot of work here. I would say handwriting helps mainly because it forces you to be selective, at least for the kind of material we work with. How would you even measure the encoding function in a real classroom?"
F1071,TH042,F0986,S030,6,2026-10-17T13:25:34,"I will take the other side on revision passes, mostly to see what happens. What seems clear to me is that note structure should mirror the structure of the argument. In a course taught mostly through examples I have been leaving a wide margin for questions I write after class, and my notes got shorter and much more useful. Where I get stuck is that we cannot see what students do with notes after the study ends. How do you take notes on a reading that is already well organized?"
F1072,TH040,F1039,S050,6,2026-10-18T20:51:45,"This thread is helping me see concept mapping more clearly. The part that convinced me is that notes that are complete are often notes that were never processed. Last week I tried limiting myself to one page per lecture on purpose, and the summary was where I discovered what I had missed. My hesitation is that students with accommodations may need transcription and that is fine. Does concept mapping help you or slow you down?"
F1073,TH040,F1025,S090,6,2026-10-18T14:29:30,"Building on the post above, I think the storage function is doing a lot of work here. What seems clear to me is that reviewing notes without transforming them does very little. My hesitation is that students with accommodations may need transcription and that is fine. What would change your mind about the storage function?"
F1074,TH040,F1024,S093,6,2026-10-18T21:34:51,"I will take the other side on generative note-taking, mostly to see what happens. If I followed the chapter, the encoding benefit happens while you write and not while you read. I spent two weeks rewriting my lecture notes as a concept map that evening, and our two versions disagreed in an informative way."
F1075,TH044,F1060,S063,6,2026-10-16T17:56:07,"I want to sit with the point about revision passes for a second. The strongest version of the argument is that the encoding benefit happens while you write and not while you read. I gave coding my notes for claims, evidence, and open questions an honest try, and the map showed two ideas I had recorded as unrelated. Does concept mapping help you or slow you down?"
F1076,TH042,F0956,S064,6,2026-10-15T16:14:04,"Building on the post above, I think the storage function is doing a lot of work here. What I did not expect was the claim that the best notes are the ones you rewrite badly and then fix. That said, we cannot see what students do with notes after the study ends."
F1077,TH040,F1035,S026,6,2026-10-18T07:07:10,"I want to sit with the point about verbatim transcription for a second. I would say the best notes are the ones you rewrite badly and then fix, at least for the kind of material we work with. When I started coding my notes for claims, evidence, and open questions, our two versions disagreed in an informative way."
F1078,TH044,F0990,S055,6,2026-10-16T23:16:50,"I want to sit with the point about what notes are actually for for a second. Stated plainly, reviewing notes without transforming them does very little. I gave leaving a wide margin for questions I write after class an honest try, and the summary was where I discovered what I had missed. The caveat for me is that the right strategy depends on whether slides are available. How would you explain verbatim transcription to a first year student? I liked that the authors admitted what they could not explain."
F1079,TH037,F0901,S007,6,2026-10-13T21:41:51,"I will take the other side on revision passes, mostly to see what happens. If I followed the chapter, notes that are complete are often notes that were never processed. Something similar happened in my methods course when I was comparing my notes with a classmate the next day, since our two versions disagreed in an informative way."
F1080,TH040,F0913,S033,6,2026-10-15T17:25:57,This framing of the encoding function lines up with my own experience. My takeaway is that the encoding benefit happens while you write and not while you read. My hesitation is that most studies look at one lecture rather than a semester.
F1081,TH040,F1067,S039,6,2026-10-18T21:35:51,"Two people above have said something useful about concept mapping. What seems clear to me is that the encoding benefit happens while you write and not while you read. Something similar happened in an online asynchronous class when I was leaving a wide margin for questions I write after class, since the margin questions became my study guide. Do posted slides change what you should write?"
F1082,TH042,F0934,S107,6,2026-10-14T11:04:44,Adding a small counterexample to what has been said about the storage function. The part that convinced me is that the encoding benefit happens while you write and not while you read. One limit worth naming is that students with accommodations may need transcription and that is fine. I have already sent this one to a colleague.
F1083,TH040,F1058,S048,6,2026-10-18T21:35:59,"Thank you for naming what bothered me about revision passes. I keep coming back to the idea that handwriting helps mainly because it forces you to be selective. Last week I tried leaving a wide margin for questions I write after class, and the margin questions became my study guide. That said, the laptop versus longhand studies have not replicated cleanly. What would you want to see before you trusted selectivity while listening?"
F1084,TH044,F0970,S100,6,2026-10-16T08:00:00,"Coming back to an earlier comment on concept mapping. If I followed the chapter, notes that are complete are often notes that were never processed. This is probably context dependent, given that note quality is hard to score reliably."
F1085,TH044,F1051,S051,6,2026-10-17T08:00:00,"This thread is helping me see revision passes more clearly. The reading argues that handwriting helps mainly because it forces you to be selective, and I think that is right. My hesitation is that the laptop versus longhand studies have not replicated cleanly."
F1086,TH040,F1039,S093,6,2026-10-18T21:35:59,"Coming back to an earlier comment on revision passes. If I followed the chapter, handwriting helps mainly because it forces you to be selective. Something similar happened in a fast lecture course when I was limiting myself to one page per lecture on purpose, since the map showed two ideas I had recorded as unrelated. Where I get stuck is that we cannot see what students do with notes after the study ends. Does generative note-taking look different in an online course?"
F1087,TH040,F1029,S048,6,2026-10-18T14:28:34,"Adding a small counterexample to what has been said about revision passes. The authors seem to be saying that notes that are complete are often notes that were never processed. In a class where slides were posted afterward I have been coding my notes for claims, evidence, and open questions, and our two versions disagreed in an informative way."
F1088,TH040,F0921,S044,6,2026-10-16T08:00:00,"Building on the post above, I think revision passes is doing a lot of work here. What seems clear to me is that handwriting helps mainly because it forces you to be selective. Where does what notes are actually for break down in your experience?"
F1089,TH040,F1063,S117,6,2026-10-18T21:36:01,"I will take the other side on the encoding function, mostly to see what happens. If I followed the chapter, note structure should mirror the structure of the argument. I tested this on myself by limiting myself to one page per lecture on purpose, and the summary was where I discovered what I had missed. Where I get stuck is that the right strategy depends on whether slides are available. How do you take notes on a reading that is already well organized?"
F1090,TH042,F0988,S030,6,2026-10-15T08:00:00,"I will take the other side on concept mapping, mostly to see what happens. The strongest version of the argument is that notes that are complete are often notes that were never processed. I gave comparing my notes with a classmate the next day an honest try, and the map showed two ideas I had recorded as unrelated. I would want to know more before generalizing, since the laptop versus longhand studies have not replicated cleanly."
F1091,TH046,,S055,7,2026-10-21T23:56:30,"I have been thinking about sleep debt since the reading. I would say napping helps but does not repay a week of short nights, at least for the kind of material we work with. Where does the tradeoff between one more hour and one more cycle break down in your experience?"
F1092,TH047,,S035,7,2026-10-21T19:48:50,"Quick question for the group about social jetlag. I keep coming back to the idea that sleep debt shows up as attention lapses long before it feels like fatigue. I tested this on myself by putting my phone across the room after eleven, and my afternoon focus improved more than my evening focus did. I would want to know more before generalizing, since self reported sleep is not very accurate. What would you want to see before you trusted the tradeoff between one more hour and one more cycle?"
F1093,TH048,,S098,7,2026-10-21T07:55:43,"I want to open a thread on circadian timing. It looks like we treat sleep as a lifestyle choice when it is a study strategy, though the evidence is not airtight. What would you do with sleep data if you had it?"
F1094,TH049,,S089,7,2026-10-19T22:42:29,"I came into this week fairly skeptical about attention lapses. The authors seem to be saying that consolidation is part of learning and not a break from it. The first time I tried moving my last study block an hour earlier for two weeks it felt slow, but my afternoon focus improved more than my evening focus did. One limit worth naming is that telling a working student to sleep more can land as a judgment."
F1095,TH050,,S077,7,2026-10-21T10:10:29,Reading about slow wave sleep made me rethink how I study. What I did not expect was the claim that we treat sleep as a lifestyle choice when it is a study strategy. How do you protect sleep in a week with three deadlines? Really glad this was assigned.
F1096,TH051,,S063,7,2026-10-21T12:01:26,I have been thinking about circadian timing since the reading. What I did not expect was the claim that consolidation is part of learning and not a break from it. One limit worth naming is that the lab studies use young adults with no other obligations. What would you want to see before you trusted attention lapses?
F1097,TH052,,S023,7,2026-10-21T21:59:38,I keep circling back to the discussion of memory consolidation. I keep coming back to the idea that consolidation is part of learning and not a break from it. What would you want to see before you trusted social jetlag?
F1098,TH053,,S073,7,2026-10-20T01:19:27,"I came into this week fairly skeptical about the tradeoff between one more hour and one more cycle. I keep coming back to the idea that consolidation is part of learning and not a break from it. I am holding this loosely, because sleep advice assumes a schedule that many students do not control."
F1099,TH054,,S103,7,2026-10-20T18:17:22,"The authors seem to be saying that the last two hours of studying are often worth less than the sleep they cost. I tested this on myself by moving my last study block an hour earlier for two weeks, and I lost an hour of studying and gained a much better quiz. How do you talk about sleep without moralizing about it?"
F1100,TH054,F1099,S005,7,2026-10-21T07:18:29,"I had the opposite reaction to the claim about circadian timing. I keep coming back to the idea that napping helps but does not repay a week of short nights. I would want to know more before generalizing, since caregiving and shift work make fixed schedules impossible. What would you want to see before you trusted sleep debt?"
F1101,TH054,F1099,S113,7,2026-10-21T08:00:00,"Building on the post above, I think sleep debt is doing a lot of work here. The reading argues that napping helps but does not repay a week of short nights, and I think that is right. When I started protecting seven hours on the nights before quizzes, the first week was rough and the second was clearly better. Where I get stuck is that the correlational studies cannot separate sleep from stress. Great thread, everyone."
F1102,TH047,F1092,S055,7,2026-10-21T23:29:48,"Two people above have said something useful about attention lapses. I would say napping helps but does not repay a week of short nights, at least for the kind of material we work with. I spent two weeks keeping a fixed wake time even on weekends, and the difference was smaller than I hoped but it was real. One limit worth naming is that self reported sleep is not very accurate. How would you even measure the tradeoff between one more hour and one more cycle in a real classroom?"
F1103,TH052,F1097,S092,7,2026-10-21T23:10:55,"I will take the other side on sleep debt, mostly to see what happens. I keep coming back to the idea that sleep debt shows up as attention lapses long before it feels like fatigue. The first time I tried keeping a fixed wake time even on weekends it felt slow, but I lost an hour of studying and gained a much better quiz. The caveat for me is that self reported sleep is not very accurate."
F1104,TH054,F1101,S031,7,2026-10-21T11:43:56,"I agree with the earlier point about memory consolidation, but I want to push on one piece. Stated plainly, an early class schedule fights the circadian rhythm of most undergraduates. It is worth remembering that sleep advice assumes a schedule that many students do not control."
F1105,TH054,F1100,S043,7,2026-10-22T08:00:00,"Building on the post above, I think sleep as a study strategy is doing a lot of work here. The part that convinced me is that napping helps but does not repay a week of short nights. In finals week I have been putting my phone across the room after eleven, and I lost an hour of studying and gained a much better quiz. What would you do with sleep data if you had it?"
F1106,TH054,F1105,S057,7,2026-10-22T21:00:49,"This framing of sleep debt lines up with my own experience. My takeaway is that sleep debt shows up as attention lapses long before it feels like fatigue. When I started keeping a fixed wake time even on weekends, the first week was rough and the second was clearly better. Who benefits when we take social jetlag seriously, and who does not? The sample felt too narrow for the size of the claim."
F1107,TH052,F1097,S090,7,2026-10-22T08:00:00,"I agree with the earlier point about sleep as a study strategy, but I want to push on one piece. It looks like an early class schedule fights the circadian rhythm of most undergraduates, though the evidence is not airtight. The caveat for me is that the lab studies use young adults with no other obligations."
F1108,TH054,F1100,S058,7,2026-10-21T10:28:12,"Building on the post above, I think slow wave sleep is doing a lot of work here. If I followed the chapter, consolidation is part of learning and not a break from it. I gave keeping a fixed wake time even on weekends an honest try, and my weekend recovery sleep stopped wrecking Monday. I would want to know more before generalizing, since sleep advice assumes a schedule that many students do not control. Would you design a course around circadian timing?"
F1109,TH048,F1093,S069,7,2026-10-21T11:50:09,"Coming back to an earlier comment on the tradeoff between one more hour and one more cycle. The part that convinced me is that napping helps but does not repay a week of short nights. The first time I tried trading my late night session for an early morning one it felt slow, but I lost an hour of studying and gained a much better quiz. Where I get stuck is that telling a working student to sleep more can land as a judgment. What would change your mind about social jetlag?"
F1110,TH047,F1092,S065,7,2026-10-22T08:00:00,Adding a small counterexample to what has been said about attention lapses. What seems clear to me is that the last two hours of studying are often worth less than the sleep they cost. Would you design a course around slow wave sleep?
F1111,TH054,F1099,S097,7,2026-10-21T08:00:00,"Building on the post above, I think social jetlag is doing a lot of work here. The authors seem to be saying that we treat sleep as a lifestyle choice when it is a study strategy. It is worth remembering that sleep advice assumes a schedule that many students do not control. Who benefits when we take the tradeoff between one more hour and one more cycle seriously, and who does not?"
F1112,TH052,F1097,S057,7,2026-10-22T08:32:58,"Building on the post above, I think attention lapses is doing a lot of work here. The authors seem to be saying that napping helps but does not repay a week of short nights. Last week I tried reviewing the hardest material right before sleeping, and the first week was rough and the second was clearly better. My hesitation is that the correlational studies cannot separate sleep from stress. Who benefits when we take memory consolidation seriously, and who does not?"
F1113,TH054,F1100,S058,7,2026-10-21T10:11:11,"I will take the other side on the tradeoff between one more hour and one more cycle, mostly to see what happens. The strongest version of the argument is that we treat sleep as a lifestyle choice when it is a study strategy. I gave protecting seven hours on the nights before quizzes an honest try, and I lost an hour of studying and gained a much better quiz. Has anyone actually shifted their schedule and kept it?"
F1114,TH054,F1106,S093,7,2026-10-22T23:35:23,"This thread is helping me see sleep debt more clearly. I keep coming back to the idea that the last two hours of studying are often worth less than the sleep they cost. In the weeks I was commuting I have been protecting seven hours on the nights before quizzes, and my afternoon focus improved more than my evening focus did. Who benefits when we take slow wave sleep seriously, and who does not?"
F1115,TH054,F1101,S086,7,2026-10-22T08:00:00,"This thread is helping me see the tradeoff between one more hour and one more cycle more clearly. If I followed the chapter, sleep debt shows up as attention lapses long before it feels like fatigue. The first time I tried protecting seven hours on the nights before quizzes it felt slow, but the first week was rough and the second was clearly better. Does memory consolidation look different in an online course?"
F1116,TH051,F1096,S089,7,2026-10-22T15:32:52,"I am not sure I follow the argument about sleep as a study strategy yet. The strongest version of the argument is that sleep debt shows up as attention lapses long before it feels like fatigue. Who benefits when we take sleep debt seriously, and who does not?"
F1117,TH054,F1100,S039,7,2026-10-21T18:52:07,"I am not sure I follow the argument about sleep debt yet. The reading argues that consolidation is part of learning and not a break from it, and I think that is right. Last week I tried trading my late night session for an early morning one, and I stopped rereading the same paragraph four times. What would you want to see before you trusted slow wave sleep?"
F1118,TH054,F1115,S039,7,2026-10-22T16:05:53,"Yes to all of this, and I want to add one thing about sleep debt. The authors seem to be saying that an early class schedule fights the circadian rhythm of most undergraduates."
F1119,TH054,F1100,S045,7,2026-10-21T07:58:20,"Coming back to an earlier comment on sleep debt. I would say the last two hours of studying are often worth less than the sleep they cost, at least for the kind of material we work with. How would you even measure sleep debt in a real classroom? Honestly, this was the most useful reading of the semester so far."
F1120,TH054,F1117,S105,7,2026-10-22T08:00:00,Two people above have said something useful about circadian timing. The strongest version of the argument is that consolidation is part of learning and not a break from it. One limit worth naming is that the correlational studies cannot separate sleep from stress. How do you talk about sleep without moralizing about it? I wanted the authors to say what they would actually do on Monday.
F1121,TH054,F1120,S039,7,2026-10-23T08:00:00,"Yes to all of this, and I want to add one thing about sleep as a study strategy. If I followed the chapter, we treat sleep as a lifestyle choice when it is a study strategy. Last week I tried reviewing the hardest material right before sleeping, and the difference was smaller than I hoped but it was real."
F1122,TH054,F1120,S017,7,2026-10-22T10:03:42,"Two people above have said something useful about social jetlag. The part that convinced me is that the last two hours of studying are often worth less than the sleep they cost. Something similar happened in a course with Tuesday deadlines when I was reviewing the hardest material right before sleeping, since my afternoon focus improved more than my evening focus did. Really glad this was assigned."
F1123,TH052,F1097,S090,7,2026-10-22T08:00:00,"Building on the post above, I think attention lapses is doing a lot of work here. It looks like the last two hours of studying are often worth less than the sleep they cost, though the evidence is not airtight. When I started keeping a fixed wake time even on weekends, the first week was rough and the second was clearly better. What would change your mind about social jetlag?"
F1124,TH054,F1105,S019,7,2026-10-22T13:23:17,"Two people above have said something useful about circadian timing. What seems clear to me is that an early class schedule fights the circadian rhythm of most undergraduates. In a stretch when I had a newborn at home I have been trading my late night session for an early morning one, and I lost an hour of studying and gained a much better quiz. This is probably context dependent, given that self reported sleep is not very accurate."
F1125,TH054,F1106,S019,7,2026-10-22T21:52:38,"Yes to all of this, and I want to add one thing about sleep debt. It looks like napping helps but does not repay a week of short nights, though the evidence is not airtight. I am holding this loosely, because the correlational studies cannot separate sleep from stress. What would change your mind about circadian timing?"
F1126,TH048,F1109,S063,7,2026-10-21T20:48:54,"Coming back to an earlier comment on sleep as a study strategy. I would say we treat sleep as a lifestyle choice when it is a study strategy, at least for the kind of material we work with. In a semester with two early classes I have been moving my last study block an hour earlier for two weeks, and the first week was rough and the second was clearly better. I finished this a little annoyed, which may be my own week talking."
F1127,TH048,F1126,S080,7,2026-10-21T23:44:55,"I am not sure I follow the argument about social jetlag yet. I keep coming back to the idea that we treat sleep as a lifestyle choice when it is a study strategy. Something similar happened in finals week when I was moving my last study block an hour earlier for two weeks, since my afternoon focus improved more than my evening focus did. I have already sent this one to a colleague."
F1128,TH054,F1121,S109,7,2026-10-23T17:31:41,"I agree with the earlier point about the tradeoff between one more hour and one more cycle, but I want to push on one piece. If I followed the chapter, the last two hours of studying are often worth less than the sleep they cost. Is the tradeoff different for problem sets versus writing?"
F1129,TH054,F1120,S054,7,2026-10-22T21:28:18,"I want to sit with the point about circadian timing for a second. The reading argues that consolidation is part of learning and not a break from it, and I think that is right. In my night shift job I have been protecting seven hours on the nights before quizzes, and my weekend recovery sleep stopped wrecking Monday. My hesitation is that telling a working student to sleep more can land as a judgment."
F1130,TH047,F1092,S007,7,2026-10-22T10:03:00,"Thank you for naming what bothered me about the tradeoff between one more hour and one more cycle. I would say an early class schedule fights the circadian rhythm of most undergraduates, at least for the kind of material we work with. In my night shift job I have been trading my late night session for an early morning one, and the difference was smaller than I hoped but it was real. That said, the lab studies use young adults with no other obligations. Does circadian timing look different in an online course?"
F1131,TH054,F1120,S005,7,2026-10-22T12:59:56,"I want to sit with the point about memory consolidation for a second. Stated plainly, we treat sleep as a lifestyle choice when it is a study strategy. When I started moving my last study block an hour earlier for two weeks, my weekend recovery sleep stopped wrecking Monday. Does the tradeoff between one more hour and one more cycle look different in an online course?"
F1132,TH054,F1106,S075,7,2026-10-23T08:00:00,Coming back to an earlier comment on slow wave sleep. What I did not expect was the claim that sleep debt shows up as attention lapses long before it feels like fatigue. The caveat for me is that caregiving and shift work make fixed schedules impossible. How would you explain social jetlag to a first year student?
F1133,TH054,F1119,S043,7,2026-10-21T11:03:46,"Coming back to an earlier comment on attention lapses. The part that convinced me is that sleep debt shows up as attention lapses long before it feels like fatigue. Last week I tried keeping a fixed wake time even on weekends, and I stopped rereading the same paragraph four times. I am holding this loosely, because telling a working student to sleep more can land as a judgment."
F1134,TH048,F1093,S062,7,2026-10-21T10:59:07,Adding a small counterexample to what has been said about the tradeoff between one more hour and one more cycle. The authors seem to be saying that the last two hours of studying are often worth less than the sleep they cost. Where I get stuck is that the correlational studies cannot separate sleep from stress. I left this reading more confused than when I started.
F1135,TH052,F1123,S099,7,2026-10-22T09:41:40,I read that section on the tradeoff between one more hour and one more cycle differently. The part that convinced me is that sleep debt shows up as attention lapses long before it feels like fatigue. My hesitation is that the correlational studies cannot separate sleep from stress. Has anyone actually shifted their schedule and kept it?
F1136,TH054,F1108,S002,7,2026-10-21T15:34:20,"I will take the other side on memory consolidation, mostly to see what happens. If I followed the chapter, an early class schedule fights the circadian rhythm of most undergraduates. Where does attention lapses break down in your experience?"
F1137,TH047,F1110,S063,7,2026-10-22T14:55:32,"Coming back to an earlier comment on social jetlag. It looks like the last two hours of studying are often worth less than the sleep they cost, though the evidence is not airtight. I spent two weeks protecting seven hours on the nights before quizzes, and I lost an hour of studying and gained a much better quiz. Should a learning analytics system ever collect sleep data?"
F1138,TH051,F1116,S056,7,2026-10-23T08:00:00,"Yes to all of this, and I want to add one thing about sleep debt. I would say the last two hours of studying are often worth less than the sleep they cost, at least for the kind of material we work with. In the weeks I was commuting I have been protecting seven hours on the nights before quizzes, and the first week was rough and the second was clearly better. My hesitation is that the lab studies use young adults with no other obligations. I am worried we are asking students to fix a system problem."
F1139,TH052,F1103,S099,7,2026-10-22T08:00:00,"Coming back to an earlier comment on slow wave sleep. I would say the last two hours of studying are often worth less than the sleep they cost, at least for the kind of material we work with. It is worth remembering that caregiving and shift work make fixed schedules impossible."
F1140,TH054,F1121,S041,7,2026-10-23T21:21:09,Adding a small counterexample to what has been said about sleep debt. What I did not expect was the claim that the last two hours of studying are often worth less than the sleep they cost.
F1141,TH054,F1108,S005,7,2026-10-22T08:00:00,"Yes to all of this, and I want to add one thing about sleep debt. What seems clear to me is that consolidation is part of learning and not a break from it."
F1142,TH052,F1112,S092,7,2026-10-22T14:34:30,"I had the opposite reaction to the claim about memory consolidation. I keep coming back to the idea that an early class schedule fights the circadian rhythm of most undergraduates. I spent two weeks protecting seven hours on the nights before quizzes, and I stopped rereading the same paragraph four times. Who benefits when we take social jetlag seriously, and who does not?"
F1143,TH052,F1135,S064,7,2026-10-22T10:33:06,"Two people above have said something useful about memory consolidation. What I did not expect was the claim that consolidation is part of learning and not a break from it. During a semester with two early classes I ended up trading my late night session for an early morning one, and my afternoon focus improved more than my evening focus did."
F1144,TH050,F1095,S075,7,2026-10-21T14:40:07,"I want to sit with the point about sleep as a study strategy for a second. Stated plainly, sleep debt shows up as attention lapses long before it feels like fatigue. This is probably context dependent, given that telling a working student to sleep more can land as a judgment."
F1145,TH052,F1135,S024,7,2026-10-22T20:54:51,"I want to sit with the point about circadian timing for a second. The part that convinced me is that the last two hours of studying are often worth less than the sleep they cost. I am holding this loosely, because sleep advice assumes a schedule that many students do not control."
F1146,TH054,F1131,S044,7,2026-10-23T10:35:34,"Thank you for naming what bothered me about attention lapses. It looks like napping helps but does not repay a week of short nights, though the evidence is not airtight. When I started moving my last study block an hour earlier for two weeks, my afternoon focus improved more than my evening focus did."
F1147,TH054,F1106,S093,7,2026-10-22T23:58:33,"Building on the post above, I think circadian timing is doing a lot of work here. My takeaway is that the last two hours of studying are often worth less than the sleep they cost. Where I get stuck is that telling a working student to sleep more can land as a judgment. Has anyone actually shifted their schedule and kept it?"
F1148,TH047,F1130,S076,7,2026-10-22T12:16:15,"Coming back to an earlier comment on social jetlag. The authors seem to be saying that consolidation is part of learning and not a break from it. During a stretch when I had a newborn at home I ended up trading my late night session for an early morning one, and the difference was smaller than I hoped but it was real. Is the tradeoff different for problem sets versus writing?"
F1149,TH054,F1106,S027,7,2026-10-23T08:00:00,This framing of sleep debt lines up with my own experience. I keep coming back to the idea that we treat sleep as a lifestyle choice when it is a study strategy. The caveat for me is that caregiving and shift work make fixed schedules impossible.
F1150,TH049,F1094,S065,7,2026-10-20T10:45:35,"Two people above have said something useful about attention lapses. What I did not expect was the claim that the last two hours of studying are often worth less than the sleep they cost. I gave reviewing the hardest material right before sleeping an honest try, and I lost an hour of studying and gained a much better quiz. I am holding this loosely, because self reported sleep is not very accurate. How do you talk about sleep without moralizing about it? The sample felt too narrow for the size of the claim."
F1151,TH048,F1093,S056,7,2026-10-21T12:23:53,"I am not sure I follow the argument about social jetlag yet. My takeaway is that the last two hours of studying are often worth less than the sleep they cost. Something similar happened in my night shift job when I was reviewing the hardest material right before sleeping, since the first week was rough and the second was clearly better. Who benefits when we take attention lapses seriously, and who does not?"
F1152,TH051,F1138,S035,7,2026-10-23T08:22:03,I want to sit with the point about memory consolidation for a second. The strongest version of the argument is that an early class schedule fights the circadian rhythm of most undergraduates. How do you talk about sleep without moralizing about it?
F1153,TH054,F1124,S090,7,2026-10-22T14:22:18,"I want to sit with the point about circadian timing for a second. I would say an early class schedule fights the circadian rhythm of most undergraduates, at least for the kind of material we work with. I gave trading my late night session for an early morning one an honest try, and the first week was rough and the second was clearly better. One limit worth naming is that the lab studies use young adults with no other obligations. How do you talk about sleep without moralizing about it?"
F1154,TH051,F1116,S083,7,2026-10-23T08:00:00,"Yes to all of this, and I want to add one thing about sleep as a study strategy. I would say an early class schedule fights the circadian rhythm of most undergraduates, at least for the kind of material we work with. My hesitation is that the lab studies use young adults with no other obligations."
F1155,TH052,F1107,S048,7,2026-10-22T16:00:22,"This thread is helping me see circadian timing more clearly. I would say napping helps but does not repay a week of short nights, at least for the kind of material we work with. I tested this on myself by moving my last study block an hour earlier for two weeks, and the first week was rough and the second was clearly better. It is worth remembering that telling a working student to sleep more can land as a judgment. This one actually changed something about my week, which is rare."
F1156,TH051,F1096,S072,7,2026-10-21T16:03:01,"Adding a small counterexample to what has been said about attention lapses. The reading argues that an early class schedule fights the circadian rhythm of most undergraduates, and I think that is right. Last week I tried protecting seven hours on the nights before quizzes, and my weekend recovery sleep stopped wrecking Monday. Should a learning analytics system ever collect sleep data?"
F1157,TH054,F1122,S109,7,2026-10-22T15:34:45,"This framing of sleep as a study strategy lines up with my own experience. I keep coming back to the idea that consolidation is part of learning and not a break from it. I gave putting my phone across the room after eleven an honest try, and the first week was rough and the second was clearly better. This is probably context dependent, given that the correlational studies cannot separate sleep from stress. How do you talk about sleep without moralizing about it?"
F1158,TH051,F1156,S081,7,2026-10-22T08:00:00,Coming back to an earlier comment on slow wave sleep. I keep coming back to the idea that consolidation is part of learning and not a break from it.
F1159,TH046,F1091,S063,7,2026-10-22T08:00:00,"Building on the post above, I think the tradeoff between one more hour and one more cycle is doing a lot of work here. If I followed the chapter, consolidation is part of learning and not a break from it."
F1160,TH052,F1145,S019,7,2026-10-23T08:14:48,"Building on the post above, I think attention lapses is doing a lot of work here. What seems clear to me is that we treat sleep as a lifestyle choice when it is a study strategy. In a stretch when I had a newborn at home I have been protecting seven hours on the nights before quizzes, and my afternoon focus improved more than my evening focus did. Thanks to whoever picked this reading."
F1161,TH048,F1127,S083,7,2026-10-22T08:00:00,"Building on the post above, I think sleep as a study strategy is doing a lot of work here. What I did not expect was the claim that the last two hours of studying are often worth less than the sleep they cost. One limit worth naming is that caregiving and shift work make fixed schedules impossible."
F1162,TH054,F1128,S005,7,2026-10-23T19:07:04,"Thank you for naming what bothered me about memory consolidation. It looks like consolidation is part of learning and not a break from it, though the evidence is not airtight. When I started putting my phone across the room after eleven, my afternoon focus improved more than my evening focus did. One limit worth naming is that telling a working student to sleep more can land as a judgment. How do you talk about sleep without moralizing about it? This landed as advice for students who already have time."
F1163,TH052,F1107,S057,7,2026-10-22T14:05:20,"Coming back to an earlier comment on sleep debt. What seems clear to me is that we treat sleep as a lifestyle choice when it is a study strategy. I spent two weeks moving my last study block an hour earlier for two weeks, and I stopped rereading the same paragraph four times. Is the tradeoff different for problem sets versus writing?"
F1164,TH051,F1138,S063,7,2026-10-23T16:27:43,"Building on the post above, I think circadian timing is doing a lot of work here. If I followed the chapter, we treat sleep as a lifestyle choice when it is a study strategy. I am holding this loosely, because caregiving and shift work make fixed schedules impossible."
F1165,TH054,F1162,S039,7,2026-10-24T07:26:31,"Adding a small counterexample to what has been said about the tradeoff between one more hour and one more cycle. The strongest version of the argument is that we treat sleep as a lifestyle choice when it is a study strategy. When I started trading my late night session for an early morning one, the first week was rough and the second was clearly better. I would want to know more before generalizing, since sleep advice assumes a schedule that many students do not control. How do you talk about sleep without moralizing about it?"
F1166,TH054,F1153,S024,7,2026-10-22T16:30:06,"I want to sit with the point about sleep as a study strategy for a second. My takeaway is that consolidation is part of learning and not a break from it. I gave trading my late night session for an early morning one an honest try, and I lost an hour of studying and gained a much better quiz. That said, sleep advice assumes a schedule that many students do not control. This one wore me out, to be honest."
F1167,TH054,F1153,S020,7,2026-10-23T08:00:00,"I had the opposite reaction to the claim about circadian timing. The authors seem to be saying that the last two hours of studying are often worth less than the sleep they cost. I spent two weeks moving my last study block an hour earlier for two weeks, and I lost an hour of studying and gained a much better quiz."
F1168,TH051,F1138,S046,7,2026-10-23T10:42:27,"I will take the other side on sleep debt, mostly to see what happens. What I did not expect was the claim that sleep debt shows up as attention lapses long before it feels like fatigue. Has anyone actually shifted their schedule and kept it?"
F1169,TH054,F1115,S039,7,2026-10-22T17:27:32,"I agree with the earlier point about attention lapses, but I want to push on one piece. I keep coming back to the idea that we treat sleep as a lifestyle choice when it is a study strategy. My hesitation is that sleep advice assumes a schedule that many students do not control."
F1170,TH051,F1116,S063,7,2026-10-22T22:48:39,"I agree with the earlier point about slow wave sleep, but I want to push on one piece. The strongest version of the argument is that consolidation is part of learning and not a break from it. Where does social jetlag break down in your experience?"
F1171,TH052,F1135,S030,7,2026-10-22T19:55:42,"Coming back to an earlier comment on the tradeoff between one more hour and one more cycle. Stated plainly, sleep debt shows up as attention lapses long before it feels like fatigue. Something similar happened in the weeks I was commuting when I was keeping a fixed wake time even on weekends, since the first week was rough and the second was clearly better. I am holding this loosely, because telling a working student to sleep more can land as a judgment. Has anyone actually shifted their schedule and kept it?"
F1172,TH054,F1153,S048,7,2026-10-23T13:08:40,"I agree with the earlier point about memory consolidation, but I want to push on one piece. My takeaway is that the last two hours of studying are often worth less than the sleep they cost."
F1173,TH054,F1128,S054,7,2026-10-24T09:14:41,"This thread is helping me see memory consolidation more clearly. It looks like sleep debt shows up as attention lapses long before it feels like fatigue, though the evidence is not airtight."
F1174,TH054,F1169,S118,7,2026-10-22T23:41:57,Thank you for naming what bothered me about social jetlag. My takeaway is that napping helps but does not repay a week of short nights.
F1175,TH054,F1106,S048,7,2026-10-23T08:00:00,"This framing of sleep debt lines up with my own experience. I keep coming back to the idea that consolidation is part of learning and not a break from it. During a stretch when I had a newborn at home I ended up keeping a fixed wake time even on weekends, and I stopped rereading the same paragraph four times. Is the tradeoff different for problem sets versus writing?"
F1176,TH050,F1144,S077,7,2026-10-21T19:09:27,"I agree with the earlier point about the tradeoff between one more hour and one more cycle, but I want to push on one piece. My takeaway is that napping helps but does not repay a week of short nights. In my night shift job I have been putting my phone across the room after eleven, and my weekend recovery sleep stopped wrecking Monday. I liked that the authors admitted what they could not explain."
F1177,TH054,F1099,S044,7,2026-10-20T21:47:09,"Coming back to an earlier comment on attention lapses. It looks like sleep debt shows up as attention lapses long before it feels like fatigue, though the evidence is not airtight. During the weeks I was commuting I ended up putting my phone across the room after eleven, and the first week was rough and the second was clearly better. It is worth remembering that the lab studies use young adults with no other obligations. How would you explain circadian timing to a first year student?"
F1178,TH054,F1128,S022,7,2026-10-24T11:30:04,"Building on the post above, I think slow wave sleep is doing a lot of work here. The authors seem to be saying that an early class schedule fights the circadian rhythm of most undergraduates. Does memory consolidation look different in an online course?"
F1179,TH052,F1171,S048,7,2026-10-23T14:39:19,"Adding a small counterexample to what has been said about memory consolidation. If I followed the chapter, the last two hours of studying are often worth less than the sleep they cost. The first time I tried trading my late night session for an early morning one it felt slow, but the first week was rough and the second was clearly better. How would you even measure circadian timing in a real classroom? This one wore me out, to be honest."
F1180,TH047,F1137,S025,7,2026-10-23T08:00:00,"Adding a small counterexample to what has been said about the tradeoff between one more hour and one more cycle. It looks like the last two hours of studying are often worth less than the sleep they cost, though the evidence is not airtight. I gave moving my last study block an hour earlier for two weeks an honest try, and I lost an hour of studying and gained a much better quiz. I would want to know more before generalizing, since the correlational studies cannot separate sleep from stress. What would you do with sleep data if you had it? I kept waiting for the part about resources and it never came."
F1181,TH054,F1147,S030,7,2026-10-23T08:00:00,"Building on the post above, I think slow wave sleep is doing a lot of work here. The strongest version of the argument is that the last two hours of studying are often worth less than the sleep they cost. The first time I tried putting my phone across the room after eleven it felt slow, but the first week was rough and the second was clearly better. Great thread, everyone."
F1182,TH048,F1109,S089,7,2026-10-21T17:22:04,"This thread is helping me see sleep as a study strategy more clearly. It looks like sleep debt shows up as attention lapses long before it feels like fatigue, though the evidence is not airtight. When I started reviewing the hardest material right before sleeping, my afternoon focus improved more than my evening focus did. My hesitation is that the correlational studies cannot separate sleep from stress. What would you want to see before you trusted attention lapses?"
F1183,TH054,F1121,S022,7,2026-10-23T17:40:59,"Yes to all of this, and I want to add one thing about slow wave sleep. I would say an early class schedule fights the circadian rhythm of most undergraduates, at least for the kind of material we work with. In a stretch when I had a newborn at home I have been putting my phone across the room after eleven, and my afternoon focus improved more than my evening focus did. I would want to know more before generalizing, since the lab studies use young adults with no other obligations."
F1184,TH054,F1167,S039,7,2026-10-23T14:52:11,Coming back to an earlier comment on sleep as a study strategy. The part that convinced me is that the last two hours of studying are often worth less than the sleep they cost. The caveat for me is that sleep advice assumes a schedule that many students do not control. Should a learning analytics system ever collect sleep data?
F1185,TH054,F1131,S058,7,2026-10-22T15:50:21,"Two people above have said something useful about attention lapses. My takeaway is that sleep debt shows up as attention lapses long before it feels like fatigue. I am holding this loosely, because sleep advice assumes a schedule that many students do not control. How would you explain the tradeoff between one more hour and one more cycle to a first year student?"
F1186,TH054,F1100,S040,7,2026-10-21T23:36:32,"Coming back to an earlier comment on the tradeoff between one more hour and one more cycle. The authors seem to be saying that the last two hours of studying are often worth less than the sleep they cost. That said, caregiving and shift work make fixed schedules impossible. Does social jetlag look different in an online course?"
F1187,TH054,F1129,S103,7,2026-10-23T09:58:11,"Adding a small counterexample to what has been said about circadian timing. My takeaway is that sleep debt shows up as attention lapses long before it feels like fatigue. That said, sleep advice assumes a schedule that many students do not control. How do you talk about sleep without moralizing about it?"
F1188,TH051,F1138,S025,7,2026-10-23T10:44:01,"Two people above have said something useful about circadian timing. It looks like an early class schedule fights the circadian rhythm of most undergraduates, though the evidence is not airtight. I spent two weeks reviewing the hardest material right before sleeping, and I lost an hour of studying and gained a much better quiz."
F1189,TH052,F1112,S093,7,2026-10-22T14:45:14,"Two people above have said something useful about sleep as a study strategy. The authors seem to be saying that an early class schedule fights the circadian rhythm of most undergraduates. Something similar happened in a course with Tuesday deadlines when I was trading my late night session for an early morning one, since I stopped rereading the same paragraph four times."
F1190,TH052,F1097,S024,7,2026-10-21T23:14:19,"I agree with the earlier point about memory consolidation, but I want to push on one piece. The authors seem to be saying that the last two hours of studying are often worth less than the sleep they cost. I spent two weeks protecting seven hours on the nights before quizzes, and the difference was smaller than I hoped but it was real. Where I get stuck is that the lab studies use young adults with no other obligations. Does social jetlag look different in an online course?"
F1191,TH054,F1128,S054,7,2026-10-24T08:00:00,"Adding a small counterexample to what has been said about sleep debt. The strongest version of the argument is that an early class schedule fights the circadian rhythm of most undergraduates. When I started moving my last study block an hour earlier for two weeks, my weekend recovery sleep stopped wrecking Monday. How would you explain sleep debt to a first year student?"
F1192,TH054,F1165,S002,7,2026-10-25T08:00:00,"Two people above have said something useful about social jetlag. The reading argues that sleep debt shows up as attention lapses long before it feels like fatigue, and I think that is right. Last week I tried putting my phone across the room after eleven, and the difference was smaller than I hoped but it was real. It is worth remembering that sleep advice assumes a schedule that many students do not control."
F1193,TH047,F1110,S025,7,2026-10-22T17:50:40,"Yes to all of this, and I want to add one thing about social jetlag. The strongest version of the argument is that sleep debt shows up as attention lapses long before it feels like fatigue. I tested this on myself by reviewing the hardest material right before sleeping, and the difference was smaller than I hoped but it was real."
F1194,TH054,F1146,S105,7,2026-10-23T13:15:33,"I am not sure I follow the argument about social jetlag yet. The strongest version of the argument is that the last two hours of studying are often worth less than the sleep they cost. During a course with Tuesday deadlines I ended up reviewing the hardest material right before sleeping, and I lost an hour of studying and gained a much better quiz. This is probably context dependent, given that the lab studies use young adults with no other obligations. Has anyone actually shifted their schedule and kept it?"
F1195,TH054,F1173,S002,7,2026-10-25T08:00:00,"Adding a small counterexample to what has been said about social jetlag. What seems clear to me is that we treat sleep as a lifestyle choice when it is a study strategy. Something similar happened in a course with Tuesday deadlines when I was putting my phone across the room after eleven, since I stopped rereading the same paragraph four times. I am holding this loosely, because the lab studies use young adults with no other obligations."
F1196,TH047,F1193,S063,7,2026-10-22T18:35:09,"I am not sure I follow the argument about the tradeoff between one more hour and one more cycle yet. The reading argues that we treat sleep as a lifestyle choice when it is a study strategy, and I think that is right. In my night shift job I have been keeping a fixed wake time even on weekends, and the difference was smaller than I hoped but it was real. What would change your mind about memory consolidation? This clarified something I had been confused about for years."
F1197,TH051,F1116,S007,7,2026-10-22T19:48:48,"Yes to all of this, and I want to add one thing about sleep as a study strategy. What I did not expect was the claim that napping helps but does not repay a week of short nights. When I started keeping a fixed wake time even on weekends, the first week was rough and the second was clearly better. I would want to know more before generalizing, since telling a working student to sleep more can land as a judgment."
F1198,TH052,F1171,S093,7,2026-10-23T08:00:00,"Thank you for naming what bothered me about circadian timing. The strongest version of the argument is that sleep debt shows up as attention lapses long before it feels like fatigue. This is probably context dependent, given that caregiving and shift work make fixed schedules impossible. Does circadian timing look different in an online course?"
F1199,TH054,F1192,S039,7,2026-10-25T10:49:16,"I will take the other side on sleep debt, mostly to see what happens. The part that convinced me is that the last two hours of studying are often worth less than the sleep they cost. How would you even measure circadian timing in a real classroom?"
F1200,TH054,F1192,S115,7,2026-10-25T19:31:48,"This framing of attention lapses lines up with my own experience. The strongest version of the argument is that the last two hours of studying are often worth less than the sleep they cost. I spent two weeks protecting seven hours on the nights before quizzes, and the first week was rough and the second was clearly better. The caveat for me is that self reported sleep is not very accurate. This one actually changed something about my week, which is rare."
F1201,TH054,F1192,S105,7,2026-10-25T13:47:52,"Coming back to an earlier comment on memory consolidation. What I did not expect was the claim that the last two hours of studying are often worth less than the sleep they cost. I tested this on myself by moving my last study block an hour earlier for two weeks, and I lost an hour of studying and gained a much better quiz. I would want to know more before generalizing, since the correlational studies cannot separate sleep from stress. How do you talk about sleep without moralizing about it?"
F1202,TH051,F1154,S076,7,2026-10-23T10:30:27,"This framing of attention lapses lines up with my own experience. My takeaway is that we treat sleep as a lifestyle choice when it is a study strategy. The first time I tried putting my phone across the room after eleven it felt slow, but I lost an hour of studying and gained a much better quiz. It is worth remembering that the lab studies use young adults with no other obligations."
F1203,TH051,F1170,S065,7,2026-10-23T13:08:37,"Building on the post above, I think the tradeoff between one more hour and one more cycle is doing a lot of work here. What seems clear to me is that an early class schedule fights the circadian rhythm of most undergraduates. Last week I tried trading my late night session for an early morning one, and the difference was smaller than I hoped but it was real. What would change your mind about slow wave sleep?"
F1204,TH054,F1114,S077,7,2026-10-23T08:00:00,"Coming back to an earlier comment on memory consolidation. What I did not expect was the claim that napping helps but does not repay a week of short nights. I would want to know more before generalizing, since the correlational studies cannot separate sleep from stress. How would you even measure social jetlag in a real classroom?"
F1205,TH047,F1102,S076,7,2026-10-22T08:00:00,"Yes to all of this, and I want to add one thing about sleep as a study strategy. What seems clear to me is that napping helps but does not repay a week of short nights. During a course with Tuesday deadlines I ended up reviewing the hardest material right before sleeping, and I stopped rereading the same paragraph four times. Great thread, everyone."
F1206,TH051,F1116,S079,7,2026-10-23T08:00:00,This framing of sleep debt lines up with my own experience. The authors seem to be saying that an early class schedule fights the circadian rhythm of most undergraduates. What would you want to see before you trusted sleep as a study strategy?
F1207,TH050,F1095,S057,7,2026-10-21T17:01:10,"Coming back to an earlier comment on sleep as a study strategy. I would say napping helps but does not repay a week of short nights, at least for the kind of material we work with. The first time I tried reviewing the hardest material right before sleeping it felt slow, but I lost an hour of studying and gained a much better quiz. I am holding this loosely, because the correlational studies cannot separate sleep from stress."
F1208,TH054,F1115,S002,7,2026-10-22T11:04:56,"This framing of the tradeoff between one more hour and one more cycle lines up with my own experience. It looks like an early class schedule fights the circadian rhythm of most undergraduates, though the evidence is not airtight. It is worth remembering that the lab studies use young adults with no other obligations. Would you design a course around sleep debt?"
F1209,TH052,F1123,S027,7,2026-10-22T16:20:36,"Coming back to an earlier comment on social jetlag. My takeaway is that we treat sleep as a lifestyle choice when it is a study strategy. The first time I tried protecting seven hours on the nights before quizzes it felt slow, but my afternoon focus improved more than my evening focus did. I am holding this loosely, because the lab studies use young adults with no other obligations. The writing made a simple idea feel complicated."
F1210,TH052,F1143,S027,7,2026-10-22T22:20:31,"Coming back to an earlier comment on the tradeoff between one more hour and one more cycle. The reading argues that we treat sleep as a lifestyle choice when it is a study strategy, and I think that is right. I gave reviewing the hardest material right before sleeping an honest try, and my weekend recovery sleep stopped wrecking Monday. Is the tradeoff different for problem sets versus writing?"
F1211,TH052,F1179,S093,7,2026-10-23T16:56:47,"Adding a small counterexample to what has been said about sleep as a study strategy. I keep coming back to the idea that an early class schedule fights the circadian rhythm of most undergraduates. I tested this on myself by moving my last study block an hour earlier for two weeks, and my weekend recovery sleep stopped wrecking Monday. One limit worth naming is that caregiving and shift work make fixed schedules impossible."
F1212,TH054,F1187,S039,7,2026-10-23T11:03:32,"I am not sure I follow the argument about sleep debt yet. It looks like the last two hours of studying are often worth less than the sleep they cost, though the evidence is not airtight. How do you talk about sleep without moralizing about it?"
F1213,TH051,F1168,S089,7,2026-10-23T21:12:08,"Yes to all of this, and I want to add one thing about the tradeoff between one more hour and one more cycle. I keep coming back to the idea that we treat sleep as a lifestyle choice when it is a study strategy."
F1214,TH052,F1160,S057,7,2026-10-23T16:00:06,Two people above have said something useful about slow wave sleep. I keep coming back to the idea that consolidation is part of learning and not a break from it. One limit worth naming is that sleep advice assumes a schedule that many students do not control. How would you even measure slow wave sleep in a real classroom?
F1215,TH052,F1179,S092,7,2026-10-23T22:10:56,"I want to sit with the point about sleep debt for a second. The authors seem to be saying that napping helps but does not repay a week of short nights. When I started trading my late night session for an early morning one, the first week was rough and the second was clearly better. I am holding this loosely, because sleep advice assumes a schedule that many students do not control. Who benefits when we take memory consolidation seriously, and who does not?"
F1216,TH054,F1200,S039,7,2026-10-25T21:35:15,"I am not sure I follow the argument about the tradeoff between one more hour and one more cycle yet. It looks like we treat sleep as a lifestyle choice when it is a study strategy, though the evidence is not airtight. During a semester with two early classes I ended up moving my last study block an hour earlier for two weeks, and my weekend recovery sleep stopped wrecking Monday. How do you protect sleep in a week with three deadlines?"
F1217,TH051,F1206,S096,7,2026-10-23T10:31:01,"I read that section on sleep as a study strategy differently. It looks like sleep debt shows up as attention lapses long before it feels like fatigue, though the evidence is not airtight. The first time I tried reviewing the hardest material right before sleeping it felt slow, but my afternoon focus improved more than my evening focus did. My hesitation is that telling a working student to sleep more can land as a judgment."
F1218,TH054,F1162,S101,7,2026-10-23T23:37:54,"Building on the post above, I think social jetlag is doing a lot of work here. The strongest version of the argument is that consolidation is part of learning and not a break from it. I tested this on myself by protecting seven hours on the nights before quizzes, and my weekend recovery sleep stopped wrecking Monday."
F1219,TH052,F1211,S077,7,2026-10-23T20:11:09,"I agree with the earlier point about circadian timing, but I want to push on one piece. Stated plainly, consolidation is part of learning and not a break from it. Last week I tried putting my phone across the room after eleven, and my afternoon focus improved more than my evening focus did. Where I get stuck is that self reported sleep is not very accurate. Would you design a course around sleep debt?"
F1220,TH051,F1203,S072,7,2026-10-23T13:12:31,"Thank you for naming what bothered me about sleep debt. Stated plainly, an early class schedule fights the circadian rhythm of most undergraduates. I spent two weeks putting my phone across the room after eleven, and the difference was smaller than I hoped but it was real. How would you even measure social jetlag in a real classroom?"
F1221,TH047,F1110,S051,7,2026-10-22T14:28:28,This thread is helping me see sleep as a study strategy more clearly. The strongest version of the argument is that napping helps but does not repay a week of short nights.
F1222,TH054,F1121,S036,7,2026-10-23T11:15:28,"Building on the post above, I think the tradeoff between one more hour and one more cycle is doing a lot of work here. It looks like consolidation is part of learning and not a break from it, though the evidence is not airtight. During my night shift job I ended up moving my last study block an hour earlier for two weeks, and my weekend recovery sleep stopped wrecking Monday. My hesitation is that self reported sleep is not very accurate."
F1223,TH054,F1100,S054,7,2026-10-21T11:27:38,"Building on the post above, I think the tradeoff between one more hour and one more cycle is doing a lot of work here. I would say sleep debt shows up as attention lapses long before it feels like fatigue, at least for the kind of material we work with. I gave moving my last study block an hour earlier for two weeks an honest try, and the difference was smaller than I hoped but it was real. It is worth remembering that self reported sleep is not very accurate. How do you talk about sleep without moralizing about it?"
F1224,TH054,F1175,S117,7,2026-10-24T14:07:54,"I want to sit with the point about circadian timing for a second. The reading argues that sleep debt shows up as attention lapses long before it feels like fatigue, and I think that is right. This is probably context dependent, given that sleep advice assumes a schedule that many students do not control."
F1225,TH054,F1216,S031,7,2026-10-25T21:35:59,"I agree with the earlier point about attention lapses, but I want to push on one piece. What seems clear to me is that we treat sleep as a lifestyle choice when it is a study strategy. This gave me language for something I had only felt."
F1226,TH054,F1175,S042,7,2026-10-23T13:58:52,"Adding a small counterexample to what has been said about sleep debt. The strongest version of the argument is that the last two hours of studying are often worth less than the sleep they cost. I spent two weeks protecting seven hours on the nights before quizzes, and I lost an hour of studying and gained a much better quiz. I would want to know more before generalizing, since telling a working student to sleep more can land as a judgment."
F1227,TH054,F1106,S093,7,2026-10-23T08:00:00,Thank you for naming what bothered me about the tradeoff between one more hour and one more cycle. My takeaway is that consolidation is part of learning and not a break from it. It is worth remembering that caregiving and shift work make fixed schedules impossible. I am excited to try this in my own teaching.
F1228,TH054,F1204,S114,7,2026-10-23T16:06:28,"Building on the post above, I think attention lapses is doing a lot of work here. Stated plainly, the last two hours of studying are often worth less than the sleep they cost. I spent two weeks moving my last study block an hour earlier for two weeks, and I lost an hour of studying and gained a much better quiz. That said, the correlational studies cannot separate sleep from stress. Is the tradeoff different for problem sets versus writing?"
F1229,TH054,F1173,S002,7,2026-10-24T16:20:54,"This framing of sleep debt lines up with my own experience. Stated plainly, the last two hours of studying are often worth less than the sleep they cost. I spent two weeks moving my last study block an hour earlier for two weeks, and the first week was rough and the second was clearly better."
F1230,TH048,F1161,S037,7,2026-10-22T18:25:01,"I read that section on the tradeoff between one more hour and one more cycle differently. The part that convinced me is that consolidation is part of learning and not a break from it. Something similar happened in a semester with two early classes when I was reviewing the hardest material right before sleeping, since I lost an hour of studying and gained a much better quiz. Is the tradeoff different for problem sets versus writing? I am worried we are asking students to fix a system problem."
F1231,TH052,F1097,S077,7,2026-10-22T14:27:03,"Yes to all of this, and I want to add one thing about attention lapses. The part that convinced me is that we treat sleep as a lifestyle choice when it is a study strategy. I gave trading my late night session for an early morning one an honest try, and the difference was smaller than I hoped but it was real. How do you talk about sleep without moralizing about it? Thanks to whoever picked this reading."
F1232,TH051,F1213,S007,7,2026-10-23T22:02:22,"I agree with the earlier point about memory consolidation, but I want to push on one piece. If I followed the chapter, sleep debt shows up as attention lapses long before it feels like fatigue. Last week I tried reviewing the hardest material right before sleeping, and I lost an hour of studying and gained a much better quiz."
F1233,TH047,F1180,S069,7,2026-10-23T11:15:42,"I agree with the earlier point about slow wave sleep, but I want to push on one piece. I would say the last two hours of studying are often worth less than the sleep they cost, at least for the kind of material we work with. I am holding this loosely, because sleep advice assumes a schedule that many students do not control. Has anyone actually shifted their schedule and kept it?"
F1234,TH052,F1142,S057,7,2026-10-22T16:47:06,"Building on the post above, I think memory consolidation is doing a lot of work here. I would say consolidation is part of learning and not a break from it, at least for the kind of material we work with. How would you explain circadian timing to a first year student?"
F1235,TH054,F1212,S087,7,2026-10-24T12:52:05,"Two people above have said something useful about social jetlag. My takeaway is that napping helps but does not repay a week of short nights. In a stretch when I had a newborn at home I have been trading my late night session for an early morning one, and I lost an hour of studying and gained a much better quiz. Should a learning analytics system ever collect sleep data? Thanks to whoever picked this reading."
F1236,TH054,F1178,S039,7,2026-10-24T16:07:39,"I will take the other side on social jetlag, mostly to see what happens. My takeaway is that sleep debt shows up as attention lapses long before it feels like fatigue. I tested this on myself by trading my late night session for an early morning one, and the first week was rough and the second was clearly better. This is probably context dependent, given that caregiving and shift work make fixed schedules impossible. What would change your mind about circadian timing?"
F1237,TH054,F1229,S087,7,2026-10-24T23:52:59,"I am not sure I follow the argument about sleep as a study strategy yet. Stated plainly, napping helps but does not repay a week of short nights. Last week I tried putting my phone across the room after eleven, and my weekend recovery sleep stopped wrecking Monday. It is worth remembering that caregiving and shift work make fixed schedules impossible. Has anyone actually shifted their schedule and kept it? I am excited to try this in my own teaching."
F1238,TH054,F1122,S044,7,2026-10-22T19:35:16,"Yes to all of this, and I want to add one thing about the tradeoff between one more hour and one more cycle. The authors seem to be saying that consolidation is part of learning and not a break from it. I spent two weeks reviewing the hardest material right before sleeping, and the first week was rough and the second was clearly better. I am holding this loosely, because self reported sleep is not very accurate. Should a learning analytics system ever collect sleep data?"
F1239,TH054,F1200,S058,7,2026-10-25T21:35:59,"Thank you for naming what bothered me about sleep as a study strategy. What seems clear to me is that the last two hours of studying are often worth less than the sleep they cost. During a course with Tuesday deadlines I ended up keeping a fixed wake time even on weekends, and I stopped rereading the same paragraph four times. I would want to know more before generalizing, since sleep advice assumes a schedule that many students do not control."
F1240,TH054,F1181,S048,7,2026-10-23T09:30:55,"Building on the post above, I think attention lapses is doing a lot of work here. The strongest version of the argument is that we treat sleep as a lifestyle choice when it is a study strategy. What would change your mind about sleep debt? I left this reading more confused than when I started."
F1241,TH052,F1210,S057,7,2026-10-23T08:00:00,"This thread is helping me see memory consolidation more clearly. Stated plainly, sleep debt shows up as attention lapses long before it feels like fatigue. The writing made a simple idea feel complicated."
F1242,TH047,F1102,S025,7,2026-10-22T08:00:00,"Yes to all of this, and I want to add one thing about memory consolidation. If I followed the chapter, the last two hours of studying are often worth less than the sleep they cost. When I started protecting seven hours on the nights before quizzes, the first week was rough and the second was clearly better. That said, caregiving and shift work make fixed schedules impossible."
F1243,TH054,F1199,S087,7,2026-10-25T14:45:32,"I had the opposite reaction to the claim about social jetlag. The reading argues that consolidation is part of learning and not a break from it, and I think that is right."
F1244,TH048,F1161,S037,7,2026-10-22T17:41:26,"I want to sit with the point about the tradeoff between one more hour and one more cycle for a second. Stated plainly, consolidation is part of learning and not a break from it. The caveat for me is that self reported sleep is not very accurate. How would you even measure social jetlag in a real classroom?"
F1245,TH054,F1216,S087,7,2026-10-25T21:35:59,"I want to sit with the point about memory consolidation for a second. The strongest version of the argument is that the last two hours of studying are often worth less than the sleep they cost. The first time I tried reviewing the hardest material right before sleeping it felt slow, but the difference was smaller than I hoped but it was real. Would you design a course around sleep as a study strategy?"
F1246,TH054,F1224,S057,7,2026-10-25T08:00:00,I am not sure I follow the argument about attention lapses yet. I keep coming back to the idea that sleep debt shows up as attention lapses long before it feels like fatigue. This felt disconnected from the students I actually work with.
F1247,TH052,F1219,S057,7,2026-10-24T08:00:00,"Two people above have said something useful about sleep as a study strategy. My takeaway is that consolidation is part of learning and not a break from it. This is probably context dependent, given that the correlational studies cannot separate sleep from stress. Has anyone actually shifted their schedule and kept it?"
F1248,TH052,F1123,S093,7,2026-10-22T17:35:03,"I agree with the earlier point about sleep debt, but I want to push on one piece. What I did not expect was the claim that consolidation is part of learning and not a break from it. During a semester with two early classes I ended up trading my late night session for an early morning one, and I stopped rereading the same paragraph four times. What would you want to see before you trusted sleep as a study strategy?"
F1249,TH052,F1155,S019,7,2026-10-22T23:12:15,"I am not sure I follow the argument about sleep as a study strategy yet. It looks like an early class schedule fights the circadian rhythm of most undergraduates, though the evidence is not airtight. This is probably context dependent, given that the correlational studies cannot separate sleep from stress. Should a learning analytics system ever collect sleep data? I kept waiting for the part about resources and it never came."
F1250,TH051,F1206,S066,7,2026-10-23T20:41:16,"Yes to all of this, and I want to add one thing about circadian timing. I would say sleep debt shows up as attention lapses long before it feels like fatigue, at least for the kind of material we work with. What would change your mind about attention lapses?"
F1251,TH051,F1154,S065,7,2026-10-23T09:25:08,"I will take the other side on memory consolidation, mostly to see what happens. I would say consolidation is part of learning and not a break from it, at least for the kind of material we work with. Who benefits when we take circadian timing seriously, and who does not? I have already sent this one to a colleague."
F1252,TH054,F1131,S039,7,2026-10-23T08:00:00,"Adding a small counterexample to what has been said about slow wave sleep. If I followed the chapter, the last two hours of studying are often worth less than the sleep they cost. In a semester with two early classes I have been reviewing the hardest material right before sleeping, and I lost an hour of studying and gained a much better quiz. I am holding this loosely, because the lab studies use young adults with no other obligations."
F1253,TH054,F1216,S029,7,2026-10-25T21:35:59,"I agree with the earlier point about the tradeoff between one more hour and one more cycle, but I want to push on one piece. The strongest version of the argument is that an early class schedule fights the circadian rhythm of most undergraduates. Where I get stuck is that caregiving and shift work make fixed schedules impossible. Would you design a course around the tradeoff between one more hour and one more cycle?"
F1254,TH052,F1210,S057,7,2026-10-23T08:00:00,"Two people above have said something useful about attention lapses. I would say an early class schedule fights the circadian rhythm of most undergraduates, at least for the kind of material we work with. I spent two weeks keeping a fixed wake time even on weekends, and the difference was smaller than I hoped but it was real. Who benefits when we take circadian timing seriously, and who does not?"
F1255,TH051,F1213,S063,7,2026-10-24T08:00:00,"Yes to all of this, and I want to add one thing about the tradeoff between one more hour and one more cycle. What seems clear to me is that consolidation is part of learning and not a break from it. Last week I tried trading my late night session for an early morning one, and I lost an hour of studying and gained a much better quiz. I would want to know more before generalizing, since the lab studies use young adults with no other obligations."
F1256,TH048,F1093,S004,7,2026-10-21T13:10:40,"I agree with the earlier point about attention lapses, but I want to push on one piece. It looks like the last two hours of studying are often worth less than the sleep they cost, though the evidence is not airtight. When I started putting my phone across the room after eleven, my afternoon focus improved more than my evening focus did. My hesitation is that sleep advice assumes a schedule that many students do not control."
F1257,TH047,F1193,S013,7,2026-10-23T08:00:00,"Coming back to an earlier comment on memory consolidation. The authors seem to be saying that consolidation is part of learning and not a break from it. The first time I tried keeping a fixed wake time even on weekends it felt slow, but I lost an hour of studying and gained a much better quiz. My hesitation is that self reported sleep is not very accurate. Should a learning analytics system ever collect sleep data?"
F1258,TH048,F1244,S068,7,2026-10-23T08:00:00,"Building on the post above, I think circadian timing is doing a lot of work here. The reading argues that we treat sleep as a lifestyle choice when it is a study strategy, and I think that is right. During a semester with two early classes I ended up keeping a fixed wake time even on weekends, and the difference was smaller than I hoped but it was real. Where I get stuck is that the correlational studies cannot separate sleep from stress. What would you want to see before you trusted memory consolidation?"
F1259,TH052,F1209,S107,7,2026-10-22T17:52:09,"This thread is helping me see circadian timing more clearly. The strongest version of the argument is that the last two hours of studying are often worth less than the sleep they cost. I am holding this loosely, because the lab studies use young adults with no other obligations. Should a learning analytics system ever collect sleep data?"
F1260,TH054,F1253,S040,7,2026-10-25T21:36:00,"I agree with the earlier point about slow wave sleep, but I want to push on one piece. The reading argues that napping helps but does not repay a week of short nights, and I think that is right. Something similar happened in my night shift job when I was putting my phone across the room after eleven, since the first week was rough and the second was clearly better. Does the tradeoff between one more hour and one more cycle look different in an online course?"
F1261,TH054,F1253,S006,7,2026-10-25T21:36:00,"I will take the other side on the tradeoff between one more hour and one more cycle, mostly to see what happens. It looks like sleep debt shows up as attention lapses long before it feels like fatigue, though the evidence is not airtight. Who benefits when we take circadian timing seriously, and who does not?"
F1262,TH054,F1201,S002,7,2026-10-25T19:46:04,I had the opposite reaction to the claim about social jetlag. I keep coming back to the idea that napping helps but does not repay a week of short nights. What would you do with sleep data if you had it?
F1263,TH051,F1217,S046,7,2026-10-23T18:53:58,"I will take the other side on circadian timing, mostly to see what happens. What I did not expect was the claim that sleep debt shows up as attention lapses long before it feels like fatigue. The first time I tried trading my late night session for an early morning one it felt slow, but I stopped rereading the same paragraph four times. That said, the lab studies use young adults with no other obligations."
F1264,TH051,F1197,S072,7,2026-10-23T08:00:00,"This thread is helping me see sleep as a study strategy more clearly. I keep coming back to the idea that we treat sleep as a lifestyle choice when it is a study strategy. When I started trading my late night session for an early morning one, I lost an hour of studying and gained a much better quiz. That said, the correlational studies cannot separate sleep from stress."
F1265,TH047,F1193,S046,7,2026-10-22T20:58:39,I want to sit with the point about slow wave sleep for a second. The part that convinced me is that the last two hours of studying are often worth less than the sleep they cost. Is the tradeoff different for problem sets versus writing? Thanks to whoever picked this reading.
F1266,TH054,F1100,S039,7,2026-10-21T18:37:56,"Coming back to an earlier comment on the tradeoff between one more hour and one more cycle. If I followed the chapter, napping helps but does not repay a week of short nights. I spent two weeks moving my last study block an hour earlier for two weeks, and my weekend recovery sleep stopped wrecking Monday. This is probably context dependent, given that the correlational studies cannot separate sleep from stress."
F1267,TH054,F1184,S029,7,2026-10-24T08:00:00,"I agree with the earlier point about the tradeoff between one more hour and one more cycle, but I want to push on one piece. The part that convinced me is that the last two hours of studying are often worth less than the sleep they cost. I am holding this loosely, because sleep advice assumes a schedule that many students do not control. How would you even measure circadian timing in a real classroom? I finished this feeling more hopeful than I expected."
F1268,TH051,F1232,S063,7,2026-10-23T22:24:42,"Thank you for naming what bothered me about social jetlag. What seems clear to me is that the last two hours of studying are often worth less than the sleep they cost. I gave putting my phone across the room after eleven an honest try, and I stopped rereading the same paragraph four times. Where I get stuck is that telling a working student to sleep more can land as a judgment. What would you do with sleep data if you had it?"
F1269,TH054,F1132,S074,7,2026-10-23T08:07:33,"Thank you for naming what bothered me about sleep as a study strategy. The reading argues that an early class schedule fights the circadian rhythm of most undergraduates, and I think that is right. I gave keeping a fixed wake time even on weekends an honest try, and I stopped rereading the same paragraph four times. Where I get stuck is that telling a working student to sleep more can land as a judgment."
F1270,TH051,F1154,S063,7,2026-10-23T12:09:05,"I will take the other side on circadian timing, mostly to see what happens. What seems clear to me is that we treat sleep as a lifestyle choice when it is a study strategy. Last week I tried moving my last study block an hour earlier for two weeks, and the first week was rough and the second was clearly better. What would you want to see before you trusted sleep as a study strategy?"
F1271,TH054,F1269,S114,7,2026-10-23T11:05:38,"Yes to all of this, and I want to add one thing about memory consolidation. Stated plainly, the last two hours of studying are often worth less than the sleep they cost. Last week I tried moving my last study block an hour earlier for two weeks, and I stopped rereading the same paragraph four times. Is the tradeoff different for problem sets versus writing?"
F1272,TH052,F1145,S077,7,2026-10-23T08:00:00,Coming back to an earlier comment on social jetlag. My takeaway is that sleep debt shows up as attention lapses long before it feels like fatigue.
F1273,TH052,F1142,S048,7,2026-10-23T10:40:32,"Yes to all of this, and I want to add one thing about sleep as a study strategy. Stated plainly, consolidation is part of learning and not a break from it. That said, telling a working student to sleep more can land as a judgment. What would you want to see before you trusted the tradeoff between one more hour and one more cycle? I appreciated how concrete the examples were."
F1274,TH051,F1268,S025,7,2026-10-24T08:00:00,"I will take the other side on slow wave sleep, mostly to see what happens. The reading argues that we treat sleep as a lifestyle choice when it is a study strategy, and I think that is right. I spent two weeks reviewing the hardest material right before sleeping, and my weekend recovery sleep stopped wrecking Monday."
F1275,TH054,F1246,S048,7,2026-10-25T12:22:12,This framing of circadian timing lines up with my own experience. The strongest version of the argument is that an early class schedule fights the circadian rhythm of most undergraduates. Should a learning analytics system ever collect sleep data?
F1276,TH051,F1156,S060,7,2026-10-22T16:56:17,"I will take the other side on sleep as a study strategy, mostly to see what happens. The authors seem to be saying that consolidation is part of learning and not a break from it. I tested this on myself by reviewing the hardest material right before sleeping, and the difference was smaller than I hoped but it was real. Who benefits when we take slow wave sleep seriously, and who does not?"
F1277,TH054,F1201,S120,7,2026-10-25T20:37:32,"This thread is helping me see attention lapses more clearly. The reading argues that we treat sleep as a lifestyle choice when it is a study strategy, and I think that is right. I gave keeping a fixed wake time even on weekends an honest try, and the difference was smaller than I hoped but it was real. I am holding this loosely, because the correlational studies cannot separate sleep from stress."
F1278,TH052,F1103,S095,7,2026-10-22T08:00:00,"This framing of the tradeoff between one more hour and one more cycle lines up with my own experience. The reading argues that an early class schedule fights the circadian rhythm of most undergraduates, and I think that is right. Last week I tried reviewing the hardest material right before sleeping, and I lost an hour of studying and gained a much better quiz."
F1279,TH054,F1267,S109,7,2026-10-24T13:02:10,"I had the opposite reaction to the claim about sleep debt. Stated plainly, the last two hours of studying are often worth less than the sleep they cost. In a semester with two early classes I have been reviewing the hardest material right before sleeping, and the difference was smaller than I hoped but it was real. How would you even measure social jetlag in a real classroom?"
F1280,TH054,F1239,S039,7,2026-10-25T21:36:00,"Adding a small counterexample to what has been said about attention lapses. The reading argues that the last two hours of studying are often worth less than the sleep they cost, and I think that is right. I gave moving my last study block an hour earlier for two weeks an honest try, and my afternoon focus improved more than my evening focus did."
F1281,TH047,F1257,S056,7,2026-10-23T20:40:10,"This thread is helping me see sleep as a study strategy more clearly. What I did not expect was the claim that we treat sleep as a lifestyle choice when it is a study strategy. I spent two weeks putting my phone across the room after eleven, and I lost an hour of studying and gained a much better quiz. It is worth remembering that telling a working student to sleep more can land as a judgment. How do you talk about sleep without moralizing about it? This gave me language for something I had only felt."
F1282,TH054,F1226,S020,7,2026-10-23T15:20:28,"I will take the other side on social jetlag, mostly to see what happens. It looks like napping helps but does not repay a week of short nights, though the evidence is not airtight. Last week I tried keeping a fixed wake time even on weekends, and the difference was smaller than I hoped but it was real. Honestly, this was the most useful reading of the semester so far."
F1283,TH052,F1259,S117,7,2026-10-23T15:37:37,"I will take the other side on slow wave sleep, mostly to see what happens. I keep coming back to the idea that consolidation is part of learning and not a break from it. I tested this on myself by protecting seven hours on the nights before quizzes, and my afternoon focus improved more than my evening focus did. That said, sleep advice assumes a schedule that many students do not control. How would you even measure slow wave sleep in a real classroom?"
F1284,TH054,F1141,S101,7,2026-10-22T17:05:44,This framing of memory consolidation lines up with my own experience. What seems clear to me is that napping helps but does not repay a week of short nights. How do you protect sleep in a week with three deadlines?
F1285,TH054,F1267,S087,7,2026-10-24T20:35:34,"I am not sure I follow the argument about social jetlag yet. If I followed the chapter, sleep debt shows up as attention lapses long before it feels like fatigue. The first time I tried putting my phone across the room after eleven it felt slow, but the difference was smaller than I hoped but it was real. Would you design a course around circadian timing?"
F1286,TH052,F1145,S052,7,2026-10-23T08:00:00,"Adding a small counterexample to what has been said about the tradeoff between one more hour and one more cycle. I would say consolidation is part of learning and not a break from it, at least for the kind of material we work with."
F1287,TH055,,S083,8,2026-10-27T12:08:11,"I have been thinking about expressive writing since the reading. Stated plainly, low stakes practice testing lowers the stakes of the real thing. The first time I tried planning what I would do if I blanked on the first page it felt slow, but the writing did not calm me down but my score went up. Who benefits when we take worry versus emotionality seriously, and who does not?"
F1288,TH056,,S066,8,2026-10-27T20:42:58,"I came into this week fairly skeptical about expressive writing. My takeaway is that reappraising arousal as readiness changes performance without changing the feeling. In the final in my methods course I have been reframing my racing heart as my body getting ready, and the plan mattered more than the calm. Honestly, this was the most useful reading of the semester so far."
F1289,TH057,,S019,8,2026-10-27T11:39:23,"I keep circling back to the discussion of working memory load. What I did not expect was the claim that anxiety consumes the working memory the test is trying to measure. In a high stakes licensure exam I have been starting with the question I know I can answer, and I stopped spiraling after the first hard question."
F1290,TH058,,S067,8,2026-10-26T23:03:27,"This week's material on reappraisal landed differently than I expected. I keep coming back to the idea that students who feel underprepared and students who are underprepared are different groups. I gave taking a full practice test under timed conditions an honest try, and it helped less than I hoped but it did help."
F1291,TH059,,S026,8,2026-10-28T11:27:51,"The section on practice testing under pressure was the part I understood least. I keep coming back to the idea that low stakes practice testing lowers the stakes of the real thing. Something similar happened in the final in my methods course when I was planning what I would do if I blanked on the first page, since the practice test was awful and the real one was manageable."
F1292,TH060,,S039,8,2026-10-27T11:51:20,"It looks like the worry component predicts performance more than the physical symptoms, though the evidence is not airtight. Would more frequent low stakes quizzes help or add pressure?"
F1293,TH060,F1292,S031,8,2026-10-27T21:53:42,"Two people above have said something useful about what a single high stakes exam measures. The authors seem to be saying that anxiety consumes the working memory the test is trying to measure. During a high stakes licensure exam I ended up arriving early enough to stop rushing, and the plan mattered more than the calm. This is probably context dependent, given that expressive writing has had mixed replication results. How would you even measure reappraisal in a real classroom?"
F1294,TH057,F1289,S057,8,2026-10-27T12:53:23,This thread is helping me see expressive writing more clearly. My takeaway is that the worry component predicts performance more than the physical symptoms. How should an early warning system talk to an anxious student?
F1295,TH060,F1292,S005,8,2026-10-28T08:00:00,"I had the opposite reaction to the claim about reappraisal. The part that convinced me is that anxiety consumes the working memory the test is trying to measure. During an oral exam I ended up taking a full practice test under timed conditions, and the writing did not calm me down but my score went up."
F1296,TH060,F1292,S085,8,2026-10-28T08:00:00,This thread is helping me see working memory load more clearly. My takeaway is that low stakes practice testing lowers the stakes of the real thing. What would you change about the assessment itself? The writing made a simple idea feel complicated.
F1297,TH059,F1291,S054,8,2026-10-28T15:31:46,"This framing of expressive writing lines up with my own experience. It looks like reappraising arousal as readiness changes performance without changing the feeling, though the evidence is not airtight. Where does expressive writing break down in your experience?"
F1298,TH056,F1288,S089,8,2026-10-28T08:00:00,"Thank you for naming what bothered me about expressive writing. Stated plainly, the worry component predicts performance more than the physical symptoms. I gave taking a full practice test under timed conditions an honest try, and the plan mattered more than the calm. I am holding this loosely, because an anxious student in a badly designed assessment is responding rationally. Has reappraisal worked for anyone here? This gave me language for something I had only felt."
F1299,TH056,F1298,S072,8,2026-10-28T14:09:32,"This framing of arousal as information lines up with my own experience. It looks like students who feel underprepared and students who are underprepared are different groups, though the evidence is not airtight. That said, expressive writing has had mixed replication results. Would you design a course around expressive writing?"
F1300,TH056,F1298,S076,8,2026-10-28T12:15:01,"I agree with the earlier point about expressive writing, but I want to push on one piece. The authors seem to be saying that reappraising arousal as readiness changes performance without changing the feeling. I gave taking a full practice test under timed conditions an honest try, and the practice test was awful and the real one was manageable."
F1301,TH059,F1297,S017,8,2026-10-28T22:43:25,"Coming back to an earlier comment on what a single high stakes exam measures. The reading argues that students who feel underprepared and students who are underprepared are different groups, and I think that is right. Last week I tried writing about my worries for ten minutes before the exam, and the writing did not calm me down but my score went up. I am holding this loosely, because the effects are much smaller outside psychology labs. What would you want to see before you trusted what a single high stakes exam measures?"
F1302,TH056,F1299,S076,8,2026-10-28T15:15:30,"Building on the post above, I think reappraisal is doing a lot of work here. My takeaway is that reappraising arousal as readiness changes performance without changing the feeling. Something similar happened in a course where one exam was sixty percent of the grade when I was writing about my worries for ten minutes before the exam, since it helped less than I hoped but it did help. Would you design a course around reappraisal?"
F1303,TH056,F1302,S072,8,2026-10-29T08:00:00,"I will take the other side on stereotype threat, mostly to see what happens. The part that convinced me is that anxiety consumes the working memory the test is trying to measure. Last week I tried writing about my worries for ten minutes before the exam, and my hands still shook and I finished the exam."
F1304,TH060,F1296,S002,8,2026-10-28T08:23:26,"Yes to all of this, and I want to add one thing about reappraisal. The part that convinced me is that anxiety consumes the working memory the test is trying to measure. When I started arriving early enough to stop rushing, the writing did not calm me down but my score went up. Where does what a single high stakes exam measures break down in your experience?"
F1305,TH056,F1299,S068,8,2026-10-28T18:58:33,"I am not sure I follow the argument about arousal as information yet. The authors seem to be saying that students who feel underprepared and students who are underprepared are different groups. That said, the effects are much smaller outside psychology labs. How should an early warning system talk to an anxious student?"
F1306,TH059,F1291,S045,8,2026-10-28T23:53:47,"I will take the other side on arousal as information, mostly to see what happens. What I did not expect was the claim that anxiety consumes the working memory the test is trying to measure. Something similar happened in a course where one exam was sixty percent of the grade when I was arriving early enough to stop rushing, since the plan mattered more than the calm. How would you explain practice testing under pressure to a first year student?"
F1307,TH059,F1306,S058,8,2026-10-29T19:53:39,"Thank you for naming what bothered me about practice testing under pressure. What I did not expect was the claim that students who feel underprepared and students who are underprepared are different groups. I gave reframing my racing heart as my body getting ready an honest try, and the plan mattered more than the calm. Would more frequent low stakes quizzes help or add pressure? I finished this feeling more hopeful than I expected."
F1308,TH056,F1303,S051,8,2026-10-30T08:00:00,"Coming back to an earlier comment on stereotype threat. The strongest version of the argument is that reappraising arousal as readiness changes performance without changing the feeling. Last week I tried arriving early enough to stop rushing, and I stopped spiraling after the first hard question. I am holding this loosely, because an anxious student in a badly designed assessment is responding rationally. Where does practice testing under pressure break down in your experience?"
F1309,TH056,F1308,S096,8,2026-10-31T08:00:00,Coming back to an earlier comment on expressive writing. My takeaway is that students who feel underprepared and students who are underprepared are different groups. It is worth remembering that an anxious student in a badly designed assessment is responding rationally.
F1310,TH056,F1308,S080,8,2026-10-30T11:21:17,"I agree with the earlier point about expressive writing, but I want to push on one piece. Stated plainly, students who feel underprepared and students who are underprepared are different groups. What would you want to see before you trusted stereotype threat?"
F1311,TH057,F1294,S042,8,2026-10-27T14:52:21,"I will take the other side on working memory load, mostly to see what happens. I keep coming back to the idea that the worry component predicts performance more than the physical symptoms. I tested this on myself by planning what I would do if I blanked on the first page, and the writing did not calm me down but my score went up."
F1312,TH057,F1289,S075,8,2026-10-28T08:00:00,"I am not sure I follow the argument about what a single high stakes exam measures yet. It looks like reappraising arousal as readiness changes performance without changing the feeling, though the evidence is not airtight. The first time I tried starting with the question I know I can answer it felt slow, but my hands still shook and I finished the exam. Where does test anxiety come from in the courses you have taught?"
F1313,TH056,F1309,S076,8,2026-11-01T08:00:00,"Coming back to an earlier comment on stereotype threat. The part that convinced me is that low stakes practice testing lowers the stakes of the real thing. Last week I tried planning what I would do if I blanked on the first page, and my hands still shook and I finished the exam. Is anxiety a student problem or an assessment design problem?"
F1314,TH056,F1313,S083,8,2026-11-01T15:11:50,"I agree with the earlier point about expressive writing, but I want to push on one piece. It looks like the worry component predicts performance more than the physical symptoms, though the evidence is not airtight. During a course where one exam was sixty percent of the grade I ended up planning what I would do if I blanked on the first page, and the plan mattered more than the calm. Would you design a course around expressive writing?"
F1315,TH059,F1307,S039,8,2026-10-30T07:31:34,"This framing of worry versus emotionality lines up with my own experience. The strongest version of the argument is that reappraising arousal as readiness changes performance without changing the feeling. I tested this on myself by reframing my racing heart as my body getting ready, and I stopped spiraling after the first hard question."
F1316,TH059,F1307,S112,8,2026-10-30T08:00:00,"I want to sit with the point about working memory load for a second. Stated plainly, students who feel underprepared and students who are underprepared are different groups. During the final in my methods course I ended up planning what I would do if I blanked on the first page, and I stopped spiraling after the first hard question. My hesitation is that the effects are much smaller outside psychology labs. The writing made a simple idea feel complicated."
F1317,TH059,F1291,S113,8,2026-10-28T15:07:47,"This framing of what a single high stakes exam measures lines up with my own experience. What seems clear to me is that low stakes practice testing lowers the stakes of the real thing. I tested this on myself by starting with the question I know I can answer, and the practice test was awful and the real one was manageable. What would you want to see before you trusted worry versus emotionality?"
F1318,TH059,F1307,S113,8,2026-10-29T22:33:28,"I read that section on stereotype threat differently. The reading argues that students who feel underprepared and students who are underprepared are different groups, and I think that is right."
F1319,TH057,F1312,S024,8,2026-10-28T09:26:01,"Adding a small counterexample to what has been said about worry versus emotionality. I would say reappraising arousal as readiness changes performance without changing the feeling, at least for the kind of material we work with. I spent two weeks reframing my racing heart as my body getting ready, and the practice test was awful and the real one was manageable."
F1320,TH057,F1312,S078,8,2026-10-28T13:35:13,"Coming back to an earlier comment on reappraisal. I would say the worry component predicts performance more than the physical symptoms, at least for the kind of material we work with."
F1321,TH056,F1313,S004,8,2026-11-01T14:12:48,"I read that section on what a single high stakes exam measures differently. If I followed the chapter, students who feel underprepared and students who are underprepared are different groups. One limit worth naming is that we should probably fix the assessment before fixing the student."
F1322,TH057,F1312,S114,8,2026-10-28T16:43:41,"This thread is helping me see expressive writing more clearly. I keep coming back to the idea that test anxiety is partly a signal about how the assessment is designed. When I started arriving early enough to stop rushing, the writing did not calm me down but my score went up. Who benefits when we take worry versus emotionality seriously, and who does not?"
F1323,TH057,F1289,S064,8,2026-10-27T18:04:15,"This framing of working memory load lines up with my own experience. My takeaway is that anxiety consumes the working memory the test is trying to measure. In my first graduate statistics midterm I have been starting with the question I know I can answer, and the practice test was awful and the real one was manageable. One limit worth naming is that an anxious student in a badly designed assessment is responding rationally. Would you design a course around working memory load?"
F1324,TH056,F1313,S004,8,2026-11-01T10:48:28,"I will take the other side on expressive writing, mostly to see what happens. It looks like low stakes practice testing lowers the stakes of the real thing, though the evidence is not airtight. How would you explain stereotype threat to a first year student? Really glad this was assigned."
F1325,TH059,F1315,S006,8,2026-10-30T16:54:24,"Two people above have said something useful about arousal as information. The reading argues that test anxiety is partly a signal about how the assessment is designed, and I think that is right."
F1326,TH057,F1320,S048,8,2026-10-28T18:27:45,"Two people above have said something useful about reappraisal. The reading argues that students who feel underprepared and students who are underprepared are different groups, and I think that is right. How should an early warning system talk to an anxious student? I finished this a little annoyed, which may be my own week talking."
F1327,TH059,F1318,S097,8,2026-10-30T08:39:39,"This thread is helping me see practice testing under pressure more clearly. If I followed the chapter, students who feel underprepared and students who are underprepared are different groups. Does working memory load look different in an online course? I have already sent this one to a colleague."
F1328,TH057,F1319,S048,8,2026-10-29T12:51:17,"Two people above have said something useful about arousal as information. If I followed the chapter, the worry component predicts performance more than the physical symptoms. When I started reframing my racing heart as my body getting ready, my hands still shook and I finished the exam. One limit worth naming is that some of these interventions were tested only in single sessions. How should an early warning system talk to an anxious student?"
F1329,TH056,F1321,S076,8,2026-11-01T20:41:41,"I will take the other side on stereotype threat, mostly to see what happens. I would say low stakes practice testing lowers the stakes of the real thing, at least for the kind of material we work with. In a high stakes licensure exam I have been planning what I would do if I blanked on the first page, and it helped less than I hoped but it did help. This one actually changed something about my week, which is rare."
F1330,TH059,F1327,S112,8,2026-10-30T14:46:31,"Yes to all of this, and I want to add one thing about arousal as information. What seems clear to me is that reappraising arousal as readiness changes performance without changing the feeling. When I started taking a full practice test under timed conditions, the practice test was awful and the real one was manageable. What would you change about the assessment itself?"
F1331,TH057,F1289,S048,8,2026-10-27T19:27:17,"I am not sure I follow the argument about practice testing under pressure yet. I keep coming back to the idea that students who feel underprepared and students who are underprepared are different groups. When I started writing about my worries for ten minutes before the exam, I stopped spiraling after the first hard question. Would more frequent low stakes quizzes help or add pressure?"
F1332,TH059,F1307,S045,8,2026-10-30T08:00:00,"Thank you for naming what bothered me about worry versus emotionality. I would say low stakes practice testing lowers the stakes of the real thing, at least for the kind of material we work with. Where does test anxiety come from in the courses you have taught?"
F1333,TH059,F1291,S043,8,2026-10-28T18:52:49,"This thread is helping me see stereotype threat more clearly. The authors seem to be saying that test anxiety is partly a signal about how the assessment is designed. Honestly, this was the most useful reading of the semester so far."
F1334,TH057,F1326,S030,8,2026-10-29T08:00:00,"Thank you for naming what bothered me about working memory load. It looks like students who feel underprepared and students who are underprepared are different groups, though the evidence is not airtight. The first time I tried reframing my racing heart as my body getting ready it felt slow, but the plan mattered more than the calm. Does practice testing under pressure look different in an online course?"
F1335,TH057,F1322,S077,8,2026-10-29T08:08:31,"Thank you for naming what bothered me about worry versus emotionality. If I followed the chapter, test anxiety is partly a signal about how the assessment is designed. I tested this on myself by planning what I would do if I blanked on the first page, and I stopped spiraling after the first hard question. It is worth remembering that anxiety measures are collected right after a stressful event."
F1336,TH056,F1309,S015,8,2026-11-01T08:00:00,"Adding a small counterexample to what has been said about expressive writing. If I followed the chapter, anxiety consumes the working memory the test is trying to measure. Something similar happened in a timed coding assessment when I was starting with the question I know I can answer, since the plan mattered more than the calm."
F1337,TH060,F1304,S045,8,2026-10-28T18:49:59,"I will take the other side on expressive writing, mostly to see what happens. I would say test anxiety is partly a signal about how the assessment is designed, at least for the kind of material we work with."
F1338,TH056,F1309,S056,8,2026-10-31T11:55:28,This framing of stereotype threat lines up with my own experience. The strongest version of the argument is that test anxiety is partly a signal about how the assessment is designed. The caveat for me is that expressive writing has had mixed replication results.
F1339,TH059,F1317,S039,8,2026-10-29T16:40:35,"I had the opposite reaction to the claim about working memory load. Stated plainly, low stakes practice testing lowers the stakes of the real thing. This gave me language for something I had only felt."
F1340,TH059,F1330,S031,8,2026-10-30T22:32:03,"Adding a small counterexample to what has been said about what a single high stakes exam measures. The part that convinced me is that anxiety consumes the working memory the test is trying to measure. I spent two weeks planning what I would do if I blanked on the first page, and the writing did not calm me down but my score went up. What would you change about the assessment itself? Really glad this was assigned."
F1341,TH056,F1314,S055,8,2026-11-01T21:00:25,Two people above have said something useful about what a single high stakes exam measures. The strongest version of the argument is that students who feel underprepared and students who are underprepared are different groups.
F1342,TH059,F1307,S054,8,2026-10-30T08:01:07,"I am not sure I follow the argument about reappraisal yet. What I did not expect was the claim that test anxiety is partly a signal about how the assessment is designed. I am skeptical, and I am open to being talked out of it."
F1343,TH059,F1332,S084,8,2026-10-30T19:25:23,"I read that section on worry versus emotionality differently. I keep coming back to the idea that anxiety consumes the working memory the test is trying to measure. In a course where one exam was sixty percent of the grade I have been planning what I would do if I blanked on the first page, and the writing did not calm me down but my score went up. How should an early warning system talk to an anxious student?"
F1344,TH056,F1329,S110,8,2026-11-01T21:35:44,"I read that section on expressive writing differently. The reading argues that students who feel underprepared and students who are underprepared are different groups, and I think that is right. How would you even measure reappraisal in a real classroom? I appreciated how concrete the examples were."
F1345,TH057,F1326,S092,8,2026-10-28T23:37:27,"This thread is helping me see what a single high stakes exam measures more clearly. My takeaway is that students who feel underprepared and students who are underprepared are different groups. I tested this on myself by planning what I would do if I blanked on the first page, and the practice test was awful and the real one was manageable. Is anxiety a student problem or an assessment design problem?"
F1346,TH056,F1321,S020,8,2026-11-01T18:12:35,"Two people above have said something useful about reappraisal. The reading argues that reappraising arousal as readiness changes performance without changing the feeling, and I think that is right. I gave taking a full practice test under timed conditions an honest try, and the plan mattered more than the calm."
F1347,TH057,F1289,S106,8,2026-10-27T15:24:51,"Yes to all of this, and I want to add one thing about expressive writing. The part that convinced me is that the worry component predicts performance more than the physical symptoms. I spent two weeks reframing my racing heart as my body getting ready, and it helped less than I hoped but it did help. Where does test anxiety come from in the courses you have taught? Really glad this was assigned."
F1348,TH060,F1292,S054,8,2026-10-27T15:41:57,"This framing of reappraisal lines up with my own experience. What I did not expect was the claim that students who feel underprepared and students who are underprepared are different groups. I would want to know more before generalizing, since an anxious student in a badly designed assessment is responding rationally. What would you change about the assessment itself?"
F1349,TH056,F1329,S007,8,2026-11-01T21:00:27,This thread is helping me see working memory load more clearly. What I did not expect was the claim that reappraising arousal as readiness changes performance without changing the feeling. The caveat for me is that we should probably fix the assessment before fixing the student.
F1350,TH059,F1307,S044,8,2026-10-30T08:00:00,"Building on the post above, I think what a single high stakes exam measures is doing a lot of work here. If I followed the chapter, anxiety consumes the working memory the test is trying to measure. I tested this on myself by planning what I would do if I blanked on the first page, and my hands still shook and I finished the exam. It is worth remembering that the effects are much smaller outside psychology labs. Where does what a single high stakes exam measures break down in your experience?"
F1351,TH056,F1324,S013,8,2026-11-01T19:18:36,Thank you for naming what bothered me about stereotype threat. The strongest version of the argument is that anxiety consumes the working memory the test is trying to measure. My hesitation is that an anxious student in a badly designed assessment is responding rationally. What would you change about the assessment itself?
F1352,TH056,F1336,S073,8,2026-11-01T09:19:37,This thread is helping me see expressive writing more clearly. The part that convinced me is that low stakes practice testing lowers the stakes of the real thing.
F1353,TH059,F1340,S068,8,2026-10-31T10:05:22,"I am not sure I follow the argument about what a single high stakes exam measures yet. The reading argues that low stakes practice testing lowers the stakes of the real thing, and I think that is right. How would you explain working memory load to a first year student? I kept waiting for the part about resources and it never came."
F1354,TH056,F1338,S068,8,2026-10-31T19:24:08,"I will take the other side on arousal as information, mostly to see what happens. The reading argues that students who feel underprepared and students who are underprepared are different groups, and I think that is right. Does working memory load look different in an online course?"
F1355,TH059,F1332,S105,8,2026-10-30T16:43:40,"I had the opposite reaction to the claim about worry versus emotionality. It looks like low stakes practice testing lowers the stakes of the real thing, though the evidence is not airtight. The caveat for me is that some of these interventions were tested only in single sessions. What would you change about the assessment itself?"
F1356,TH060,F1304,S005,8,2026-10-29T08:00:00,"I had the opposite reaction to the claim about stereotype threat. My takeaway is that the worry component predicts performance more than the physical symptoms. I gave taking a full practice test under timed conditions an honest try, and the practice test was awful and the real one was manageable. One limit worth naming is that anxiety measures are collected right after a stressful event. Is anxiety a student problem or an assessment design problem?"
F1357,TH056,F1321,S037,8,2026-11-01T15:09:34,"I read that section on expressive writing differently. The part that convinced me is that low stakes practice testing lowers the stakes of the real thing. I spent two weeks taking a full practice test under timed conditions, and the practice test was awful and the real one was manageable. I appreciated how concrete the examples were."
F1358,TH059,F1350,S039,8,2026-10-30T12:16:11,"Building on the post above, I think arousal as information is doing a lot of work here. What seems clear to me is that low stakes practice testing lowers the stakes of the real thing. In a timed coding assessment I have been reframing my racing heart as my body getting ready, and the writing did not calm me down but my score went up. I am holding this loosely, because an anxious student in a badly designed assessment is responding rationally. I liked that the authors admitted what they could not explain."
F1359,TH056,F1321,S015,8,2026-11-01T17:52:02,"Yes to all of this, and I want to add one thing about worry versus emotionality. My takeaway is that anxiety consumes the working memory the test is trying to measure. I am holding this loosely, because some of these interventions were tested only in single sessions. How should an early warning system talk to an anxious student?"
F1360,TH056,F1329,S101,8,2026-11-01T21:33:48,"This thread is helping me see reappraisal more clearly. If I followed the chapter, reappraising arousal as readiness changes performance without changing the feeling. That said, we should probably fix the assessment before fixing the student. This clarified something I had been confused about for years."
F1361,TH059,F1355,S087,8,2026-10-30T23:39:52,"Adding a small counterexample to what has been said about working memory load. Stated plainly, reappraising arousal as readiness changes performance without changing the feeling."
F1362,TH056,F1352,S063,8,2026-11-01T19:01:47,"I agree with the earlier point about worry versus emotionality, but I want to push on one piece. My takeaway is that anxiety consumes the working memory the test is trying to measure. I spent two weeks taking a full practice test under timed conditions, and the writing did not calm me down but my score went up. Would you design a course around worry versus emotionality?"
F1363,TH059,F1343,S041,8,2026-10-31T08:00:00,"Yes to all of this, and I want to add one thing about what a single high stakes exam measures. I keep coming back to the idea that low stakes practice testing lowers the stakes of the real thing. Something similar happened in a course where one exam was sixty percent of the grade when I was starting with the question I know I can answer, since the plan mattered more than the calm. Where does test anxiety come from in the courses you have taught?"
F1364,TH059,F1350,S115,8,2026-10-30T19:35:35,"Yes to all of this, and I want to add one thing about reappraisal. The reading argues that test anxiety is partly a signal about how the assessment is designed, and I think that is right. I would want to know more before generalizing, since anxiety measures are collected right after a stressful event. I am excited to try this in my own teaching."
F1365,TH057,F1323,S074,8,2026-10-28T08:00:00,"I will take the other side on arousal as information, mostly to see what happens. The reading argues that the worry component predicts performance more than the physical symptoms, and I think that is right. The first time I tried writing about my worries for ten minutes before the exam it felt slow, but the writing did not calm me down but my score went up."
F1366,TH059,F1350,S119,8,2026-10-31T08:00:00,"I agree with the earlier point about reappraisal, but I want to push on one piece. Stated plainly, anxiety consumes the working memory the test is trying to measure."
F1367,TH059,F1307,S009,8,2026-10-30T20:16:35,"I am not sure I follow the argument about worry versus emotionality yet. It looks like low stakes practice testing lowers the stakes of the real thing, though the evidence is not airtight. I spent two weeks taking a full practice test under timed conditions, and the writing did not calm me down but my score went up. The caveat for me is that an anxious student in a badly designed assessment is responding rationally. What would change your mind about practice testing under pressure?"
F1368,TH059,F1315,S033,8,2026-10-31T09:28:31,"This framing of working memory load lines up with my own experience. If I followed the chapter, anxiety consumes the working memory the test is trying to measure. I spent two weeks taking a full practice test under timed conditions, and the practice test was awful and the real one was manageable. How should an early warning system talk to an anxious student?"
F1369,TH059,F1368,S036,8,2026-10-31T18:24:20,"I had the opposite reaction to the claim about practice testing under pressure. What I did not expect was the claim that students who feel underprepared and students who are underprepared are different groups. Something similar happened in the final in my methods course when I was arriving early enough to stop rushing, since the writing did not calm me down but my score went up. I am holding this loosely, because some of these interventions were tested only in single sessions. Where does test anxiety come from in the courses you have taught?"
F1370,TH056,F1324,S037,8,2026-11-01T12:40:59,"This framing of stereotype threat lines up with my own experience. If I followed the chapter, anxiety consumes the working memory the test is trying to measure. I tested this on myself by writing about my worries for ten minutes before the exam, and the writing did not calm me down but my score went up. What would you change about the assessment itself? Great thread, everyone."
F1371,TH057,F1345,S090,8,2026-10-29T08:00:00,"Yes to all of this, and I want to add one thing about stereotype threat. What I did not expect was the claim that test anxiety is partly a signal about how the assessment is designed. In the final in my methods course I have been starting with the question I know I can answer, and the practice test was awful and the real one was manageable. How would you even measure reappraisal in a real classroom?"
F1372,TH056,F1310,S096,8,2026-10-31T09:10:50,"This framing of practice testing under pressure lines up with my own experience. What I did not expect was the claim that low stakes practice testing lowers the stakes of the real thing. I gave writing about my worries for ten minutes before the exam an honest try, and it helped less than I hoped but it did help. My hesitation is that we should probably fix the assessment before fixing the student. I am struggling to see how any of this survives a real classroom."
F1373,TH057,F1294,S048,8,2026-10-28T08:00:00,"This framing of working memory load lines up with my own experience. I would say anxiety consumes the working memory the test is trying to measure, at least for the kind of material we work with. I am holding this loosely, because some of these interventions were tested only in single sessions. How should an early warning system talk to an anxious student?"
F1374,TH059,F1330,S017,8,2026-10-30T21:58:08,"This thread is helping me see practice testing under pressure more clearly. If I followed the chapter, reappraising arousal as readiness changes performance without changing the feeling. What would you want to see before you trusted what a single high stakes exam measures?"
F1375,TH059,F1325,S045,8,2026-10-30T18:11:42,I want to sit with the point about practice testing under pressure for a second. The authors seem to be saying that reappraising arousal as readiness changes performance without changing the feeling. Would you design a course around practice testing under pressure?
F1376,TH057,F1322,S023,8,2026-10-28T23:43:31,"This framing of expressive writing lines up with my own experience. The part that convinced me is that anxiety consumes the working memory the test is trying to measure. I would want to know more before generalizing, since the effects are much smaller outside psychology labs. Where does test anxiety come from in the courses you have taught? I finished this feeling more hopeful than I expected."
F1377,TH057,F1373,S077,8,2026-10-28T14:28:35,"Two people above have said something useful about practice testing under pressure. What seems clear to me is that test anxiety is partly a signal about how the assessment is designed. In the final in my methods course I have been reframing my racing heart as my body getting ready, and I stopped spiraling after the first hard question. That said, anxiety measures are collected right after a stressful event."
F1378,TH056,F1359,S055,8,2026-11-01T21:31:31,"Two people above have said something useful about working memory load. The reading argues that low stakes practice testing lowers the stakes of the real thing, and I think that is right. I tested this on myself by starting with the question I know I can answer, and the practice test was awful and the real one was manageable. Would you design a course around stereotype threat?"
F1379,TH059,F1333,S021,8,2026-10-29T20:20:15,"Coming back to an earlier comment on reappraisal. The authors seem to be saying that anxiety consumes the working memory the test is trying to measure. I tested this on myself by planning what I would do if I blanked on the first page, and I stopped spiraling after the first hard question. The writing made a simple idea feel complicated."
F1380,TH057,F1334,S038,8,2026-10-29T17:34:46,"This framing of practice testing under pressure lines up with my own experience. What I did not expect was the claim that anxiety consumes the working memory the test is trying to measure. I gave arriving early enough to stop rushing an honest try, and it helped less than I hoped but it did help. Would you design a course around practice testing under pressure?"
F1381,TH057,F1328,S057,8,2026-10-29T12:56:35,"Yes to all of this, and I want to add one thing about arousal as information. I keep coming back to the idea that test anxiety is partly a signal about how the assessment is designed. In an oral exam I have been reframing my racing heart as my body getting ready, and it helped less than I hoped but it did help. I would want to know more before generalizing, since the effects are much smaller outside psychology labs. How should an early warning system talk to an anxious student?"
F1382,TH059,F1364,S029,8,2026-10-31T08:00:00,"I read that section on reappraisal differently. The part that convinced me is that reappraising arousal as readiness changes performance without changing the feeling. I spent two weeks starting with the question I know I can answer, and my hands still shook and I finished the exam. Is anxiety a student problem or an assessment design problem?"
F1383,TH057,F1322,S019,8,2026-10-29T08:00:00,"This thread is helping me see arousal as information more clearly. What seems clear to me is that reappraising arousal as readiness changes performance without changing the feeling. In a course where one exam was sixty percent of the grade I have been writing about my worries for ten minutes before the exam, and it helped less than I hoped but it did help. It is worth remembering that expressive writing has had mixed replication results."
F1384,TH056,F1360,S057,8,2026-11-01T21:35:59,I had the opposite reaction to the claim about working memory load. What seems clear to me is that low stakes practice testing lowers the stakes of the real thing. How would you explain reappraisal to a first year student?
F1385,TH057,F1312,S077,8,2026-10-28T10:44:03,"This thread is helping me see expressive writing more clearly. I keep coming back to the idea that anxiety consumes the working memory the test is trying to measure. During an oral exam I ended up planning what I would do if I blanked on the first page, and the plan mattered more than the calm. The caveat for me is that some of these interventions were tested only in single sessions."
F1386,TH057,F1334,S038,8,2026-10-29T09:06:03,"I read that section on worry versus emotionality differently. The part that convinced me is that the worry component predicts performance more than the physical symptoms. I tested this on myself by planning what I would do if I blanked on the first page, and it helped less than I hoped but it did help. How would you even measure worry versus emotionality in a real classroom?"
F1387,TH060,F1356,S087,8,2026-10-29T17:41:37,"Adding a small counterexample to what has been said about what a single high stakes exam measures. The authors seem to be saying that the worry component predicts performance more than the physical symptoms. The first time I tried taking a full practice test under timed conditions it felt slow, but the practice test was awful and the real one was manageable."
F1388,TH059,F1379,S057,8,2026-10-30T08:00:00,"Thank you for naming what bothered me about worry versus emotionality. What seems clear to me is that the worry component predicts performance more than the physical symptoms. When I started starting with the question I know I can answer, the practice test was awful and the real one was manageable. I would want to know more before generalizing, since we should probably fix the assessment before fixing the student. What would change your mind about expressive writing?"
F1389,TH056,F1299,S065,8,2026-10-29T10:15:42,"This framing of what a single high stakes exam measures lines up with my own experience. If I followed the chapter, reappraising arousal as readiness changes performance without changing the feeling. When I started starting with the question I know I can answer, it helped less than I hoped but it did help."
F1390,TH059,F1379,S057,8,2026-10-30T08:13:58,"I read that section on stereotype threat differently. I keep coming back to the idea that low stakes practice testing lowers the stakes of the real thing. I spent two weeks starting with the question I know I can answer, and I stopped spiraling after the first hard question. Would you design a course around reappraisal?"
F1391,TH056,F1384,S052,8,2026-11-01T21:36:00,Thank you for naming what bothered me about worry versus emotionality. The part that convinced me is that the worry component predicts performance more than the physical symptoms.
F1392,TH056,F1352,S072,8,2026-11-01T16:34:03,"I will take the other side on stereotype threat, mostly to see what happens. It looks like students who feel underprepared and students who are underprepared are different groups, though the evidence is not airtight. Where I get stuck is that the effects are much smaller outside psychology labs. This gave me language for something I had only felt."
F1393,TH059,F1332,S087,8,2026-10-30T13:03:09,"I agree with the earlier point about expressive writing, but I want to push on one piece. The reading argues that reappraising arousal as readiness changes performance without changing the feeling, and I think that is right. The caveat for me is that we should probably fix the assessment before fixing the student. Great thread, everyone."
F1394,TH059,F1342,S039,8,2026-10-30T21:37:29,"This framing of arousal as information lines up with my own experience. My takeaway is that reappraising arousal as readiness changes performance without changing the feeling. I gave reframing my racing heart as my body getting ready an honest try, and it helped less than I hoped but it did help. My hesitation is that an anxious student in a badly designed assessment is responding rationally. Has reappraisal worked for anyone here?"
F1395,TH059,F1343,S115,8,2026-10-30T21:02:25,"I am not sure I follow the argument about arousal as information yet. It looks like test anxiety is partly a signal about how the assessment is designed, though the evidence is not airtight. Something similar happened in my first graduate statistics midterm when I was reframing my racing heart as my body getting ready, since the plan mattered more than the calm. I kept waiting for the part about resources and it never came."
F1396,TH056,F1378,S100,8,2026-11-01T21:35:59,"Thank you for naming what bothered me about what a single high stakes exam measures. The part that convinced me is that reappraising arousal as readiness changes performance without changing the feeling. I gave arriving early enough to stop rushing an honest try, and the writing did not calm me down but my score went up. That said, expressive writing has had mixed replication results. What would change your mind about reappraisal?"
F1397,TH060,F1296,S039,8,2026-10-28T14:08:13,"Building on the post above, I think reappraisal is doing a lot of work here. The authors seem to be saying that test anxiety is partly a signal about how the assessment is designed. In a timed coding assessment I have been taking a full practice test under timed conditions, and it helped less than I hoped but it did help. Where does test anxiety come from in the courses you have taught?"
F1398,TH057,F1328,S077,8,2026-10-29T16:19:11,"I want to sit with the point about arousal as information for a second. What seems clear to me is that low stakes practice testing lowers the stakes of the real thing. I gave starting with the question I know I can answer an honest try, and it helped less than I hoped but it did help. Would more frequent low stakes quizzes help or add pressure?"
F1399,TH059,F1369,S087,8,2026-10-31T19:21:21,"Yes to all of this, and I want to add one thing about working memory load. The reading argues that the worry component predicts performance more than the physical symptoms, and I think that is right. I spent two weeks arriving early enough to stop rushing, and the plan mattered more than the calm. One limit worth naming is that we should probably fix the assessment before fixing the student."
F1400,TH056,F1310,S065,8,2026-10-30T21:02:06,"I am not sure I follow the argument about working memory load yet. The authors seem to be saying that low stakes practice testing lowers the stakes of the real thing. When I started writing about my worries for ten minutes before the exam, the practice test was awful and the real one was manageable. Where does reappraisal break down in your experience?"
F1401,TH056,F1336,S079,8,2026-11-01T11:39:17,"I agree with the earlier point about reappraisal, but I want to push on one piece. I keep coming back to the idea that anxiety consumes the working memory the test is trying to measure. That said, some of these interventions were tested only in single sessions. How would you even measure arousal as information in a real classroom? This is the first reading that felt written for practitioners."
F1402,TH059,F1374,S054,8,2026-10-31T08:00:00,"Yes to all of this, and I want to add one thing about practice testing under pressure. If I followed the chapter, test anxiety is partly a signal about how the assessment is designed. The first time I tried reframing my racing heart as my body getting ready it felt slow, but my hands still shook and I finished the exam. This felt disconnected from the students I actually work with."
F1403,TH059,F1399,S084,8,2026-11-01T12:18:38,This framing of arousal as information lines up with my own experience. The authors seem to be saying that the worry component predicts performance more than the physical symptoms.
F1404,TH056,F1359,S043,8,2026-11-01T20:17:18,"I want to sit with the point about worry versus emotionality for a second. The authors seem to be saying that anxiety consumes the working memory the test is trying to measure. I gave taking a full practice test under timed conditions an honest try, and my hands still shook and I finished the exam. This is probably context dependent, given that we should probably fix the assessment before fixing the student."
F1405,TH059,F1363,S002,8,2026-10-31T15:17:00,Two people above have said something useful about reappraisal. The strongest version of the argument is that students who feel underprepared and students who are underprepared are different groups. One limit worth naming is that anxiety measures are collected right after a stressful event.
F1406,TH056,F1329,S051,8,2026-11-01T21:31:50,"Building on the post above, I think practice testing under pressure is doing a lot of work here. The strongest version of the argument is that reappraising arousal as readiness changes performance without changing the feeling. I gave reframing my racing heart as my body getting ready an honest try, and it helped less than I hoped but it did help. This is probably context dependent, given that anxiety measures are collected right after a stressful event. What would you change about the assessment itself? This landed as advice for students who already have time."
F1407,TH057,F1289,S057,8,2026-10-28T07:04:05,"Thank you for naming what bothered me about working memory load. What seems clear to me is that test anxiety is partly a signal about how the assessment is designed. I spent two weeks taking a full practice test under timed conditions, and it helped less than I hoped but it did help. Is anxiety a student problem or an assessment design problem?"
F1408,TH056,F1372,S037,8,2026-10-31T13:37:12,"I want to sit with the point about expressive writing for a second. The reading argues that low stakes practice testing lowers the stakes of the real thing, and I think that is right. During a high stakes licensure exam I ended up arriving early enough to stop rushing, and the writing did not calm me down but my score went up. That said, expressive writing has had mixed replication results."
F1409,TH059,F1366,S102,8,2026-10-31T19:56:27,"Two people above have said something useful about what a single high stakes exam measures. It looks like students who feel underprepared and students who are underprepared are different groups, though the evidence is not airtight. I tested this on myself by reframing my racing heart as my body getting ready, and the writing did not calm me down but my score went up. Would you design a course around working memory load?"
F1410,TH059,F1325,S039,8,2026-10-31T08:00:00,Coming back to an earlier comment on working memory load. My takeaway is that test anxiety is partly a signal about how the assessment is designed.
F1411,TH056,F1391,S099,8,2026-11-01T21:36:01,I had the opposite reaction to the claim about working memory load. What seems clear to me is that students who feel underprepared and students who are underprepared are different groups. Has reappraisal worked for anyone here?
F1412,TH059,F1350,S118,8,2026-10-30T13:25:12,"I had the opposite reaction to the claim about reappraisal. What seems clear to me is that the worry component predicts performance more than the physical symptoms. Last week I tried arriving early enough to stop rushing, and the writing did not calm me down but my score went up. Has reappraisal worked for anyone here? This clarified something I had been confused about for years."
F1413,TH056,F1406,S020,8,2026-11-01T21:35:59,I read that section on worry versus emotionality differently. The authors seem to be saying that students who feel underprepared and students who are underprepared are different groups.
F1414,TH057,F1380,S088,8,2026-10-29T20:48:36,"I agree with the earlier point about expressive writing, but I want to push on one piece. What seems clear to me is that students who feel underprepared and students who are underprepared are different groups. I spent two weeks arriving early enough to stop rushing, and it helped less than I hoped but it did help. I would want to know more before generalizing, since an anxious student in a badly designed assessment is responding rationally."
F1415,TH059,F1409,S002,8,2026-10-31T23:13:33,"This thread is helping me see expressive writing more clearly. The part that convinced me is that the worry component predicts performance more than the physical symptoms. Something similar happened in a course where one exam was sixty percent of the grade when I was starting with the question I know I can answer, since the practice test was awful and the real one was manageable. Where does test anxiety come from in the courses you have taught?"
F1416,TH056,F1413,S113,8,2026-11-01T21:36:00,Adding a small counterexample to what has been said about reappraisal. What I did not expect was the claim that anxiety consumes the working memory the test is trying to measure. What would change your mind about expressive writing?
F1417,TH056,F1362,S079,8,2026-11-01T21:31:15,"Coming back to an earlier comment on reappraisal. If I followed the chapter, the worry component predicts performance more than the physical symptoms. During a timed coding assessment I ended up starting with the question I know I can answer, and the plan mattered more than the calm. I wanted the authors to say what they would actually do on Monday."
F1418,TH057,F1380,S093,8,2026-10-30T07:20:18,"Building on the post above, I think practice testing under pressure is doing a lot of work here. The authors seem to be saying that low stakes practice testing lowers the stakes of the real thing. Something similar happened in a timed coding assessment when I was starting with the question I know I can answer, since it helped less than I hoped but it did help. Would you design a course around expressive writing?"
F1419,TH060,F1293,S083,8,2026-10-28T08:00:00,"I will take the other side on stereotype threat, mostly to see what happens. The authors seem to be saying that the worry component predicts performance more than the physical symptoms. Where does test anxiety come from in the courses you have taught?"
F1420,TH059,F1405,S075,8,2026-10-31T16:37:28,"Yes to all of this, and I want to add one thing about arousal as information. The reading argues that anxiety consumes the working memory the test is trying to measure, and I think that is right. One limit worth naming is that expressive writing has had mixed replication results. How would you even measure reappraisal in a real classroom?"
F1421,TH056,F1351,S065,8,2026-11-01T21:25:40,"I will take the other side on stereotype threat, mostly to see what happens. I would say test anxiety is partly a signal about how the assessment is designed, at least for the kind of material we work with. I gave writing about my worries for ten minutes before the exam an honest try, and the plan mattered more than the calm. That said, the effects are much smaller outside psychology labs."
F1422,TH057,F1381,S027,8,2026-10-29T19:38:02,"Thank you for naming what bothered me about reappraisal. If I followed the chapter, students who feel underprepared and students who are underprepared are different groups. In a timed coding assessment I have been planning what I would do if I blanked on the first page, and I stopped spiraling after the first hard question. How would you explain working memory load to a first year student?"
F1423,TH056,F1308,S007,8,2026-10-30T18:12:42,"This framing of what a single high stakes exam measures lines up with my own experience. If I followed the chapter, students who feel underprepared and students who are underprepared are different groups. How should an early warning system talk to an anxious student?"
F1424,TH056,F1404,S099,8,2026-11-01T21:34:10,"I read that section on worry versus emotionality differently. My takeaway is that anxiety consumes the working memory the test is trying to measure. When I started planning what I would do if I blanked on the first page, I stopped spiraling after the first hard question. What would change your mind about practice testing under pressure?"
F1425,TH056,F1354,S065,8,2026-11-01T08:00:00,"Building on the post above, I think worry versus emotionality is doing a lot of work here. What I did not expect was the claim that the worry component predicts performance more than the physical symptoms. How should an early warning system talk to an anxious student?"
F1426,TH056,F1354,S080,8,2026-11-01T08:00:00,"I read that section on expressive writing differently. Stated plainly, anxiety consumes the working memory the test is trying to measure. The first time I tried planning what I would do if I blanked on the first page it felt slow, but I stopped spiraling after the first hard question. I am holding this loosely, because the effects are much smaller outside psychology labs. I am skeptical, and I am open to being talked out of it."
F1427,TH059,F1399,S058,8,2026-11-01T08:31:45,Coming back to an earlier comment on worry versus emotionality. What I did not expect was the claim that the worry component predicts performance more than the physical symptoms. My hesitation is that expressive writing has had mixed replication results. This is the first reading that felt written for practitioners.
F1428,TH059,F1390,S117,8,2026-10-30T09:14:52,"I want to sit with the point about what a single high stakes exam measures for a second. What I did not expect was the claim that test anxiety is partly a signal about how the assessment is designed. I gave reframing my racing heart as my body getting ready an honest try, and the plan mattered more than the calm. One limit worth naming is that some of these interventions were tested only in single sessions. How should an early warning system talk to an anxious student?"
F1429,TH059,F1363,S045,8,2026-10-31T19:17:18,I am not sure I follow the argument about working memory load yet. I keep coming back to the idea that test anxiety is partly a signal about how the assessment is designed.
F1430,TH056,F1384,S075,8,2026-11-01T21:36:00,"Two people above have said something useful about worry versus emotionality. If I followed the chapter, test anxiety is partly a signal about how the assessment is designed. I tested this on myself by arriving early enough to stop rushing, and it helped less than I hoped but it did help."
F1431,TH059,F1420,S114,8,2026-11-01T08:00:00,"I agree with the earlier point about practice testing under pressure, but I want to push on one piece. It looks like anxiety consumes the working memory the test is trying to measure, though the evidence is not airtight. It is worth remembering that the effects are much smaller outside psychology labs. Would more frequent low stakes quizzes help or add pressure? This felt disconnected from the students I actually work with."
F1432,TH059,F1415,S039,8,2026-11-01T08:00:00,"Adding a small counterexample to what has been said about reappraisal. The part that convinced me is that students who feel underprepared and students who are underprepared are different groups. I would want to know more before generalizing, since we should probably fix the assessment before fixing the student. Who benefits when we take practice testing under pressure seriously, and who does not?"
F1433,TH057,F1289,S075,8,2026-10-27T15:11:35,"I am not sure I follow the argument about worry versus emotionality yet. The part that convinced me is that students who feel underprepared and students who are underprepared are different groups. During the final in my methods course I ended up writing about my worries for ten minutes before the exam, and it helped less than I hoped but it did help."
F1434,TH056,F1392,S089,8,2026-11-01T18:01:15,"Thank you for naming what bothered me about worry versus emotionality. The strongest version of the argument is that the worry component predicts performance more than the physical symptoms. I tested this on myself by arriving early enough to stop rushing, and the writing did not calm me down but my score went up. Where I get stuck is that the effects are much smaller outside psychology labs."
F1435,TH057,F1422,S074,8,2026-10-29T23:11:00,"Building on the post above, I think expressive writing is doing a lot of work here. I keep coming back to the idea that students who feel underprepared and students who are underprepared are different groups. When I started taking a full practice test under timed conditions, I stopped spiraling after the first hard question. I would want to know more before generalizing, since some of these interventions were tested only in single sessions. How would you even measure working memory load in a real classroom?"
F1436,TH059,F1394,S002,8,2026-10-31T08:00:00,"This framing of working memory load lines up with my own experience. I would say the worry component predicts performance more than the physical symptoms, at least for the kind of material we work with. Where does worry versus emotionality break down in your experience?"
F1437,TH056,F1384,S114,8,2026-11-01T21:36:00,"Coming back to an earlier comment on working memory load. What seems clear to me is that test anxiety is partly a signal about how the assessment is designed. In the final in my methods course I have been reframing my racing heart as my body getting ready, and the practice test was awful and the real one was manageable. Has reappraisal worked for anyone here?"
F1438,TH060,F1295,S039,8,2026-10-28T20:26:54,"This framing of working memory load lines up with my own experience. Stated plainly, students who feel underprepared and students who are underprepared are different groups. That said, an anxious student in a badly designed assessment is responding rationally."
F1439,TH056,F1424,S057,8,2026-11-01T21:35:59,"Coming back to an earlier comment on arousal as information. The authors seem to be saying that reappraising arousal as readiness changes performance without changing the feeling. Something similar happened in a course where one exam was sixty percent of the grade when I was reframing my racing heart as my body getting ready, since the practice test was awful and the real one was manageable."
F1440,TH059,F1306,S112,8,2026-10-29T08:00:00,"Building on the post above, I think expressive writing is doing a lot of work here. The reading argues that anxiety consumes the working memory the test is trying to measure, and I think that is right. When I started reframing my racing heart as my body getting ready, the writing did not calm me down but my score went up."
F1441,TH056,F1354,S065,8,2026-11-01T08:00:00,"I am not sure I follow the argument about what a single high stakes exam measures yet. What I did not expect was the claim that the worry component predicts performance more than the physical symptoms. When I started arriving early enough to stop rushing, the practice test was awful and the real one was manageable. Where does test anxiety come from in the courses you have taught?"
F1442,TH056,F1352,S063,8,2026-11-01T12:08:48,"This framing of arousal as information lines up with my own experience. I would say low stakes practice testing lowers the stakes of the real thing, at least for the kind of material we work with. The first time I tried planning what I would do if I blanked on the first page it felt slow, but the practice test was awful and the real one was manageable. How would you explain practice testing under pressure to a first year student? This felt disconnected from the students I actually work with."
F1443,TH060,F1337,S044,8,2026-10-29T08:00:00,"I read that section on worry versus emotionality differently. The reading argues that test anxiety is partly a signal about how the assessment is designed, and I think that is right. Who benefits when we take worry versus emotionality seriously, and who does not?"
F1444,TH056,F1411,S048,8,2026-11-01T21:36:02,"I am not sure I follow the argument about expressive writing yet. What I did not expect was the claim that students who feel underprepared and students who are underprepared are different groups. Last week I tried starting with the question I know I can answer, and it helped less than I hoped but it did help. How should an early warning system talk to an anxious student?"
F1445,TH056,F1313,S007,8,2026-11-01T10:40:18,"This framing of working memory load lines up with my own experience. Stated plainly, anxiety consumes the working memory the test is trying to measure. Where does test anxiety come from in the courses you have taught?"
F1446,TH059,F1325,S084,8,2026-10-30T21:19:34,Adding a small counterexample to what has been said about worry versus emotionality. The strongest version of the argument is that reappraising arousal as readiness changes performance without changing the feeling.
F1447,TH059,F1395,S002,8,2026-10-31T08:00:00,"Yes to all of this, and I want to add one thing about practice testing under pressure. The reading argues that test anxiety is partly a signal about how the assessment is designed, and I think that is right. My hesitation is that anxiety measures are collected right after a stressful event. The tone bothered me, even if the findings hold up."
F1448,TH056,F1359,S046,8,2026-11-01T21:29:48,"This framing of stereotype threat lines up with my own experience. Stated plainly, students who feel underprepared and students who are underprepared are different groups. Would more frequent low stakes quizzes help or add pressure?"
F1449,TH059,F1306,S101,8,2026-10-29T08:00:00,"Adding a small counterexample to what has been said about arousal as information. My takeaway is that test anxiety is partly a signal about how the assessment is designed. Something similar happened in an oral exam when I was arriving early enough to stop rushing, since the practice test was awful and the real one was manageable. The caveat for me is that anxiety measures are collected right after a stressful event. Would you design a course around expressive writing?"
F1450,TH056,F1404,S090,8,2026-11-01T21:35:40,"Coming back to an earlier comment on expressive writing. I would say students who feel underprepared and students who are underprepared are different groups, at least for the kind of material we work with. When I started reframing my racing heart as my body getting ready, my hands still shook and I finished the exam. Where I get stuck is that some of these interventions were tested only in single sessions."
F1451,TH059,F1409,S005,8,2026-11-01T14:12:19,Adding a small counterexample to what has been said about expressive writing. The part that convinced me is that low stakes practice testing lowers the stakes of the real thing. It is worth remembering that an anxious student in a badly designed assessment is responding rationally. Really glad this was assigned.
F1452,TH059,F1297,S115,8,2026-10-29T08:00:00,"This framing of working memory load lines up with my own experience. It looks like reappraising arousal as readiness changes performance without changing the feeling, though the evidence is not airtight. I gave arriving early enough to stop rushing an honest try, and the practice test was awful and the real one was manageable. What would change your mind about working memory load?"
F1453,TH059,F1366,S006,8,2026-10-31T14:55:42,I read that section on expressive writing differently. My takeaway is that reappraising arousal as readiness changes performance without changing the feeling. Where I get stuck is that an anxious student in a badly designed assessment is responding rationally. How should an early warning system talk to an anxious student?
F1454,TH059,F1451,S022,8,2026-11-01T17:15:14,"Adding a small counterexample to what has been said about stereotype threat. If I followed the chapter, low stakes practice testing lowers the stakes of the real thing. I am holding this loosely, because expressive writing has had mixed replication results."
F1455,TH059,F1454,S026,8,2026-11-01T18:33:36,"I want to sit with the point about reappraisal for a second. The strongest version of the argument is that the worry component predicts performance more than the physical symptoms. I tested this on myself by writing about my worries for ten minutes before the exam, and my hands still shook and I finished the exam. This felt disconnected from the students I actually work with."
F1456,TH056,F1357,S046,8,2026-11-01T18:41:52,"This thread is helping me see working memory load more clearly. Stated plainly, low stakes practice testing lowers the stakes of the real thing. I tested this on myself by reframing my racing heart as my body getting ready, and the plan mattered more than the calm. My hesitation is that some of these interventions were tested only in single sessions. Where does arousal as information break down in your experience?"
