ping_id,player_id,level,emotion,intensity,timestamp
PG00001,P030,1,boredom,1,2026-10-05T08:09:58
PG00002,P030,1,interest,4,2026-10-05T08:10:09
PG00003,P030,2,frustration,2,2026-10-05T08:10:52
PG00004,P030,2,interest,3,2026-10-05T08:11:04
PG00005,P030,2,boredom,2,2026-10-05T08:11:06
PG00006,P030,3,interest,3,2026-10-05T08:11:52
PG00007,P136,1,interest,3,2026-10-05T08:12:19
PG00008,P030,3,interest,3,2026-10-05T08:12:21
PG00009,P136,1,frustration,2,2026-10-05T08:15:11
PG00010,P032,1,interest,4,2026-10-05T08:22:29
PG00011,P032,1,interest,5,2026-10-05T08:22:31
PG00012,P120,1,confusion,3,2026-10-05T08:36:12
PG00013,P120,1,frustration,5,2026-10-05T08:36:39
PG00014,P027,1,boredom,2,2026-10-05T08:40:50
PG00015,P027,1,confusion,2,2026-10-05T08:40:51
PG00016,P195,1,interest,4,2026-10-05T08:43:18
PG00017,P195,1,interest,2,2026-10-05T08:43:29
PG00018,P195,1,confusion,3,2026-10-05T08:43:57
PG00019,P170,1,interest,3,2026-10-05T08:56:38
PG00020,P170,1,interest,4,2026-10-05T08:57:00
PG00021,P170,1,boredom,1,2026-10-05T08:57:05
PG00022,P155,1,interest,4,2026-10-05T08:57:47
PG00023,P155,1,confusion,3,2026-10-05T08:57:54
PG00024,P155,1,confusion,3,2026-10-05T08:57:54
PG00025,P170,2,interest,2,2026-10-05T08:59:51
PG00026,P170,2,interest,3,2026-10-05T08:59:54
PG00027,P170,2,confusion,1,2026-10-05T08:59:59
PG00028,P083,1,confusion,2,2026-10-05T09:01:43
PG00029,P170,3,interest,3,2026-10-05T09:01:56
PG00030,P083,1,confusion,2,2026-10-05T09:02:02
PG00031,P170,4,interest,3,2026-10-05T09:02:20
PG00032,P170,4,interest,4,2026-10-05T09:03:06
PG00033,P083,2,interest,3,2026-10-05T09:05:43
PG00034,P083,3,frustration,3,2026-10-05T09:16:06
PG00035,P083,3,interest,1,2026-10-05T09:20:39
PG00036,P036,1,frustration,4,2026-10-05T09:25:04
PG00037,P036,1,interest,4,2026-10-05T09:25:40
PG00038,P036,2,frustration,3,2026-10-05T09:28:13
PG00039,P036,2,interest,3,2026-10-05T09:28:19
PG00040,P036,2,interest,3,2026-10-05T09:29:06
PG00041,P011,1,interest,3,2026-10-05T09:31:47
PG00042,P011,1,confusion,2,2026-10-05T09:31:58
PG00043,P011,2,confusion,3,2026-10-05T09:33:43
PG00044,P011,2,confusion,4,2026-10-05T09:34:42
PG00045,P084,1,interest,1,2026-10-05T09:39:01
PG00046,P084,1,boredom,3,2026-10-05T09:39:23
PG00047,P150,1,confusion,3,2026-10-05T10:59:29
PG00048,P150,1,interest,4,2026-10-05T10:59:34
PG00049,P150,1,confusion,3,2026-10-05T11:00:14
PG00050,P150,2,interest,5,2026-10-05T11:02:13
PG00051,P150,2,boredom,2,2026-10-05T11:02:28
PG00052,P150,2,confusion,4,2026-10-05T11:02:48
PG00053,P150,3,interest,3,2026-10-05T11:04:10
PG00054,P150,3,interest,2,2026-10-05T11:04:11
PG00055,P150,3,interest,3,2026-10-05T11:04:34
PG00056,P015,1,interest,1,2026-10-05T12:08:10
PG00057,P015,1,confusion,3,2026-10-05T12:08:38
PG00058,P015,1,interest,3,2026-10-05T12:11:27
PG00059,P165,1,interest,2,2026-10-05T12:17:28
PG00060,P165,1,confusion,2,2026-10-05T12:17:40
PG00061,P165,2,boredom,2,2026-10-05T12:22:08
PG00062,P165,2,interest,4,2026-10-05T12:22:29
PG00063,P165,3,interest,1,2026-10-05T12:23:10
PG00064,P165,3,interest,3,2026-10-05T12:23:48
PG00065,P165,3,interest,3,2026-10-05T12:23:55
PG00066,P165,4,interest,5,2026-10-05T12:28:23
PG00067,P139,1,confusion,1,2026-10-05T12:52:17
PG00068,P139,1,boredom,2,2026-10-05T12:52:27
PG00069,P139,1,frustration,1,2026-10-05T12:52:36
PG00070,P129,1,confusion,4,2026-10-05T12:59:54
PG00071,P129,1,interest,3,2026-10-05T13:00:11
PG00072,P129,1,confusion,3,2026-10-05T13:00:22
PG00073,P129,2,interest,2,2026-10-05T13:01:45
PG00074,P129,2,confusion,3,2026-10-05T13:02:09
PG00075,P129,2,interest,5,2026-10-05T13:02:32
PG00076,P178,1,confusion,1,2026-10-05T13:26:09
PG00077,P178,1,boredom,1,2026-10-05T13:28:08
PG00078,P178,1,interest,3,2026-10-05T13:28:13
PG00079,P178,2,interest,3,2026-10-05T13:32:49
PG00080,P178,2,interest,3,2026-10-05T13:32:50
PG00081,P178,2,interest,3,2026-10-05T13:32:53
PG00082,P158,1,frustration,1,2026-10-05T14:25:07
PG00083,P158,1,frustration,2,2026-10-05T14:25:17
PG00084,P158,1,confusion,3,2026-10-05T14:26:01
PG00085,P158,2,confusion,4,2026-10-05T14:26:42
PG00086,P158,2,interest,3,2026-10-05T14:26:58
PG00087,P158,2,frustration,1,2026-10-05T14:27:20
PG00088,P155,2,confusion,3,2026-10-05T16:59:42
PG00089,P150,4,confusion,2,2026-10-05T17:08:15
PG00090,P150,4,frustration,4,2026-10-05T17:08:34
PG00091,P150,4,interest,3,2026-10-05T17:09:35
PG00092,P150,5,interest,4,2026-10-05T17:16:43
PG00093,P150,5,interest,1,2026-10-05T17:17:14
PG00094,P150,5,confusion,4,2026-10-05T17:17:36
PG00095,P150,6,boredom,3,2026-10-05T17:18:22
PG00096,P150,6,confusion,2,2026-10-05T17:18:49
PG00097,P150,6,interest,3,2026-10-05T17:19:32
PG00098,P150,7,interest,3,2026-10-05T17:25:15
PG00099,P030,4,interest,3,2026-10-06T05:13:17
PG00100,P030,4,interest,4,2026-10-06T05:13:20
PG00101,P030,4,frustration,4,2026-10-06T05:14:10
PG00102,P030,5,interest,2,2026-10-06T05:16:36
PG00103,P195,2,interest,3,2026-10-06T05:47:02
PG00104,P195,2,interest,4,2026-10-06T05:47:04
PG00105,P139,2,interest,2,2026-10-06T06:55:48
PG00106,P134,1,confusion,5,2026-10-06T08:06:01
PG00107,P134,2,interest,3,2026-10-06T08:14:19
PG00108,P134,2,interest,2,2026-10-06T08:15:05
PG00109,P070,1,confusion,3,2026-10-06T08:20:25
PG00110,P070,1,interest,4,2026-10-06T08:20:45
PG00111,P198,1,interest,3,2026-10-06T08:22:08
PG00112,P070,2,interest,4,2026-10-06T08:22:59
PG00113,P070,3,frustration,2,2026-10-06T08:24:18
PG00114,P070,3,frustration,2,2026-10-06T08:24:53
PG00115,P070,3,interest,3,2026-10-06T08:24:57
PG00116,P074,1,confusion,4,2026-10-06T08:33:49
PG00117,P074,1,confusion,3,2026-10-06T08:34:27
PG00118,P152,1,confusion,3,2026-10-06T08:36:31
PG00119,P152,1,confusion,3,2026-10-06T08:36:33
PG00120,P152,1,confusion,3,2026-10-06T08:36:57
PG00121,P152,1,confusion,2,2026-10-06T08:37:05
PG00122,P096,1,frustration,2,2026-10-06T08:52:56
PG00123,P096,1,frustration,2,2026-10-06T08:53:27
PG00124,P096,1,confusion,3,2026-10-06T08:53:46
PG00125,P067,1,confusion,1,2026-10-06T09:01:37
PG00126,P067,1,boredom,1,2026-10-06T09:01:46
PG00127,P067,1,confusion,3,2026-10-06T09:02:13
PG00128,P067,2,boredom,4,2026-10-06T09:03:26
PG00129,P067,3,boredom,2,2026-10-06T09:05:16
PG00130,P067,3,interest,2,2026-10-06T09:05:18
PG00131,P067,3,frustration,3,2026-10-06T09:06:03
PG00132,P015,2,frustration,3,2026-10-06T09:14:45
PG00133,P015,2,interest,4,2026-10-06T09:15:14
PG00134,P200,1,confusion,4,2026-10-06T09:26:49
PG00135,P200,1,confusion,3,2026-10-06T09:27:08
PG00136,P133,1,interest,4,2026-10-06T10:19:21
PG00137,P133,1,boredom,3,2026-10-06T10:19:35
PG00138,P071,1,interest,3,2026-10-06T10:37:35
PG00139,P071,1,interest,2,2026-10-06T10:38:13
PG00140,P071,1,frustration,2,2026-10-06T10:38:23
PG00141,P027,2,interest,4,2026-10-06T10:41:23
PG00142,P027,2,interest,2,2026-10-06T10:41:51
PG00143,P027,2,interest,4,2026-10-06T10:41:52
PG00144,P194,1,confusion,3,2026-10-06T10:57:53
PG00145,P194,1,confusion,1,2026-10-06T10:58:16
PG00146,P039,1,confusion,4,2026-10-06T11:03:48
PG00147,P039,1,confusion,3,2026-10-06T11:03:53
PG00148,P039,2,confusion,4,2026-10-06T11:07:12
PG00149,P034,1,interest,2,2026-10-06T11:07:16
PG00150,P039,2,frustration,5,2026-10-06T11:07:30
PG00151,P034,1,interest,2,2026-10-06T11:07:34
PG00152,P039,2,frustration,2,2026-10-06T11:07:44
PG00153,P034,1,interest,4,2026-10-06T11:07:46
PG00154,P108,1,frustration,2,2026-10-06T11:09:28
PG00155,P039,3,confusion,2,2026-10-06T11:09:39
PG00156,P108,1,interest,4,2026-10-06T11:10:15
PG00157,P108,1,confusion,1,2026-10-06T11:10:23
PG00158,P039,3,confusion,3,2026-10-06T11:11:05
PG00159,P108,2,confusion,4,2026-10-06T11:11:45
PG00160,P108,3,confusion,1,2026-10-06T11:14:38
PG00161,P108,3,confusion,4,2026-10-06T11:14:40
PG00162,P176,1,interest,4,2026-10-06T11:43:02
PG00163,P176,1,interest,2,2026-10-06T11:43:27
PG00164,P176,1,interest,3,2026-10-06T11:43:38
PG00165,P017,1,confusion,3,2026-10-06T11:56:10
PG00166,P017,2,interest,4,2026-10-06T11:58:42
PG00167,P017,2,interest,4,2026-10-06T11:58:52
PG00168,P017,3,interest,3,2026-10-06T12:03:07
PG00169,P017,3,confusion,3,2026-10-06T12:03:43
PG00170,P128,1,interest,2,2026-10-06T12:03:46
PG00171,P128,1,interest,5,2026-10-06T12:04:19
PG00172,P128,1,interest,3,2026-10-06T12:04:48
PG00173,P128,2,confusion,5,2026-10-06T12:06:50
PG00174,P128,2,interest,3,2026-10-06T12:07:26
PG00175,P128,2,frustration,3,2026-10-06T12:07:34
PG00176,P090,1,confusion,3,2026-10-06T12:39:39
PG00177,P090,1,interest,3,2026-10-06T12:40:10
PG00178,P084,2,confusion,3,2026-10-06T12:40:18
PG00179,P090,1,confusion,4,2026-10-06T12:40:18
PG00180,P019,1,interest,3,2026-10-06T12:42:42
PG00181,P019,1,frustration,2,2026-10-06T12:42:56
PG00182,P019,1,confusion,1,2026-10-06T12:42:56
PG00183,P185,1,confusion,2,2026-10-06T13:33:44
PG00184,P185,1,confusion,4,2026-10-06T13:35:15
PG00185,P169,1,confusion,3,2026-10-06T13:44:34
PG00186,P032,2,interest,3,2026-10-06T14:24:32
PG00187,P032,2,interest,3,2026-10-06T14:24:58
PG00188,P032,3,confusion,3,2026-10-06T14:29:19
PG00189,P032,3,interest,5,2026-10-06T14:30:44
PG00190,P032,3,interest,2,2026-10-06T14:31:44
PG00191,P032,4,confusion,2,2026-10-06T14:36:36
PG00192,P086,1,boredom,3,2026-10-06T14:42:03
PG00193,P086,1,interest,3,2026-10-06T14:42:28
PG00194,P086,1,confusion,3,2026-10-06T14:42:35
PG00195,P086,1,confusion,4,2026-10-06T14:42:51
PG00196,P198,2,interest,3,2026-10-06T15:22:41
PG00197,P198,2,interest,3,2026-10-06T15:23:13
PG00198,P198,2,confusion,2,2026-10-06T15:23:18
PG00199,P200,2,frustration,3,2026-10-06T18:30:15
PG00200,P200,2,confusion,3,2026-10-06T18:30:23
PG00201,P200,3,confusion,2,2026-10-06T18:34:01
PG00202,P195,3,interest,3,2026-10-06T20:47:48
PG00203,P195,3,interest,3,2026-10-06T20:48:00
PG00204,P195,3,interest,5,2026-10-06T20:48:31
PG00205,P139,3,interest,4,2026-10-06T20:58:52
PG00206,P139,3,boredom,2,2026-10-06T20:59:22
PG00207,P084,3,boredom,2,2026-10-06T21:41:53
PG00208,P084,3,boredom,3,2026-10-06T21:42:17
PG00209,P084,3,interest,3,2026-10-06T21:42:36
PG00210,P071,2,boredom,1,2026-10-06T22:39:10
PG00211,P071,3,confusion,2,2026-10-06T22:42:02
PG00212,P071,3,boredom,3,2026-10-06T22:42:06
PG00213,P071,3,interest,2,2026-10-06T22:42:20
PG00214,P015,3,interest,4,2026-10-06T23:19:42
PG00215,P136,2,interest,2,2026-10-06T23:19:58
PG00216,P015,3,frustration,5,2026-10-06T23:20:11
PG00217,P015,3,interest,2,2026-10-06T23:20:23
PG00218,P015,4,confusion,3,2026-10-06T23:29:06
PG00219,P165,5,interest,3,2026-10-06T23:39:15
PG00220,P027,3,frustration,2,2026-10-07T00:43:41
PG00221,P027,3,interest,4,2026-10-07T00:44:06
PG00222,P169,2,confusion,2,2026-10-07T00:46:35
PG00223,P169,2,confusion,4,2026-10-07T00:47:20
PG00224,P169,3,interest,5,2026-10-07T00:51:20
PG00225,P169,3,confusion,3,2026-10-07T00:52:24
PG00226,P169,3,confusion,4,2026-10-07T00:53:30
PG00227,P096,2,frustration,3,2026-10-07T00:56:08
PG00228,P169,4,confusion,2,2026-10-07T00:56:50
PG00229,P169,4,confusion,2,2026-10-07T00:57:05
PG00230,P096,3,interest,4,2026-10-07T00:59:11
PG00231,P096,3,frustration,2,2026-10-07T00:59:26
PG00232,P096,3,frustration,4,2026-10-07T00:59:33
PG00233,P096,4,interest,4,2026-10-07T01:00:54
PG00234,P032,5,interest,2,2026-10-07T01:46:20
PG00235,P032,5,interest,3,2026-10-07T01:47:08
PG00236,P032,6,interest,4,2026-10-07T01:52:05
PG00237,P032,7,confusion,3,2026-10-07T01:55:30
PG00238,P032,7,interest,3,2026-10-07T01:56:41
PG00239,P032,8,interest,2,2026-10-07T02:03:42
PG00240,P139,4,frustration,5,2026-10-07T03:07:06
PG00241,P139,4,confusion,1,2026-10-07T03:11:44
PG00242,P139,4,confusion,5,2026-10-07T03:17:06
PG00243,P155,3,confusion,3,2026-10-07T05:04:39
PG00244,P155,3,confusion,3,2026-10-07T05:05:17
PG00245,P155,3,confusion,4,2026-10-07T05:06:56
PG00246,P030,6,frustration,2,2026-10-07T05:19:41
PG00247,P030,6,interest,3,2026-10-07T05:19:46
PG00248,P030,6,interest,4,2026-10-07T05:20:00
PG00249,P169,5,confusion,3,2026-10-07T06:59:48
PG00250,P169,5,confusion,3,2026-10-07T06:59:50
PG00251,P169,5,confusion,3,2026-10-07T07:00:01
PG00252,P051,1,interest,3,2026-10-07T08:56:18
PG00253,P051,1,interest,4,2026-10-07T08:56:21
PG00254,P051,1,confusion,3,2026-10-07T08:56:39
PG00255,P156,1,interest,5,2026-10-07T08:58:01
PG00256,P156,1,confusion,4,2026-10-07T08:58:14
PG00257,P156,1,interest,3,2026-10-07T08:58:26
PG00258,P051,2,interest,4,2026-10-07T08:59:46
PG00259,P051,2,interest,4,2026-10-07T08:59:49
PG00260,P051,3,interest,4,2026-10-07T09:02:46
PG00261,P146,1,interest,2,2026-10-07T09:12:05
PG00262,P146,1,frustration,3,2026-10-07T09:12:41
PG00263,P073,1,boredom,1,2026-10-07T09:12:54
PG00264,P146,1,confusion,4,2026-10-07T09:12:54
PG00265,P134,3,confusion,3,2026-10-07T09:18:39
PG00266,P134,4,interest,5,2026-10-07T09:23:17
PG00267,P134,4,interest,3,2026-10-07T09:23:30
PG00268,P134,4,interest,4,2026-10-07T09:25:20
PG00269,P008,1,interest,4,2026-10-07T10:40:04
PG00270,P008,1,interest,3,2026-10-07T10:40:46
PG00271,P090,2,interest,4,2026-10-07T10:41:27
PG00272,P094,1,interest,4,2026-10-07T10:55:16
PG00273,P094,2,interest,3,2026-10-07T10:57:47
PG00274,P034,2,frustration,4,2026-10-07T11:10:15
PG00275,P034,2,frustration,5,2026-10-07T11:10:55
PG00276,P004,1,interest,1,2026-10-07T11:11:36
PG00277,P068,1,interest,2,2026-10-07T11:23:48
PG00278,P068,1,interest,2,2026-10-07T11:23:59
PG00279,P068,1,frustration,3,2026-10-07T11:24:09
PG00280,P059,1,boredom,2,2026-10-07T11:35:33
PG00281,P059,1,boredom,1,2026-10-07T11:35:39
PG00282,P017,4,confusion,3,2026-10-07T12:22:59
PG00283,P133,2,interest,5,2026-10-07T12:24:12
PG00284,P133,2,confusion,4,2026-10-07T12:24:30
PG00285,P017,4,interest,2,2026-10-07T12:25:53
PG00286,P198,3,interest,2,2026-10-07T12:25:55
PG00287,P133,2,interest,3,2026-10-07T12:25:56
PG00288,P198,3,frustration,2,2026-10-07T12:28:06
PG00289,P133,3,interest,4,2026-10-07T12:30:26
PG00290,P002,1,interest,4,2026-10-07T12:30:36
PG00291,P002,1,frustration,2,2026-10-07T12:30:37
PG00292,P198,4,frustration,3,2026-10-07T12:30:45
PG00293,P133,3,interest,4,2026-10-07T12:30:56
PG00294,P002,1,frustration,2,2026-10-07T12:31:26
PG00295,P198,5,interest,2,2026-10-07T12:33:44
PG00296,P133,4,interest,3,2026-10-07T12:34:20
PG00297,P133,4,interest,3,2026-10-07T12:34:38
PG00298,P133,4,interest,3,2026-10-07T12:34:46
PG00299,P133,5,interest,3,2026-10-07T12:36:16
PG00300,P133,5,interest,1,2026-10-07T12:36:17
PG00301,P160,1,confusion,3,2026-10-07T12:37:50
PG00302,P160,1,confusion,3,2026-10-07T12:38:31
PG00303,P160,1,interest,3,2026-10-07T12:38:39
PG00304,P118,1,interest,2,2026-10-07T12:46:20
PG00305,P118,1,confusion,2,2026-10-07T12:46:50
PG00306,P118,2,interest,4,2026-10-07T12:49:37
PG00307,P078,1,confusion,3,2026-10-07T13:00:27
PG00308,P078,2,interest,1,2026-10-07T13:02:24
PG00309,P078,2,interest,2,2026-10-07T13:02:49
PG00310,P078,2,interest,3,2026-10-07T13:03:18
PG00311,P187,1,confusion,5,2026-10-07T13:03:42
PG00312,P130,1,boredom,3,2026-10-07T13:15:28
PG00313,P130,1,interest,3,2026-10-07T13:15:32
PG00314,P130,1,interest,3,2026-10-07T13:16:32
PG00315,P026,1,confusion,3,2026-10-07T13:22:46
PG00316,P026,1,confusion,4,2026-10-07T13:23:04
PG00317,P026,1,frustration,2,2026-10-07T13:23:11
PG00318,P026,1,confusion,2,2026-10-07T13:23:34
PG00319,P124,1,interest,3,2026-10-07T13:33:56
PG00320,P124,1,confusion,3,2026-10-07T13:34:10
PG00321,P124,1,boredom,2,2026-10-07T13:34:32
PG00322,P196,1,confusion,3,2026-10-07T13:35:54
PG00323,P196,1,confusion,5,2026-10-07T13:35:56
PG00324,P196,1,interest,4,2026-10-07T13:36:01
PG00325,P200,4,confusion,3,2026-10-07T13:37:39
PG00326,P196,2,interest,4,2026-10-07T13:38:29
PG00327,P196,2,frustration,2,2026-10-07T13:38:43
PG00328,P200,4,frustration,2,2026-10-07T13:41:30
PG00329,P116,1,interest,5,2026-10-07T14:11:02
PG00330,P116,1,interest,3,2026-10-07T14:11:12
PG00331,P116,1,confusion,3,2026-10-07T14:11:15
PG00332,P093,1,interest,2,2026-10-07T14:13:59
PG00333,P093,1,frustration,4,2026-10-07T14:14:06
PG00334,P093,1,interest,4,2026-10-07T14:14:10
PG00335,P093,2,interest,4,2026-10-07T14:14:21
PG00336,P093,2,confusion,2,2026-10-07T14:14:22
PG00337,P093,2,confusion,3,2026-10-07T14:14:34
PG00338,P070,4,confusion,4,2026-10-07T14:26:47
PG00339,P070,4,frustration,1,2026-10-07T14:29:21
PG00340,P127,1,confusion,3,2026-10-07T14:46:19
PG00341,P127,1,confusion,4,2026-10-07T14:46:36
PG00342,P127,2,boredom,2,2026-10-07T14:50:24
PG00343,P127,2,frustration,3,2026-10-07T14:50:52
PG00344,P067,4,frustration,2,2026-10-07T16:06:49
PG00345,P067,4,frustration,3,2026-10-07T16:08:50
PG00346,P067,5,interest,4,2026-10-07T16:15:08
PG00347,P067,5,interest,4,2026-10-07T16:15:13
PG00348,P019,2,interest,2,2026-10-07T18:45:45
PG00349,P019,2,interest,3,2026-10-07T18:45:52
PG00350,P019,2,boredom,1,2026-10-07T18:45:56
PG00351,P194,2,interest,3,2026-10-07T19:02:06
PG00352,P194,3,confusion,3,2026-10-07T19:06:03
PG00353,P176,2,interest,1,2026-10-07T19:44:48
PG00354,P176,2,interest,3,2026-10-07T19:44:52
PG00355,P176,2,interest,4,2026-10-07T19:45:13
PG00356,P176,3,confusion,1,2026-10-07T19:45:35
PG00357,P176,3,boredom,3,2026-10-07T19:45:49
PG00358,P176,3,confusion,4,2026-10-07T19:46:03
PG00359,P195,4,frustration,3,2026-10-07T19:52:22
PG00360,P093,3,interest,4,2026-10-07T20:18:14
PG00361,P093,3,interest,1,2026-10-07T20:18:18
PG00362,P093,4,interest,3,2026-10-07T20:21:15
PG00363,P093,5,interest,3,2026-10-07T20:26:06
PG00364,P093,5,interest,2,2026-10-07T20:26:12
PG00365,P093,6,interest,5,2026-10-07T20:27:49
PG00366,P093,6,interest,3,2026-10-07T20:28:07
PG00367,P093,7,interest,3,2026-10-07T20:31:41
PG00368,P093,7,confusion,4,2026-10-07T20:31:49
PG00369,P093,7,interest,4,2026-10-07T20:32:08
PG00370,P134,5,interest,2,2026-10-07T21:30:58
PG00371,P134,6,confusion,3,2026-10-07T21:35:21
PG00372,P134,7,frustration,2,2026-10-07T21:37:50
PG00373,P027,4,interest,3,2026-10-07T21:44:25
PG00374,P027,4,confusion,3,2026-10-07T21:44:37
PG00375,P084,4,frustration,2,2026-10-07T21:44:45
PG00376,P084,4,boredom,2,2026-10-07T21:45:05
PG00377,P084,4,interest,2,2026-10-07T21:45:41
PG00378,P051,4,interest,2,2026-10-07T22:09:02
PG00379,P051,5,interest,4,2026-10-07T22:16:38
PG00380,P051,5,interest,3,2026-10-07T22:17:08
PG00381,P051,5,interest,2,2026-10-07T22:17:16
PG00382,P051,6,interest,4,2026-10-07T22:20:11
PG00383,P051,6,interest,2,2026-10-07T22:20:22
PG00384,P051,6,interest,3,2026-10-07T22:21:13
PG00385,P127,3,frustration,2,2026-10-07T23:53:39
PG00386,P127,3,frustration,3,2026-10-07T23:53:41
PG00387,P127,3,confusion,4,2026-10-07T23:54:23
PG00388,P127,3,confusion,5,2026-10-07T23:55:47
PG00389,P128,3,interest,2,2026-10-08T00:09:47
PG00390,P128,3,confusion,3,2026-10-08T00:10:17
PG00391,P136,3,confusion,3,2026-10-08T01:24:48
PG00392,P136,3,confusion,3,2026-10-08T01:24:50
PG00393,P136,3,confusion,3,2026-10-08T01:25:36
PG00394,P165,6,interest,2,2026-10-08T03:42:35
PG00395,P008,2,interest,4,2026-10-08T03:42:35
PG00396,P165,6,confusion,4,2026-10-08T03:43:01
PG00397,P165,6,boredom,1,2026-10-08T03:43:11
PG00398,P165,7,interest,4,2026-10-08T03:44:31
PG00399,P187,2,confusion,4,2026-10-08T05:10:39
PG00400,P187,2,confusion,3,2026-10-08T05:10:56
PG00401,P187,2,frustration,4,2026-10-08T05:11:09
PG00402,P139,5,interest,1,2026-10-08T05:22:47
PG00403,P139,5,confusion,3,2026-10-08T05:23:03
PG00404,P139,6,confusion,3,2026-10-08T05:28:08
PG00405,P090,3,interest,4,2026-10-08T06:43:42
PG00406,P090,3,interest,4,2026-10-08T06:44:23
PG00407,P071,4,frustration,2,2026-10-08T06:45:30
PG00408,P071,4,frustration,1,2026-10-08T06:45:36
PG00409,P019,3,confusion,2,2026-10-08T06:48:05
PG00410,P019,3,interest,3,2026-10-08T06:48:32
PG00411,P019,4,frustration,3,2026-10-08T06:51:53
PG00412,P019,4,boredom,1,2026-10-08T06:53:34
PG00413,P019,4,interest,4,2026-10-08T06:54:18
PG00414,P079,1,interest,2,2026-10-08T08:08:25
PG00415,P079,1,interest,2,2026-10-08T08:08:38
PG00416,P159,1,interest,4,2026-10-08T08:11:37
PG00417,P079,2,frustration,4,2026-10-08T08:12:02
PG00418,P079,2,interest,4,2026-10-08T08:12:15
PG00419,P079,2,boredom,2,2026-10-08T08:12:20
PG00420,P079,3,confusion,2,2026-10-08T08:13:39
PG00421,P159,1,confusion,2,2026-10-08T08:13:48
PG00422,P079,3,confusion,4,2026-10-08T08:14:14
PG00423,P159,1,interest,3,2026-10-08T08:15:04
PG00424,P119,1,frustration,4,2026-10-08T08:15:39
PG00425,P159,2,interest,3,2026-10-08T08:18:33
PG00426,P159,2,confusion,3,2026-10-08T08:18:52
PG00427,P043,1,interest,2,2026-10-08T08:46:42
PG00428,P043,2,interest,4,2026-10-08T08:48:46
PG00429,P179,1,confusion,4,2026-10-08T09:08:39
PG00430,P179,2,confusion,3,2026-10-08T09:12:09
PG00431,P128,4,confusion,3,2026-10-08T09:13:27
PG00432,P179,2,frustration,4,2026-10-08T09:13:33
PG00433,P128,4,confusion,2,2026-10-08T09:13:56
PG00434,P117,1,confusion,3,2026-10-08T09:22:21
PG00435,P117,1,confusion,3,2026-10-08T09:22:33
PG00436,P117,1,confusion,4,2026-10-08T09:22:39
PG00437,P117,2,confusion,2,2026-10-08T09:25:42
PG00438,P117,2,boredom,2,2026-10-08T09:25:56
PG00439,P117,2,interest,4,2026-10-08T09:26:19
PG00440,P117,2,confusion,4,2026-10-08T09:26:34
PG00441,P132,1,frustration,3,2026-10-08T09:27:55
PG00442,P084,5,interest,4,2026-10-08T09:47:22
PG00443,P084,5,interest,2,2026-10-08T09:47:31
PG00444,P084,5,frustration,2,2026-10-08T09:47:58
PG00445,P084,6,frustration,1,2026-10-08T09:52:42
PG00446,P084,6,interest,3,2026-10-08T09:57:19
PG00447,P084,7,interest,2,2026-10-08T10:01:06
PG00448,P084,7,interest,4,2026-10-08T10:01:13
PG00449,P084,7,interest,4,2026-10-08T10:01:55
PG00450,P069,1,interest,3,2026-10-08T10:07:29
PG00451,P069,1,interest,2,2026-10-08T10:07:43
PG00452,P112,1,confusion,3,2026-10-08T10:07:49
PG00453,P069,1,interest,4,2026-10-08T10:08:41
PG00454,P069,2,interest,4,2026-10-08T10:11:04
PG00455,P069,2,interest,4,2026-10-08T10:11:28
PG00456,P069,2,interest,2,2026-10-08T10:11:34
PG00457,P172,1,frustration,1,2026-10-08T10:31:12
PG00458,P144,1,interest,3,2026-10-08T10:31:53
PG00459,P144,1,confusion,2,2026-10-08T10:32:40
PG00460,P144,1,confusion,5,2026-10-08T10:33:00
PG00461,P089,1,confusion,3,2026-10-08T10:34:47
PG00462,P089,1,interest,2,2026-10-08T10:35:16
PG00463,P089,1,confusion,3,2026-10-08T10:35:32
PG00464,P089,2,interest,2,2026-10-08T10:41:34
PG00465,P089,3,interest,4,2026-10-08T10:45:21
PG00466,P089,3,frustration,3,2026-10-08T10:45:28
PG00467,P089,3,interest,3,2026-10-08T10:45:48
PG00468,P137,1,interest,3,2026-10-08T10:47:37
PG00469,P137,1,confusion,2,2026-10-08T10:48:17
PG00470,P103,1,interest,4,2026-10-08T10:57:13
PG00471,P103,1,interest,2,2026-10-08T10:57:13
PG00472,P103,1,interest,3,2026-10-08T10:57:20
PG00473,P103,2,confusion,4,2026-10-08T10:58:27
PG00474,P140,1,interest,3,2026-10-08T11:12:44
PG00475,P140,1,interest,4,2026-10-08T11:13:39
PG00476,P034,3,interest,3,2026-10-08T11:16:39
PG00477,P031,1,interest,4,2026-10-08T11:28:26
PG00478,P031,1,interest,1,2026-10-08T11:28:30
PG00479,P031,1,interest,2,2026-10-08T11:28:32
PG00480,P031,2,interest,1,2026-10-08T11:30:18
PG00481,P031,2,interest,2,2026-10-08T11:30:20
PG00482,P031,2,interest,3,2026-10-08T11:30:24
PG00483,P198,6,interest,2,2026-10-08T11:35:30
PG00484,P198,6,interest,3,2026-10-08T11:35:30
PG00485,P198,6,frustration,2,2026-10-08T11:35:58
PG00486,P082,1,confusion,2,2026-10-08T12:13:18
PG00487,P082,2,interest,2,2026-10-08T12:16:30
PG00488,P082,3,interest,2,2026-10-08T12:18:16
PG00489,P082,3,interest,3,2026-10-08T12:20:43
PG00490,P054,1,interest,3,2026-10-08T12:36:07
PG00491,P054,1,frustration,3,2026-10-08T12:36:14
PG00492,P054,2,frustration,3,2026-10-08T12:39:49
PG00493,P054,2,interest,4,2026-10-08T12:40:10
PG00494,P054,2,boredom,2,2026-10-08T12:40:33
PG00495,P098,1,interest,2,2026-10-08T12:45:57
PG00496,P098,2,interest,4,2026-10-08T12:47:33
PG00497,P066,1,frustration,5,2026-10-08T12:51:26
PG00498,P066,1,confusion,4,2026-10-08T12:52:05
PG00499,P099,1,frustration,3,2026-10-08T12:54:00
PG00500,P099,1,frustration,1,2026-10-08T12:54:16
PG00501,P099,1,interest,1,2026-10-08T12:54:18
PG00502,P066,2,confusion,2,2026-10-08T12:54:35
PG00503,P066,2,confusion,4,2026-10-08T12:54:39
PG00504,P099,2,confusion,4,2026-10-08T12:56:31
PG00505,P099,2,interest,2,2026-10-08T12:57:09
PG00506,P099,2,frustration,3,2026-10-08T12:57:14
PG00507,P187,3,confusion,4,2026-10-08T13:14:21
PG00508,P187,3,confusion,3,2026-10-08T13:14:48
PG00509,P085,1,confusion,2,2026-10-08T13:22:28
PG00510,P020,1,interest,2,2026-10-08T13:59:09
PG00511,P020,1,frustration,2,2026-10-08T13:59:26
PG00512,P197,1,interest,4,2026-10-08T14:12:03
PG00513,P197,1,confusion,4,2026-10-08T14:12:41
PG00514,P159,3,interest,1,2026-10-08T14:21:02
PG00515,P162,1,frustration,2,2026-10-08T14:21:13
PG00516,P162,2,interest,2,2026-10-08T14:25:43
PG00517,P159,4,interest,4,2026-10-08T14:28:18
PG00518,P162,3,frustration,4,2026-10-08T14:28:57
PG00519,P162,3,confusion,4,2026-10-08T14:29:20
PG00520,P159,4,confusion,1,2026-10-08T14:29:48
PG00521,P159,4,confusion,3,2026-10-08T14:30:47
PG00522,P163,1,confusion,4,2026-10-08T14:35:29
PG00523,P162,4,confusion,3,2026-10-08T14:41:49
PG00524,P071,5,interest,4,2026-10-08T14:48:02
PG00525,P071,5,boredom,2,2026-10-08T14:48:29
PG00526,P071,5,interest,2,2026-10-08T14:48:32
PG00527,P176,4,interest,2,2026-10-08T14:48:58
PG00528,P176,4,interest,2,2026-10-08T14:49:30
PG00529,P105,1,interest,3,2026-10-08T14:52:01
PG00530,P105,1,confusion,4,2026-10-08T14:52:06
PG00531,P176,5,confusion,2,2026-10-08T14:52:45
PG00532,P118,3,interest,2,2026-10-08T14:52:58
PG00533,P118,3,interest,4,2026-10-08T14:53:20
PG00534,P118,3,frustration,4,2026-10-08T14:53:29
PG00535,P105,2,frustration,2,2026-10-08T14:54:28
PG00536,P105,2,confusion,3,2026-10-08T14:54:42
PG00537,P176,6,frustration,2,2026-10-08T14:56:30
PG00538,P176,6,interest,3,2026-10-08T14:56:34
PG00539,P118,4,confusion,3,2026-10-08T14:57:18
PG00540,P118,4,frustration,2,2026-10-08T14:57:26
PG00541,P146,2,frustration,4,2026-10-08T16:14:38
PG00542,P146,2,confusion,3,2026-10-08T16:15:03
PG00543,P146,2,confusion,3,2026-10-08T16:15:16
PG00544,P068,2,confusion,3,2026-10-08T16:28:01
PG00545,P156,2,confusion,4,2026-10-08T16:59:24
PG00546,P172,2,confusion,2,2026-10-08T17:35:21
PG00547,P172,2,confusion,3,2026-10-08T17:35:43
PG00548,P165,8,interest,3,2026-10-08T17:48:32
PG00549,P094,3,interest,3,2026-10-08T18:01:33
PG00550,P094,3,interest,1,2026-10-08T18:01:42
PG00551,P094,3,confusion,4,2026-10-08T18:02:02
PG00552,P139,7,frustration,2,2026-10-08T18:33:44
PG00553,P139,8,interest,4,2026-10-08T18:36:08
PG00554,P051,7,frustration,2,2026-10-08T19:26:03
PG00555,P051,7,interest,3,2026-10-08T19:26:28
PG00556,P051,7,interest,4,2026-10-08T19:28:05
PG00557,P098,3,boredom,3,2026-10-08T19:50:49
PG00558,P098,3,interest,4,2026-10-08T19:51:01
PG00559,P098,3,interest,3,2026-10-08T19:51:10
PG00560,P073,2,frustration,4,2026-10-08T20:15:31
PG00561,P073,2,interest,3,2026-10-08T20:15:42
PG00562,P073,2,interest,2,2026-10-08T20:16:02
PG00563,P067,6,frustration,4,2026-10-08T20:16:05
PG00564,P067,6,interest,3,2026-10-08T20:16:27
PG00565,P179,3,frustration,3,2026-10-08T20:17:02
PG00566,P067,7,frustration,2,2026-10-08T20:19:22
PG00567,P067,7,frustration,3,2026-10-08T20:19:35
PG00568,P067,7,confusion,3,2026-10-08T20:19:42
PG00569,P179,4,confusion,4,2026-10-08T20:23:29
PG00570,P179,4,confusion,2,2026-10-08T20:26:06
PG00571,P031,3,frustration,1,2026-10-08T20:33:28
PG00572,P031,3,interest,3,2026-10-08T20:34:01
PG00573,P043,3,confusion,1,2026-10-08T20:49:59
PG00574,P043,3,interest,4,2026-10-08T20:50:25
PG00575,P043,3,interest,4,2026-10-08T20:50:43
PG00576,P043,4,frustration,3,2026-10-08T20:52:16
PG00577,P043,4,frustration,3,2026-10-08T20:57:56
PG00578,P043,4,interest,4,2026-10-08T20:58:02
PG00579,P069,3,interest,2,2026-10-08T21:14:24
PG00580,P069,4,confusion,4,2026-10-08T21:16:02
PG00581,P069,4,confusion,4,2026-10-08T21:16:22
PG00582,P069,4,confusion,3,2026-10-08T21:17:07
PG00583,P069,5,interest,3,2026-10-08T21:23:46
PG00584,P069,5,confusion,2,2026-10-08T21:24:25
PG00585,P069,6,interest,4,2026-10-08T21:27:08
PG00586,P069,6,interest,3,2026-10-08T21:28:13
PG00587,P069,6,interest,3,2026-10-08T21:28:58
PG00588,P059,2,interest,3,2026-10-08T21:38:51
PG00589,P059,2,interest,4,2026-10-08T21:38:52
PG00590,P059,2,confusion,2,2026-10-08T21:39:15
PG00591,P059,3,interest,4,2026-10-08T21:40:00
PG00592,P069,7,interest,3,2026-10-08T21:47:28
PG00593,P069,8,confusion,2,2026-10-08T21:59:10
PG00594,P069,8,interest,2,2026-10-08T22:01:34
PG00595,P078,3,interest,3,2026-10-08T22:05:22
PG00596,P078,3,interest,2,2026-10-08T22:05:28
PG00597,P160,2,interest,3,2026-10-08T23:40:32
PG00598,P160,2,confusion,3,2026-10-08T23:41:10
PG00599,P137,2,interest,4,2026-10-08T23:52:18
PG00600,P137,2,interest,3,2026-10-08T23:52:28
PG00601,P089,4,confusion,4,2026-10-08T23:54:35
PG00602,P089,5,interest,4,2026-10-08T23:59:48
PG00603,P089,6,interest,4,2026-10-09T00:01:45
PG00604,P089,6,confusion,4,2026-10-09T00:02:31
PG00605,P089,6,frustration,2,2026-10-09T00:03:15
PG00606,P089,7,interest,1,2026-10-09T00:07:09
PG00607,P089,7,interest,3,2026-10-09T00:07:58
PG00608,P089,7,interest,4,2026-10-09T00:08:07
PG00609,P089,8,interest,5,2026-10-09T00:22:43
PG00610,P093,8,interest,4,2026-10-09T00:34:20
PG00611,P099,3,interest,2,2026-10-09T01:02:06
PG00612,P099,4,confusion,3,2026-10-09T01:06:31
PG00613,P099,5,frustration,4,2026-10-09T01:10:39
PG00614,P099,5,interest,3,2026-10-09T01:10:47
PG00615,P099,5,interest,3,2026-10-09T01:10:54
PG00616,P196,3,frustration,3,2026-10-09T01:42:10
PG00617,P196,3,confusion,4,2026-10-09T01:42:41
PG00618,P196,3,confusion,3,2026-10-09T01:42:44
PG00619,P200,5,confusion,5,2026-10-09T01:51:47
PG00620,P200,5,confusion,3,2026-10-09T01:53:57
PG00621,P200,5,confusion,4,2026-10-09T01:54:08
PG00622,P124,2,interest,3,2026-10-09T02:37:11
PG00623,P124,2,interest,4,2026-10-09T02:37:19
PG00624,P124,2,interest,3,2026-10-09T02:38:06
PG00625,P124,3,interest,4,2026-10-09T02:40:57
PG00626,P124,3,interest,2,2026-10-09T02:41:18
PG00627,P124,4,interest,2,2026-10-09T02:43:08
PG00628,P124,5,interest,2,2026-10-09T02:44:26
PG00629,P124,5,interest,3,2026-10-09T02:44:31
PG00630,P124,6,interest,3,2026-10-09T02:46:45
PG00631,P197,2,interest,4,2026-10-09T03:13:57
PG00632,P197,2,interest,4,2026-10-09T03:14:05
PG00633,P197,3,interest,2,2026-10-09T03:18:47
PG00634,P134,8,interest,3,2026-10-09T03:46:39
PG00635,P134,8,confusion,3,2026-10-09T03:47:18
PG00636,P134,8,frustration,2,2026-10-09T03:48:02
PG00637,P116,2,interest,2,2026-10-09T04:14:13
PG00638,P116,2,interest,2,2026-10-09T04:14:30
PG00639,P116,2,interest,3,2026-10-09T04:14:30
PG00640,P136,4,frustration,4,2026-10-09T04:29:48
PG00641,P136,4,confusion,4,2026-10-09T04:30:09
PG00642,P136,5,interest,3,2026-10-09T04:34:29
PG00643,P136,6,interest,4,2026-10-09T04:37:30
PG00644,P136,6,interest,3,2026-10-09T04:37:38
PG00645,P136,6,boredom,2,2026-10-09T04:37:46
PG00646,P054,3,confusion,5,2026-10-09T04:42:16
PG00647,P027,5,interest,2,2026-10-09T05:48:04
PG00648,P027,5,interest,3,2026-10-09T05:48:24
PG00649,P027,6,interest,4,2026-10-09T05:50:45
PG00650,P027,6,interest,4,2026-10-09T05:50:53
PG00651,P071,6,interest,5,2026-10-09T05:52:03
PG00652,P071,6,boredom,2,2026-10-09T05:52:25
PG00653,P027,7,frustration,3,2026-10-09T05:52:38
PG00654,P027,7,frustration,3,2026-10-09T05:53:16
PG00655,P105,3,confusion,4,2026-10-09T05:58:38
PG00656,P105,3,confusion,4,2026-10-09T05:58:39
PG00657,P105,3,confusion,4,2026-10-09T05:59:01
PG00658,P105,4,confusion,2,2026-10-09T06:02:18
PG00659,P105,4,confusion,4,2026-10-09T06:03:37
PG00660,P105,4,confusion,5,2026-10-09T06:07:32
PG00661,P105,5,confusion,5,2026-10-09T06:11:16
PG00662,P105,5,frustration,3,2026-10-09T06:11:56
PG00663,P105,6,confusion,4,2026-10-09T06:14:02
PG00664,P031,4,boredom,3,2026-10-09T06:38:14
PG00665,P137,3,boredom,2,2026-10-09T06:54:15
PG00666,P195,5,interest,4,2026-10-09T06:56:25
PG00667,P195,5,interest,3,2026-10-09T06:56:39
PG00668,P195,5,frustration,3,2026-10-09T06:56:41
PG00669,P195,6,interest,4,2026-10-09T07:03:00
PG00670,P162,5,confusion,5,2026-10-09T07:47:29
PG00671,P001,1,confusion,4,2026-10-09T08:02:59
PG00672,P001,1,confusion,4,2026-10-09T08:03:12
PG00673,P001,1,interest,2,2026-10-09T08:03:34
PG00674,P119,2,frustration,2,2026-10-09T08:18:37
PG00675,P119,2,interest,3,2026-10-09T08:18:49
PG00676,P063,1,interest,3,2026-10-09T08:26:31
PG00677,P063,2,interest,3,2026-10-09T08:28:35
PG00678,P063,2,interest,3,2026-10-09T08:29:09
PG00679,P072,1,confusion,1,2026-10-09T08:29:22
PG00680,P072,1,confusion,3,2026-10-09T08:29:23
PG00681,P063,3,confusion,4,2026-10-09T08:31:52
PG00682,P063,3,interest,3,2026-10-09T08:32:17
PG00683,P072,2,confusion,4,2026-10-09T08:32:58
PG00684,P048,1,confusion,4,2026-10-09T08:36:41
PG00685,P048,1,confusion,2,2026-10-09T08:36:48
PG00686,P048,2,interest,3,2026-10-09T08:40:39
PG00687,P048,2,interest,4,2026-10-09T08:41:07
PG00688,P020,2,frustration,2,2026-10-09T09:02:42
PG00689,P020,2,confusion,4,2026-10-09T09:02:59
PG00690,P020,2,frustration,3,2026-10-09T09:03:47
PG00691,P020,3,confusion,3,2026-10-09T09:07:15
PG00692,P098,4,confusion,3,2026-10-09T09:53:03
PG00693,P098,4,confusion,4,2026-10-09T09:53:21
PG00694,P098,4,confusion,4,2026-10-09T09:53:39
PG00695,P197,4,frustration,3,2026-10-09T10:23:02
PG00696,P197,4,frustration,3,2026-10-09T10:26:13
PG00697,P197,5,confusion,2,2026-10-09T10:34:21
PG00698,P197,5,boredom,3,2026-10-09T10:34:39
PG00699,P059,4,interest,3,2026-10-09T10:44:31
PG00700,P059,4,frustration,5,2026-10-09T10:45:46
PG00701,P059,4,interest,4,2026-10-09T10:47:53
PG00702,P190,1,interest,5,2026-10-09T11:30:11
PG00703,P190,1,interest,2,2026-10-09T11:30:12
PG00704,P051,8,interest,3,2026-10-09T11:30:33
PG00705,P190,1,confusion,3,2026-10-09T11:30:34
PG00706,P051,8,interest,4,2026-10-09T11:32:52
PG00707,P051,8,interest,3,2026-10-09T11:33:01
PG00708,P041,1,confusion,3,2026-10-09T11:47:12
PG00709,P041,1,confusion,3,2026-10-09T11:47:27
PG00710,P090,4,frustration,2,2026-10-09T11:47:41
PG00711,P090,4,frustration,2,2026-10-09T11:47:52
PG00712,P090,4,interest,4,2026-10-09T11:49:37
PG00713,P103,3,interest,3,2026-10-09T12:01:30
PG00714,P103,4,boredom,2,2026-10-09T12:04:18
PG00715,P103,4,interest,4,2026-10-09T12:04:55
PG00716,P103,4,interest,2,2026-10-09T12:04:57
PG00717,P103,5,confusion,1,2026-10-09T12:07:35
PG00718,P103,5,interest,2,2026-10-09T12:07:36
PG00719,P103,6,interest,2,2026-10-09T12:11:20
PG00720,P103,6,interest,2,2026-10-09T12:11:36
PG00721,P142,1,interest,4,2026-10-09T12:29:15
PG00722,P142,1,boredom,2,2026-10-09T12:29:55
PG00723,P024,1,frustration,1,2026-10-09T12:33:31
PG00724,P024,1,boredom,2,2026-10-09T12:33:45
PG00725,P024,1,frustration,3,2026-10-09T12:33:55
PG00726,P024,2,interest,3,2026-10-09T12:36:18
PG00727,P024,2,interest,3,2026-10-09T12:36:23
PG00728,P024,2,interest,3,2026-10-09T12:36:24
PG00729,P114,1,interest,3,2026-10-09T13:02:36
PG00730,P114,1,interest,3,2026-10-09T13:03:10
PG00731,P114,2,confusion,2,2026-10-09T13:05:28
PG00732,P114,2,confusion,3,2026-10-09T13:06:06
PG00733,P114,3,confusion,2,2026-10-09T13:08:49
PG00734,P114,3,confusion,4,2026-10-09T13:09:21
PG00735,P114,3,confusion,2,2026-10-09T13:09:23
PG00736,P114,3,confusion,4,2026-10-09T13:09:26
PG00737,P111,1,interest,3,2026-10-09T13:10:11
PG00738,P111,1,confusion,3,2026-10-09T13:10:50
PG00739,P111,2,interest,3,2026-10-09T13:12:55
PG00740,P111,2,confusion,3,2026-10-09T13:14:41
PG00741,P073,3,interest,3,2026-10-09T13:18:45
PG00742,P045,1,confusion,5,2026-10-09T13:30:39
PG00743,P045,2,interest,1,2026-10-09T13:31:25
PG00744,P045,2,frustration,4,2026-10-09T13:31:44
PG00745,P077,1,interest,3,2026-10-09T13:38:16
PG00746,P077,1,interest,3,2026-10-09T13:38:20
PG00747,P077,1,interest,3,2026-10-09T13:38:33
PG00748,P087,1,confusion,3,2026-10-09T13:48:51
PG00749,P087,1,interest,2,2026-10-09T13:49:19
PG00750,P067,8,frustration,5,2026-10-09T16:24:17
PG00751,P067,8,frustration,3,2026-10-09T16:24:20
PG00752,P162,6,confusion,4,2026-10-09T16:50:29
PG00753,P162,6,confusion,4,2026-10-09T16:51:17
PG00754,P112,2,interest,3,2026-10-09T17:12:06
PG00755,P112,2,interest,3,2026-10-09T17:12:07
PG00756,P112,3,interest,3,2026-10-09T17:15:39
PG00757,P112,4,confusion,4,2026-10-09T17:17:43
PG00758,P112,5,interest,4,2026-10-09T17:26:50
PG00759,P112,5,confusion,2,2026-10-09T17:27:58
PG00760,P160,3,interest,3,2026-10-09T17:41:41
PG00761,P160,3,interest,4,2026-10-09T17:41:49
PG00762,P001,2,frustration,4,2026-10-09T18:05:40
PG00763,P001,2,interest,4,2026-10-09T18:05:48
PG00764,P001,3,interest,3,2026-10-09T18:09:28
PG00765,P001,4,interest,2,2026-10-09T18:13:25
PG00766,P001,5,interest,3,2026-10-09T18:16:55
PG00767,P001,6,interest,2,2026-10-09T18:21:08
PG00768,P001,6,interest,2,2026-10-09T18:21:18
PG00769,P001,6,interest,4,2026-10-09T18:21:22
PG00770,P082,4,confusion,3,2026-10-09T18:25:12
PG00771,P001,7,confusion,4,2026-10-09T18:25:36
PG00772,P001,7,interest,2,2026-10-09T18:26:46
PG00773,P163,2,confusion,3,2026-10-09T18:38:13
PG00774,P163,2,frustration,2,2026-10-09T18:38:26
PG00775,P008,3,interest,3,2026-10-09T18:43:09
PG00776,P008,3,interest,2,2026-10-09T18:43:12
PG00777,P008,3,interest,1,2026-10-09T18:43:24
PG00778,P008,4,confusion,3,2026-10-09T18:46:15
PG00779,P008,5,confusion,2,2026-10-09T18:50:03
PG00780,P008,5,confusion,4,2026-10-09T18:50:38
PG00781,P008,6,confusion,1,2026-10-09T18:51:34
PG00782,P008,6,frustration,2,2026-10-09T18:52:15
PG00783,P008,7,boredom,1,2026-10-09T18:55:05
PG00784,P008,7,frustration,1,2026-10-09T18:55:30
PG00785,P008,7,confusion,3,2026-10-09T18:55:47
PG00786,P019,5,interest,4,2026-10-09T19:00:13
PG00787,P019,5,interest,3,2026-10-09T19:01:03
PG00788,P019,5,confusion,3,2026-10-09T19:01:11
PG00789,P019,6,interest,3,2026-10-09T19:05:21
PG00790,P195,7,interest,4,2026-10-09T20:07:07
PG00791,P118,5,frustration,2,2026-10-09T20:07:23
PG00792,P195,8,interest,5,2026-10-09T20:09:36
PG00793,P118,6,confusion,3,2026-10-09T20:11:30
PG00794,P079,4,interest,1,2026-10-09T20:15:24
PG00795,P099,6,frustration,3,2026-10-09T20:15:54
PG00796,P079,4,confusion,4,2026-10-09T20:16:19
PG00797,P079,4,confusion,4,2026-10-09T20:18:33
PG00798,P099,7,interest,4,2026-10-09T20:22:18
PG00799,P099,7,confusion,3,2026-10-09T20:22:37
PG00800,P085,2,interest,3,2026-10-09T20:24:19
PG00801,P099,8,interest,3,2026-10-09T20:24:45
PG00802,P085,3,interest,5,2026-10-09T20:25:35
PG00803,P079,5,frustration,2,2026-10-09T20:28:23
PG00804,P099,8,frustration,2,2026-10-09T20:28:59
PG00805,P099,8,frustration,4,2026-10-09T20:29:35
PG00806,P079,6,interest,2,2026-10-09T20:33:11
PG00807,P079,6,confusion,3,2026-10-09T20:33:24
PG00808,P079,6,interest,3,2026-10-09T20:33:28
PG00809,P079,7,interest,4,2026-10-09T20:34:27
PG00810,P079,7,confusion,3,2026-10-09T20:34:31
PG00811,P079,7,frustration,2,2026-10-09T20:36:45
PG00812,P031,5,confusion,1,2026-10-09T20:40:24
PG00813,P031,6,interest,3,2026-10-09T20:42:50
PG00814,P031,6,interest,4,2026-10-09T20:42:53
PG00815,P031,6,interest,3,2026-10-09T20:43:03
PG00816,P087,2,interest,3,2026-10-09T20:52:35
PG00817,P087,2,interest,2,2026-10-09T20:53:18
PG00818,P072,3,confusion,3,2026-10-09T21:36:11
PG00819,P072,3,confusion,5,2026-10-09T21:36:54
PG00820,P094,4,interest,3,2026-10-09T23:05:02
PG00821,P094,4,interest,5,2026-10-09T23:05:11
PG00822,P094,4,interest,4,2026-10-09T23:05:51
PG00823,P094,5,interest,3,2026-10-09T23:09:51
PG00824,P094,5,interest,2,2026-10-09T23:09:55
PG00825,P078,4,frustration,4,2026-10-10T00:11:53
PG00826,P078,4,interest,3,2026-10-10T00:12:06
PG00827,P001,8,frustration,3,2026-10-10T00:32:05
PG00828,P001,8,frustration,4,2026-10-10T00:35:05
PG00829,P197,6,frustration,3,2026-10-10T00:35:42
PG00830,P197,6,interest,2,2026-10-10T00:35:52
PG00831,P197,6,frustration,2,2026-10-10T00:36:24
PG00832,P197,7,confusion,3,2026-10-10T00:40:15
PG00833,P197,7,interest,3,2026-10-10T00:40:22
PG00834,P197,7,interest,2,2026-10-10T00:40:40
PG00835,P059,5,frustration,2,2026-10-10T00:54:28
PG00836,P059,5,boredom,2,2026-10-10T00:54:28
PG00837,P156,3,frustration,2,2026-10-10T01:04:46
PG00838,P156,3,interest,1,2026-10-10T01:04:57
PG00839,P156,3,confusion,3,2026-10-10T01:05:17
PG00840,P084,8,frustration,4,2026-10-10T01:06:03
PG00841,P084,8,interest,3,2026-10-10T01:06:30
PG00842,P140,2,interest,4,2026-10-10T01:16:06
PG00843,P045,3,confusion,3,2026-10-10T01:34:53
PG00844,P045,3,confusion,4,2026-10-10T01:35:17
PG00845,P045,3,interest,3,2026-10-10T01:35:21
PG00846,P045,4,confusion,5,2026-10-10T01:37:08
PG00847,P045,4,confusion,3,2026-10-10T01:37:09
PG00848,P045,4,confusion,5,2026-10-10T01:37:34
PG00849,P077,2,confusion,2,2026-10-10T01:39:19
PG00850,P045,5,frustration,1,2026-10-10T01:39:29
PG00851,P077,2,interest,4,2026-10-10T01:39:33
PG00852,P045,5,interest,4,2026-10-10T01:39:43
PG00853,P045,5,confusion,5,2026-10-10T01:39:48
PG00854,P045,6,confusion,3,2026-10-10T01:42:38
PG00855,P045,6,confusion,2,2026-10-10T01:44:11
PG00856,P045,6,confusion,5,2026-10-10T01:44:40
PG00857,P179,5,frustration,3,2026-10-10T03:33:27
PG00858,P176,7,interest,2,2026-10-10T04:00:59
PG00859,P176,7,interest,4,2026-10-10T04:01:17
PG00860,P103,7,interest,2,2026-10-10T04:14:57
PG00861,P103,8,interest,3,2026-10-10T04:16:26
PG00862,P103,8,confusion,3,2026-10-10T04:16:35
PG00863,P043,5,interest,4,2026-10-10T05:04:14
PG00864,P043,5,interest,3,2026-10-10T05:04:43
PG00865,P119,3,confusion,3,2026-10-10T05:22:02
PG00866,P119,3,confusion,3,2026-10-10T05:22:40
PG00867,P119,4,frustration,3,2026-10-10T05:26:25
PG00868,P119,4,confusion,3,2026-10-10T05:26:45
PG00869,P119,4,confusion,4,2026-10-10T05:27:35
PG00870,P116,3,interest,5,2026-10-10T06:18:55
PG00871,P116,4,frustration,1,2026-10-10T06:21:37
PG00872,P116,4,interest,2,2026-10-10T06:25:26
PG00873,P116,4,interest,3,2026-10-10T06:26:02
PG00874,P041,2,confusion,2,2026-10-10T06:51:08
PG00875,P041,3,interest,3,2026-10-10T06:52:55
PG00876,P041,3,frustration,3,2026-10-10T06:53:00
PG00877,P041,3,confusion,4,2026-10-10T06:53:11
PG00878,P041,4,confusion,2,2026-10-10T06:55:24
PG00879,P041,4,confusion,3,2026-10-10T06:55:42
PG00880,P105,7,confusion,5,2026-10-10T07:17:31
PG00881,P105,8,confusion,3,2026-10-10T07:21:25
PG00882,P105,8,confusion,4,2026-10-10T07:21:30
PG00883,P105,8,confusion,4,2026-10-10T07:21:34
PG00884,P136,7,interest,4,2026-10-10T07:41:20
PG00885,P048,3,interest,3,2026-10-10T07:43:55
PG00886,P048,3,interest,2,2026-10-10T07:44:22
PG00887,P048,4,interest,3,2026-10-10T07:46:02
PG00888,P048,4,frustration,4,2026-10-10T07:46:08
PG00889,P048,4,frustration,5,2026-10-10T07:46:39
PG00890,P136,8,interest,2,2026-10-10T07:47:04
PG00891,P136,8,frustration,3,2026-10-10T07:47:26
PG00892,P136,8,frustration,3,2026-10-10T07:47:39
PG00893,P045,7,confusion,5,2026-10-10T07:49:29
PG00894,P045,8,confusion,3,2026-10-10T07:55:43
PG00895,P045,8,interest,1,2026-10-10T07:56:04
PG00896,P075,1,confusion,3,2026-10-10T08:10:57
PG00897,P075,1,confusion,3,2026-10-10T08:11:01
PG00898,P075,1,confusion,3,2026-10-10T08:11:17
PG00899,P016,1,interest,4,2026-10-10T08:24:38
PG00900,P016,1,confusion,3,2026-10-10T08:24:44
PG00901,P016,1,interest,4,2026-10-10T08:24:45
PG00902,P007,1,frustration,5,2026-10-10T08:44:40
PG00903,P007,1,interest,5,2026-10-10T08:45:16
PG00904,P013,1,confusion,2,2026-10-10T08:57:11
PG00905,P013,1,confusion,3,2026-10-10T08:57:21
PG00906,P013,1,interest,3,2026-10-10T08:57:59
PG00907,P110,1,confusion,4,2026-10-10T08:58:25
PG00908,P013,2,interest,3,2026-10-10T09:00:37
PG00909,P014,1,boredom,3,2026-10-10T09:00:42
PG00910,P014,1,boredom,2,2026-10-10T09:00:48
PG00911,P014,1,confusion,3,2026-10-10T09:01:17
PG00912,P107,1,interest,4,2026-10-10T09:02:45
PG00913,P107,1,confusion,2,2026-10-10T09:03:17
PG00914,P107,1,interest,3,2026-10-10T09:03:34
PG00915,P013,3,interest,2,2026-10-10T09:04:26
PG00916,P013,3,interest,1,2026-10-10T09:05:04
PG00917,P013,3,interest,4,2026-10-10T09:05:12
PG00918,P107,2,interest,2,2026-10-10T09:06:54
PG00919,P107,2,interest,3,2026-10-10T09:06:55
PG00920,P107,2,interest,2,2026-10-10T09:07:41
PG00921,P014,2,confusion,3,2026-10-10T09:08:13
PG00922,P107,3,boredom,3,2026-10-10T09:09:11
PG00923,P107,4,interest,3,2026-10-10T09:13:31
PG00924,P131,1,interest,3,2026-10-10T09:18:44
PG00925,P014,3,confusion,4,2026-10-10T09:18:52
PG00926,P131,1,confusion,3,2026-10-10T09:18:52
PG00927,P131,1,interest,4,2026-10-10T09:18:58
PG00928,P014,3,frustration,3,2026-10-10T09:19:16
PG00929,P014,4,confusion,3,2026-10-10T09:21:53
PG00930,P014,4,confusion,3,2026-10-10T09:21:55
PG00931,P014,4,confusion,5,2026-10-10T09:22:25
PG00932,P063,4,interest,3,2026-10-10T09:35:07
PG00933,P135,1,confusion,3,2026-10-10T09:51:14
PG00934,P135,1,confusion,2,2026-10-10T09:52:51
PG00935,P071,7,frustration,5,2026-10-10T09:56:00
PG00936,P071,8,frustration,4,2026-10-10T09:57:58
PG00937,P071,8,interest,3,2026-10-10T09:58:23
PG00938,P071,8,frustration,3,2026-10-10T09:58:23
PG00939,P135,2,interest,3,2026-10-10T09:58:43
PG00940,P135,2,frustration,4,2026-10-10T09:59:00
PG00941,P176,8,frustration,3,2026-10-10T10:03:12
PG00942,P176,8,confusion,2,2026-10-10T10:03:31
PG00943,P135,3,interest,3,2026-10-10T10:03:35
PG00944,P176,8,interest,3,2026-10-10T10:03:49
PG00945,P037,1,boredom,1,2026-10-10T10:25:46
PG00946,P037,1,confusion,3,2026-10-10T10:26:17
PG00947,P037,2,interest,5,2026-10-10T10:27:06
PG00948,P037,2,interest,1,2026-10-10T10:27:18
PG00949,P037,2,interest,3,2026-10-10T10:27:34
PG00950,P037,3,interest,4,2026-10-10T10:29:34
PG00951,P037,3,confusion,4,2026-10-10T10:30:02
PG00952,P037,3,interest,2,2026-10-10T10:30:24
PG00953,P079,8,interest,2,2026-10-10T10:43:48
PG00954,P064,1,confusion,4,2026-10-10T11:32:01
PG00955,P126,1,interest,2,2026-10-10T11:32:09
PG00956,P126,1,confusion,1,2026-10-10T11:32:10
PG00957,P126,1,frustration,2,2026-10-10T11:32:25
PG00958,P126,2,boredom,1,2026-10-10T11:33:19
PG00959,P126,2,frustration,5,2026-10-10T11:33:30
PG00960,P126,2,confusion,3,2026-10-10T11:33:30
PG00961,P064,2,interest,4,2026-10-10T11:36:09
PG00962,P064,2,confusion,4,2026-10-10T11:36:32
PG00963,P064,2,confusion,2,2026-10-10T11:36:52
PG00964,P186,1,frustration,2,2026-10-10T11:38:09
PG00965,P064,3,confusion,2,2026-10-10T11:40:40
PG00966,P064,3,confusion,3,2026-10-10T11:41:12
PG00967,P064,3,interest,5,2026-10-10T11:41:41
PG00968,P031,7,frustration,1,2026-10-10T11:43:04
PG00969,P031,7,interest,3,2026-10-10T11:43:35
PG00970,P031,7,interest,4,2026-10-10T11:43:53
PG00971,P109,1,boredom,2,2026-10-10T11:45:14
PG00972,P109,1,frustration,4,2026-10-10T11:45:15
PG00973,P031,8,frustration,4,2026-10-10T11:46:33
PG00974,P064,4,confusion,2,2026-10-10T11:46:55
PG00975,P031,8,interest,3,2026-10-10T11:47:16
PG00976,P193,1,interest,2,2026-10-10T12:15:28
PG00977,P193,1,confusion,5,2026-10-10T12:15:31
PG00978,P193,1,interest,2,2026-10-10T12:15:34
PG00979,P140,3,interest,2,2026-10-10T12:19:29
PG00980,P140,3,interest,3,2026-10-10T12:19:35
PG00981,P140,4,interest,3,2026-10-10T12:21:12
PG00982,P140,4,interest,2,2026-10-10T12:21:23
PG00983,P140,4,interest,2,2026-10-10T12:21:49
PG00984,P140,5,interest,3,2026-10-10T12:24:46
PG00985,P157,1,interest,2,2026-10-10T12:26:05
PG00986,P157,1,confusion,1,2026-10-10T12:26:16
PG00987,P157,1,interest,2,2026-10-10T12:26:49
PG00988,P142,2,confusion,3,2026-10-10T12:31:18
PG00989,P142,3,interest,3,2026-10-10T12:32:27
PG00990,P142,3,frustration,5,2026-10-10T12:32:36
PG00991,P142,3,interest,5,2026-10-10T12:32:55
PG00992,P142,4,confusion,2,2026-10-10T12:37:16
PG00993,P196,4,frustration,4,2026-10-10T12:44:11
PG00994,P196,4,confusion,4,2026-10-10T12:44:13
PG00995,P196,4,confusion,3,2026-10-10T12:44:43
PG00996,P054,4,frustration,1,2026-10-10T12:45:30
PG00997,P054,4,confusion,5,2026-10-10T12:45:52
PG00998,P196,5,confusion,5,2026-10-10T12:49:10
PG00999,P196,5,interest,3,2026-10-10T12:50:14
PG01000,P054,4,confusion,4,2026-10-10T12:51:06
PG01001,P196,5,confusion,3,2026-10-10T12:51:55
PG01002,P054,5,confusion,4,2026-10-10T12:58:10
PG01003,P183,1,frustration,4,2026-10-10T12:58:56
PG01004,P183,1,confusion,1,2026-10-10T13:00:04
PG01005,P180,1,interest,4,2026-10-10T13:00:29
PG01006,P100,1,interest,1,2026-10-10T13:03:43
PG01007,P180,2,confusion,2,2026-10-10T13:03:54
PG01008,P180,2,interest,1,2026-10-10T13:03:55
PG01009,P183,2,confusion,2,2026-10-10T13:05:17
PG01010,P183,2,confusion,4,2026-10-10T13:05:39
PG01011,P183,2,interest,5,2026-10-10T13:05:56
PG01012,P052,1,interest,3,2026-10-10T13:07:21
PG01013,P052,2,confusion,2,2026-10-10T13:10:17
PG01014,P025,1,confusion,2,2026-10-10T13:34:41
PG01015,P179,6,confusion,4,2026-10-10T13:37:01
PG01016,P179,6,confusion,4,2026-10-10T13:38:12
PG01017,P179,6,confusion,3,2026-10-10T13:38:24
PG01018,P179,6,confusion,4,2026-10-10T13:41:19
PG01019,P022,1,confusion,3,2026-10-10T13:59:36
PG01020,P022,2,interest,4,2026-10-10T14:00:49
PG01021,P192,1,confusion,3,2026-10-10T14:30:39
PG01022,P192,1,confusion,5,2026-10-10T14:30:46
PG01023,P192,1,confusion,2,2026-10-10T14:30:53
PG01024,P192,1,frustration,4,2026-10-10T14:31:21
PG01025,P124,7,interest,3,2026-10-10T14:48:42
PG01026,P124,7,interest,4,2026-10-10T14:48:44
PG01027,P124,7,confusion,2,2026-10-10T14:48:54
PG01028,P124,8,interest,2,2026-10-10T14:52:19
PG01029,P124,8,interest,2,2026-10-10T14:54:32
PG01030,P124,8,interest,4,2026-10-10T14:54:48
PG01031,P075,2,confusion,3,2026-10-10T15:14:47
PG01032,P075,3,boredom,2,2026-10-10T15:24:04
PG01033,P163,3,confusion,2,2026-10-10T15:41:54
PG01034,P163,3,confusion,5,2026-10-10T15:41:58
PG01035,P163,3,frustration,1,2026-10-10T15:42:06
PG01036,P163,4,confusion,5,2026-10-10T15:47:37
PG01037,P163,4,confusion,4,2026-10-10T15:49:37
PG01038,P200,6,confusion,3,2026-10-10T15:56:32
PG01039,P200,7,confusion,3,2026-10-10T15:58:44
PG01040,P200,7,confusion,4,2026-10-10T15:59:59
PG01041,P037,4,interest,2,2026-10-10T16:32:59
PG01042,P037,4,interest,4,2026-10-10T16:33:18
PG01043,P037,4,interest,4,2026-10-10T16:33:32
PG01044,P027,8,interest,2,2026-10-10T17:53:25
PG01045,P043,6,interest,2,2026-10-10T18:06:21
PG01046,P043,6,interest,3,2026-10-10T18:06:25
PG01047,P087,3,boredom,3,2026-10-10T18:56:39
PG01048,P020,4,confusion,3,2026-10-10T19:11:35
PG01049,P020,4,frustration,1,2026-10-10T19:11:42
PG01050,P020,4,confusion,4,2026-10-10T19:11:52
PG01051,P020,5,frustration,2,2026-10-10T19:15:44
PG01052,P020,5,confusion,2,2026-10-10T19:16:45
PG01053,P162,7,confusion,3,2026-10-10T19:54:29
PG01054,P162,7,frustration,5,2026-10-10T19:54:46
PG01055,P162,7,confusion,4,2026-10-10T19:55:48
PG01056,P162,8,confusion,2,2026-10-10T19:58:45
PG01057,P162,8,confusion,3,2026-10-10T19:59:09
PG01058,P162,8,confusion,4,2026-10-10T19:59:44
PG01059,P090,5,interest,3,2026-10-10T20:55:32
PG01060,P090,6,frustration,5,2026-10-10T20:57:16
PG01061,P019,7,interest,3,2026-10-10T21:06:55
PG01062,P019,7,interest,4,2026-10-10T21:07:03
PG01063,P019,8,interest,4,2026-10-10T21:10:36
PG01064,P024,3,interest,4,2026-10-10T21:39:12
PG01065,P024,3,confusion,5,2026-10-10T21:39:22
PG01066,P024,3,confusion,2,2026-10-10T21:39:36
PG01067,P064,5,confusion,3,2026-10-10T21:56:07
PG01068,P064,5,confusion,4,2026-10-10T21:57:01
PG01069,P140,6,interest,3,2026-10-10T22:26:22
PG01070,P140,6,confusion,2,2026-10-10T22:26:40
PG01071,P126,3,confusion,2,2026-10-10T22:34:32
PG01072,P126,3,confusion,4,2026-10-10T22:34:36
PG01073,P126,3,confusion,3,2026-10-10T22:34:49
PG01074,P126,4,confusion,5,2026-10-10T22:37:18
PG01075,P126,4,confusion,4,2026-10-10T22:37:23
PG01076,P126,4,confusion,1,2026-10-10T22:37:41
PG01077,P142,5,interest,3,2026-10-10T22:42:35
PG01078,P142,5,interest,3,2026-10-10T22:42:39
PG01079,P142,5,frustration,3,2026-10-10T22:43:09
PG01080,P013,4,confusion,4,2026-10-10T23:05:31
PG01081,P013,4,interest,2,2026-10-10T23:05:36
PG01082,P183,3,confusion,3,2026-10-10T23:18:41
PG01083,P183,3,confusion,4,2026-10-10T23:19:41
PG01084,P098,5,interest,5,2026-10-10T23:54:35
PG01085,P098,6,confusion,3,2026-10-10T23:56:27
PG01086,P008,8,frustration,4,2026-10-11T01:00:11
PG01087,P094,6,interest,1,2026-10-11T01:11:02
PG01088,P100,2,interest,2,2026-10-11T01:11:19
PG01089,P094,6,interest,3,2026-10-11T01:11:39
PG01090,P094,6,interest,4,2026-10-11T01:11:48
PG01091,P094,7,interest,3,2026-10-11T01:16:52
PG01092,P094,7,interest,4,2026-10-11T01:16:56
PG01093,P094,7,interest,5,2026-10-11T01:17:21
PG01094,P110,2,interest,4,2026-10-11T01:58:48
PG01095,P110,2,interest,2,2026-10-11T01:59:24
PG01096,P110,3,confusion,4,2026-10-11T02:04:28
PG01097,P110,3,interest,3,2026-10-11T02:04:54
PG01098,P110,4,confusion,4,2026-10-11T02:14:00
PG01099,P110,4,confusion,4,2026-10-11T02:15:41
PG01100,P110,5,interest,2,2026-10-11T02:23:54
PG01101,P110,5,interest,2,2026-10-11T02:24:20
PG01102,P016,2,interest,3,2026-10-11T02:25:56
PG01103,P016,2,frustration,4,2026-10-11T02:26:17
PG01104,P110,5,interest,3,2026-10-11T02:26:48
PG01105,P016,3,interest,2,2026-10-11T02:28:15
PG01106,P197,8,interest,4,2026-10-11T03:44:19
PG01107,P197,8,boredom,3,2026-10-11T03:44:23
PG01108,P059,6,interest,4,2026-10-11T03:56:37
PG01109,P059,6,frustration,4,2026-10-11T03:56:49
PG01110,P193,2,confusion,2,2026-10-11T05:19:57
PG01111,P193,3,confusion,3,2026-10-11T05:23:07
PG01112,P193,3,confusion,3,2026-10-11T05:23:09
PG01113,P112,6,interest,4,2026-10-11T05:31:57
PG01114,P112,7,frustration,4,2026-10-11T05:34:25
PG01115,P112,7,frustration,2,2026-10-11T05:34:29
PG01116,P112,7,interest,3,2026-10-11T05:36:17
PG01117,P200,8,confusion,3,2026-10-11T06:08:36
PG01118,P200,8,confusion,5,2026-10-11T06:09:31
PG01119,P020,6,confusion,4,2026-10-11T06:25:10
PG01120,P085,4,interest,2,2026-10-11T06:28:32
PG01121,P085,4,interest,3,2026-10-11T06:29:22
PG01122,P085,5,interest,2,2026-10-11T06:32:24
PG01123,P116,5,interest,2,2026-10-11T07:29:43
PG01124,P116,5,interest,3,2026-10-11T07:29:52
PG01125,P116,5,interest,4,2026-10-11T07:30:14
PG01126,P142,6,confusion,4,2026-10-11T07:43:58
PG01127,P007,2,confusion,4,2026-10-11T07:48:18
PG01128,P007,2,interest,3,2026-10-11T07:48:59
PG01129,P007,3,interest,5,2026-10-11T07:49:56
PG01130,P007,3,frustration,2,2026-10-11T07:50:11
PG01131,P007,3,interest,3,2026-10-11T07:50:22
PG01132,P035,1,frustration,4,2026-10-11T08:13:26
PG01133,P035,1,interest,3,2026-10-11T08:13:37
PG01134,P107,5,boredom,3,2026-10-11T08:15:22
PG01135,P107,6,boredom,2,2026-10-11T08:17:59
PG01136,P107,6,frustration,2,2026-10-11T08:18:27
PG01137,P107,6,interest,2,2026-10-11T08:18:42
PG01138,P107,7,interest,3,2026-10-11T08:22:14
PG01139,P107,7,frustration,3,2026-10-11T08:22:39
PG01140,P175,1,boredom,1,2026-10-11T08:32:03
PG01141,P175,1,confusion,4,2026-10-11T08:32:05
PG01142,P175,1,confusion,5,2026-10-11T08:32:22
PG01143,P101,1,confusion,2,2026-10-11T08:37:07
PG01144,P101,1,boredom,2,2026-10-11T08:37:31
PG01145,P050,1,confusion,2,2026-10-11T09:17:23
PG01146,P050,1,frustration,2,2026-10-11T09:17:28
PG01147,P050,1,confusion,3,2026-10-11T09:17:44
PG01148,P147,1,interest,3,2026-10-11T09:56:29
PG01149,P147,2,interest,3,2026-10-11T09:58:13
PG01150,P147,2,boredom,1,2026-10-11T09:58:41
PG01151,P147,2,interest,2,2026-10-11T09:58:41
PG01152,P147,3,frustration,3,2026-10-11T10:00:10
PG01153,P147,4,confusion,3,2026-10-11T10:02:26
PG01154,P147,4,confusion,2,2026-10-11T10:03:50
PG01155,P147,4,confusion,3,2026-10-11T10:04:58
PG01156,P199,1,interest,2,2026-10-11T10:08:37
PG01157,P147,5,interest,1,2026-10-11T10:08:44
PG01158,P199,1,interest,4,2026-10-11T10:09:10
PG01159,P199,2,confusion,4,2026-10-11T10:10:58
PG01160,P199,3,confusion,3,2026-10-11T10:13:40
PG01161,P199,3,confusion,1,2026-10-11T10:14:02
PG01162,P199,3,confusion,3,2026-10-11T10:14:03
PG01163,P154,1,interest,3,2026-10-11T10:16:57
PG01164,P154,1,interest,1,2026-10-11T10:17:14
PG01165,P154,1,confusion,2,2026-10-11T10:17:39
PG01166,P063,5,boredom,2,2026-10-11T10:38:59
PG01167,P063,5,boredom,1,2026-10-11T10:39:00
PG01168,P063,5,boredom,2,2026-10-11T10:39:11
PG01169,P063,6,frustration,3,2026-10-11T10:40:54
PG01170,P186,2,confusion,3,2026-10-11T10:42:13
PG01171,P186,3,boredom,1,2026-10-11T10:46:02
PG01172,P186,3,interest,2,2026-10-11T10:46:02
PG01173,P186,3,interest,1,2026-10-11T10:46:05
PG01174,P186,4,frustration,2,2026-10-11T10:49:54
PG01175,P173,1,boredom,3,2026-10-11T11:02:35
PG01176,P173,1,interest,5,2026-10-11T11:02:45
PG01177,P173,1,interest,2,2026-10-11T11:02:49
PG01178,P076,1,interest,3,2026-10-11T11:58:34
PG01179,P076,1,interest,1,2026-10-11T11:58:51
PG01180,P090,7,frustration,4,2026-10-11T12:00:36
PG01181,P193,4,frustration,4,2026-10-11T12:33:27
PG01182,P025,2,interest,3,2026-10-11T12:36:41
PG01183,P025,2,interest,5,2026-10-11T12:39:11
PG01184,P025,2,interest,3,2026-10-11T12:39:32
PG01185,P010,1,interest,3,2026-10-11T12:49:54
PG01186,P010,1,confusion,2,2026-10-11T12:52:35
PG01187,P022,3,interest,1,2026-10-11T13:04:16
PG01188,P022,3,interest,3,2026-10-11T13:04:31
PG01189,P022,3,confusion,2,2026-10-11T13:04:44
PG01190,P022,4,confusion,4,2026-10-11T13:09:47
PG01191,P009,1,confusion,4,2026-10-11T13:11:23
PG01192,P009,2,interest,2,2026-10-11T13:15:53
PG01193,P009,2,interest,2,2026-10-11T13:16:05
PG01194,P009,3,interest,3,2026-10-11T13:17:53
PG01195,P009,4,confusion,2,2026-10-11T13:20:55
PG01196,P009,4,frustration,2,2026-10-11T13:24:40
PG01197,P009,4,interest,4,2026-10-11T13:25:21
PG01198,P009,5,frustration,2,2026-10-11T13:30:51
PG01199,P009,5,interest,2,2026-10-11T13:32:46
PG01200,P177,1,interest,2,2026-10-11T14:01:37
PG01201,P177,1,interest,3,2026-10-11T14:01:55
PG01202,P177,2,confusion,1,2026-10-11T14:04:01
PG01203,P177,2,confusion,4,2026-10-11T14:04:07
PG01204,P038,1,interest,2,2026-10-11T14:08:27
PG01205,P038,1,boredom,1,2026-10-11T14:08:28
PG01206,P156,4,confusion,3,2026-10-11T14:08:28
PG01207,P038,1,frustration,4,2026-10-11T14:08:29
PG01208,P156,4,confusion,3,2026-10-11T14:09:52
PG01209,P156,5,frustration,5,2026-10-11T14:13:08
PG01210,P156,5,interest,3,2026-10-11T14:13:45
PG01211,P156,5,confusion,5,2026-10-11T14:13:46
PG01212,P131,2,confusion,4,2026-10-11T14:20:16
PG01213,P131,2,interest,3,2026-10-11T14:20:55
PG01214,P175,2,interest,3,2026-10-11T14:35:53
PG01215,P147,6,interest,2,2026-10-11T16:12:44
PG01216,P052,3,interest,3,2026-10-11T18:13:15
PG01217,P052,3,interest,3,2026-10-11T18:13:15
PG01218,P052,3,interest,5,2026-10-11T18:13:27
PG01219,P135,4,confusion,4,2026-10-11T19:08:38
PG01220,P135,4,confusion,2,2026-10-11T19:08:39
PG01221,P135,4,frustration,2,2026-10-11T19:08:42
PG01222,P025,3,interest,1,2026-10-11T19:42:42
PG01223,P025,3,interest,4,2026-10-11T19:43:04
PG01224,P076,2,boredom,1,2026-10-11T20:00:31
PG01225,P076,2,confusion,4,2026-10-11T20:00:39
PG01226,P076,2,confusion,3,2026-10-11T20:00:50
PG01227,P087,4,frustration,4,2026-10-11T20:01:13
PG01228,P087,4,frustration,3,2026-10-11T20:02:46
PG01229,P087,4,confusion,2,2026-10-11T20:03:22
PG01230,P107,8,interest,3,2026-10-11T20:27:39
PG01231,P107,8,interest,3,2026-10-11T20:27:57
PG01232,P100,3,boredom,2,2026-10-11T22:13:06
PG01233,P100,3,interest,5,2026-10-11T22:13:20
PG01234,P100,3,confusion,4,2026-10-11T22:13:50
PG01235,P100,4,confusion,3,2026-10-11T22:15:01
PG01236,P100,4,frustration,2,2026-10-11T22:15:15
PG01237,P100,5,confusion,4,2026-10-11T22:19:39
PG01238,P075,4,confusion,4,2026-10-11T22:28:54
PG01239,P075,4,confusion,3,2026-10-11T22:29:23
PG01240,P075,4,confusion,5,2026-10-11T22:29:33
PG01241,P075,4,confusion,4,2026-10-11T22:29:41
PG01242,P110,6,confusion,2,2026-10-11T22:32:18
PG01243,P116,6,interest,4,2026-10-11T22:32:55
PG01244,P116,6,interest,2,2026-10-11T22:33:00
PG01245,P110,6,confusion,2,2026-10-11T22:33:05
PG01246,P116,6,interest,2,2026-10-11T22:33:17
PG01247,P110,6,confusion,2,2026-10-11T22:34:11
PG01248,P116,7,confusion,3,2026-10-11T22:38:10
PG01249,P116,7,interest,3,2026-10-11T22:38:37
PG01250,P110,7,confusion,2,2026-10-11T22:40:32
PG01251,P110,7,confusion,3,2026-10-11T22:40:45
PG01252,P110,7,frustration,4,2026-10-11T22:40:46
PG01253,P116,8,confusion,4,2026-10-11T22:42:51
PG01254,P116,8,interest,3,2026-10-11T22:43:11
PG01255,P110,8,confusion,4,2026-10-11T22:47:33
PG01256,P157,2,interest,2,2026-10-11T23:28:25
PG01257,P157,2,frustration,4,2026-10-11T23:28:50
PG01258,P059,7,interest,3,2026-10-12T00:02:35
PG01259,P037,5,interest,5,2026-10-12T00:35:04
PG01260,P037,5,frustration,4,2026-10-12T00:35:07
PG01261,P037,5,interest,1,2026-10-12T00:35:24
PG01262,P037,6,interest,3,2026-10-12T00:36:59
PG01263,P037,6,interest,1,2026-10-12T00:37:17
PG01264,P037,6,interest,3,2026-10-12T00:37:37
PG01265,P043,7,interest,3,2026-10-12T01:10:01
PG01266,P043,7,interest,4,2026-10-12T01:10:08
PG01267,P043,7,frustration,1,2026-10-12T01:10:18
PG01268,P043,8,interest,2,2026-10-12T01:13:25
PG01269,P020,7,confusion,3,2026-10-12T02:28:59
PG01270,P020,7,confusion,3,2026-10-12T02:29:05
PG01271,P020,7,confusion,3,2026-10-12T02:29:15
PG01272,P020,8,confusion,3,2026-10-12T02:33:10
PG01273,P020,8,confusion,5,2026-10-12T02:38:01
PG01274,P054,6,confusion,3,2026-10-12T04:02:09
PG01275,P035,2,interest,4,2026-10-12T04:15:25
PG01276,P035,3,interest,3,2026-10-12T04:16:54
PG01277,P035,3,interest,5,2026-10-12T04:17:01
PG01278,P035,3,confusion,2,2026-10-12T04:17:27
PG01279,P035,4,interest,4,2026-10-12T04:19:31
PG01280,P085,6,interest,2,2026-10-12T04:33:07
PG01281,P085,6,interest,3,2026-10-12T04:33:13
PG01282,P085,6,interest,2,2026-10-12T04:33:17
PG01283,P126,5,interest,2,2026-10-12T04:39:06
PG01284,P126,5,confusion,3,2026-10-12T04:39:48
PG01285,P126,5,confusion,4,2026-10-12T04:40:10
PG01286,P025,4,interest,2,2026-10-12T05:48:37
PG01287,P025,4,interest,3,2026-10-12T05:50:43
PG01288,P025,4,interest,3,2026-10-12T05:52:18
PG01289,P025,5,interest,3,2026-10-12T05:56:44
PG01290,P025,5,interest,2,2026-10-12T05:57:19
PG01291,P025,5,interest,4,2026-10-12T05:57:23
PG01292,P100,6,confusion,5,2026-10-12T06:27:07
PG01293,P100,7,confusion,4,2026-10-12T06:29:08
PG01294,P100,7,confusion,3,2026-10-12T06:30:25
PG01295,P007,4,confusion,2,2026-10-12T06:53:30
PG01296,P007,4,confusion,2,2026-10-12T06:54:23
PG01297,P138,1,interest,3,2026-10-12T08:16:19
PG01298,P138,1,interest,2,2026-10-12T08:16:25
PG01299,P138,2,interest,2,2026-10-12T08:19:05
PG01300,P138,2,boredom,3,2026-10-12T08:19:40
PG01301,P138,2,interest,2,2026-10-12T08:19:48
PG01302,P138,3,confusion,4,2026-10-12T08:21:55
PG01303,P138,3,confusion,5,2026-10-12T08:22:02
PG01304,P138,3,confusion,3,2026-10-12T08:22:13
PG01305,P088,1,frustration,2,2026-10-12T08:33:58
PG01306,P148,1,interest,3,2026-10-12T08:50:33
PG01307,P148,1,confusion,3,2026-10-12T08:50:58
PG01308,P148,1,confusion,2,2026-10-12T08:51:04
PG01309,P102,1,frustration,2,2026-10-12T08:52:27
PG01310,P148,2,confusion,4,2026-10-12T08:53:03
PG01311,P148,2,confusion,2,2026-10-12T08:53:35
PG01312,P148,2,confusion,3,2026-10-12T08:54:43
PG01313,P148,3,interest,3,2026-10-12T08:58:01
PG01314,P148,3,interest,3,2026-10-12T08:59:34
PG01315,P098,7,confusion,4,2026-10-12T08:59:41
PG01316,P148,3,frustration,2,2026-10-12T08:59:57
PG01317,P098,7,interest,3,2026-10-12T09:00:09
PG01318,P098,7,interest,2,2026-10-12T09:00:38
PG01319,P098,8,confusion,3,2026-10-12T09:01:59
PG01320,P098,8,confusion,4,2026-10-12T09:02:31
PG01321,P058,1,confusion,2,2026-10-12T09:21:29
PG01322,P058,1,confusion,2,2026-10-12T09:22:04
PG01323,P058,1,confusion,3,2026-10-12T09:22:30
PG01324,P174,1,frustration,1,2026-10-12T09:31:38
PG01325,P174,1,confusion,4,2026-10-12T09:31:46
PG01326,P174,1,interest,2,2026-10-12T09:32:07
PG01327,P174,2,confusion,4,2026-10-12T09:32:40
PG01328,P174,2,frustration,5,2026-10-12T09:32:42
PG01329,P174,2,confusion,3,2026-10-12T09:32:56
PG01330,P065,1,interest,3,2026-10-12T09:42:06
PG01331,P065,2,boredom,1,2026-10-12T09:46:13
PG01332,P092,1,interest,3,2026-10-12T09:47:03
PG01333,P092,1,interest,3,2026-10-12T09:47:13
PG01334,P092,1,interest,4,2026-10-12T09:47:35
PG01335,P065,2,interest,4,2026-10-12T09:48:39
PG01336,P092,2,interest,2,2026-10-12T09:50:34
PG01337,P061,1,confusion,2,2026-10-12T09:52:53
PG01338,P065,3,confusion,3,2026-10-12T09:53:32
PG01339,P171,1,confusion,2,2026-10-12T09:57:40
PG01340,P171,1,frustration,3,2026-10-12T09:58:16
PG01341,P171,1,confusion,1,2026-10-12T09:58:33
PG01342,P057,1,frustration,4,2026-10-12T10:01:44
PG01343,P097,1,interest,3,2026-10-12T10:03:42
PG01344,P097,1,frustration,2,2026-10-12T10:03:50
PG01345,P090,8,frustration,4,2026-10-12T10:06:58
PG01346,P097,2,interest,3,2026-10-12T10:07:02
PG01347,P097,2,interest,3,2026-10-12T10:07:03
PG01348,P090,8,frustration,3,2026-10-12T10:07:19
PG01349,P097,3,interest,3,2026-10-12T10:08:12
PG01350,P097,3,interest,4,2026-10-12T10:08:30
PG01351,P097,3,interest,5,2026-10-12T10:08:35
PG01352,P097,4,confusion,3,2026-10-12T10:12:18
PG01353,P097,4,confusion,4,2026-10-12T10:13:22
PG01354,P097,4,confusion,5,2026-10-12T10:13:34
PG01355,P131,3,confusion,3,2026-10-12T10:22:30
PG01356,P131,3,frustration,3,2026-10-12T10:25:49
PG01357,P131,3,boredom,1,2026-10-12T10:25:51
PG01358,P080,1,confusion,4,2026-10-12T10:26:08
PG01359,P080,1,boredom,3,2026-10-12T10:26:23
PG01360,P080,1,confusion,2,2026-10-12T10:26:26
PG01361,P131,4,confusion,5,2026-10-12T10:28:45
PG01362,P131,4,frustration,4,2026-10-12T10:29:38
PG01363,P157,3,frustration,4,2026-10-12T10:31:51
PG01364,P157,3,frustration,2,2026-10-12T10:32:52
PG01365,P157,3,interest,5,2026-10-12T10:32:52
PG01366,P131,4,confusion,4,2026-10-12T10:34:11
PG01367,P157,4,frustration,5,2026-10-12T10:39:24
PG01368,P157,4,confusion,4,2026-10-12T10:39:38
PG01369,P157,4,frustration,4,2026-10-12T10:39:46
PG01370,P131,5,confusion,2,2026-10-12T10:39:50
PG01371,P131,5,frustration,3,2026-10-12T10:40:07
PG01372,P106,1,interest,4,2026-10-12T10:40:47
PG01373,P106,1,interest,4,2026-10-12T10:41:28
PG01374,P106,2,interest,3,2026-10-12T10:43:46
PG01375,P106,2,interest,3,2026-10-12T10:44:24
PG01376,P121,1,confusion,2,2026-10-12T10:53:03
PG01377,P121,1,interest,3,2026-10-12T10:53:25
PG01378,P121,1,interest,3,2026-10-12T10:53:30
PG01379,P013,5,interest,2,2026-10-12T11:11:01
PG01380,P154,2,interest,3,2026-10-12T11:20:02
PG01381,P094,8,interest,4,2026-10-12T11:21:42
PG01382,P154,3,interest,4,2026-10-12T11:21:56
PG01383,P154,4,frustration,4,2026-10-12T11:24:57
PG01384,P154,4,confusion,2,2026-10-12T11:25:22
PG01385,P104,1,confusion,3,2026-10-12T11:27:17
PG01386,P009,6,interest,3,2026-10-12T11:36:01
PG01387,P193,5,confusion,2,2026-10-12T11:39:24
PG01388,P193,5,confusion,4,2026-10-12T11:39:31
PG01389,P193,5,confusion,5,2026-10-12T11:40:09
PG01390,P010,2,interest,3,2026-10-12T11:54:28
PG01391,P010,3,interest,1,2026-10-12T11:58:25
PG01392,P010,3,interest,2,2026-10-12T11:59:48
PG01393,P010,3,boredom,1,2026-10-12T12:00:07
PG01394,P010,4,confusion,4,2026-10-12T12:05:48
PG01395,P010,5,interest,2,2026-10-12T12:09:48
PG01396,P010,5,interest,4,2026-10-12T12:09:57
PG01397,P010,5,confusion,4,2026-10-12T12:10:10
PG01398,P147,7,confusion,5,2026-10-12T12:21:22
PG01399,P147,7,interest,2,2026-10-12T12:21:36
PG01400,P147,7,interest,3,2026-10-12T12:21:51
PG01401,P081,1,confusion,4,2026-10-12T12:24:56
PG01402,P081,1,confusion,2,2026-10-12T12:25:17
PG01403,P081,1,confusion,3,2026-10-12T12:26:32
PG01404,P081,2,confusion,2,2026-10-12T12:29:35
PG01405,P016,4,interest,2,2026-10-12T12:31:28
PG01406,P016,4,interest,4,2026-10-12T12:31:40
PG01407,P016,4,frustration,3,2026-10-12T12:32:31
PG01408,P016,5,interest,2,2026-10-12T12:39:00
PG01409,P016,6,interest,3,2026-10-12T12:40:31
PG01410,P016,6,interest,2,2026-10-12T12:40:41
PG01411,P016,7,frustration,3,2026-10-12T12:44:21
PG01412,P018,1,interest,1,2026-10-12T12:46:07
PG01413,P018,1,confusion,2,2026-10-12T12:46:09
PG01414,P018,1,interest,4,2026-10-12T12:46:23
PG01415,P016,8,interest,2,2026-10-12T12:47:47
PG01416,P016,8,interest,3,2026-10-12T12:48:10
PG01417,P016,8,interest,2,2026-10-12T12:48:25
PG01418,P182,1,confusion,2,2026-10-12T12:57:32
PG01419,P167,1,frustration,2,2026-10-12T13:04:07
PG01420,P167,2,confusion,2,2026-10-12T13:06:31
PG01421,P167,2,confusion,3,2026-10-12T13:07:20
PG01422,P167,3,boredom,4,2026-10-12T13:11:16
PG01423,P062,1,frustration,3,2026-10-12T13:11:35
PG01424,P167,3,boredom,4,2026-10-12T13:12:39
PG01425,P167,3,interest,1,2026-10-12T13:17:46
PG01426,P167,4,confusion,3,2026-10-12T13:22:47
PG01427,P167,4,confusion,2,2026-10-12T13:24:51
PG01428,P141,1,interest,3,2026-10-12T13:25:03
PG01429,P141,1,boredom,2,2026-10-12T13:25:06
PG01430,P141,1,frustration,4,2026-10-12T13:25:25
PG01431,P123,1,confusion,3,2026-10-12T13:40:50
PG01432,P123,1,frustration,4,2026-10-12T13:41:02
PG01433,P123,1,interest,2,2026-10-12T13:41:10
PG01434,P181,1,confusion,3,2026-10-12T13:56:20
PG01435,P181,1,confusion,3,2026-10-12T13:56:39
PG01436,P181,1,confusion,3,2026-10-12T13:56:53
PG01437,P181,2,confusion,3,2026-10-12T14:01:44
PG01438,P033,1,interest,2,2026-10-12T14:07:16
PG01439,P033,1,confusion,2,2026-10-12T14:07:42
PG01440,P033,2,interest,3,2026-10-12T14:12:13
PG01441,P184,1,interest,2,2026-10-12T14:12:15
PG01442,P006,1,confusion,3,2026-10-12T14:12:37
PG01443,P184,1,frustration,3,2026-10-12T14:12:51
PG01444,P184,1,interest,2,2026-10-12T14:12:55
PG01445,P006,1,frustration,1,2026-10-12T14:13:00
PG01446,P006,1,confusion,3,2026-10-12T14:13:21
PG01447,P033,3,interest,2,2026-10-12T14:14:07
PG01448,P184,2,interest,3,2026-10-12T14:14:32
PG01449,P052,4,interest,2,2026-10-12T14:14:55
PG01450,P052,4,frustration,5,2026-10-12T14:15:35
PG01451,P151,1,confusion,4,2026-10-12T14:27:47
PG01452,P151,1,confusion,2,2026-10-12T14:27:53
PG01453,P151,1,confusion,2,2026-10-12T14:28:13
PG01454,P189,1,confusion,3,2026-10-12T14:31:34
PG01455,P189,1,interest,5,2026-10-12T14:31:49
PG01456,P189,2,interest,4,2026-10-12T14:35:33
PG01457,P189,2,interest,3,2026-10-12T14:35:47
PG01458,P189,3,interest,5,2026-10-12T14:39:00
PG01459,P189,3,confusion,2,2026-10-12T14:39:14
PG01460,P189,3,interest,2,2026-10-12T14:39:51
PG01461,P060,1,confusion,3,2026-10-12T14:46:53
PG01462,P060,1,interest,3,2026-10-12T14:47:30
PG01463,P177,3,boredom,1,2026-10-12T15:07:30
PG01464,P177,3,confusion,4,2026-10-12T15:08:00
PG01465,P177,3,confusion,5,2026-10-12T15:08:21
PG01466,P035,5,interest,3,2026-10-12T15:20:52
PG01467,P035,5,interest,3,2026-10-12T15:21:18
PG01468,P035,5,interest,4,2026-10-12T15:21:31
PG01469,P035,6,confusion,2,2026-10-12T15:23:59
PG01470,P035,6,interest,3,2026-10-12T15:24:13
PG01471,P035,6,interest,3,2026-10-12T15:24:16
PG01472,P100,8,confusion,3,2026-10-12T15:36:55
PG01473,P175,3,interest,3,2026-10-12T15:38:00
PG01474,P138,4,confusion,5,2026-10-12T17:25:27
PG01475,P138,5,confusion,3,2026-10-12T17:29:11
PG01476,P057,2,confusion,3,2026-10-12T18:04:51
PG01477,P057,2,confusion,3,2026-10-12T18:04:54
PG01478,P057,2,interest,3,2026-10-12T18:05:01
PG01479,P010,6,interest,3,2026-10-12T18:14:53
PG01480,P010,6,interest,2,2026-10-12T18:15:28
PG01481,P010,7,interest,3,2026-10-12T18:24:02
PG01482,P010,7,interest,2,2026-10-12T18:24:56
PG01483,P148,4,confusion,4,2026-10-12T19:03:49
PG01484,P173,2,confusion,2,2026-10-12T19:03:51
PG01485,P173,2,interest,3,2026-10-12T19:03:56
PG01486,P148,4,confusion,4,2026-10-12T19:04:16
PG01487,P173,3,frustration,5,2026-10-12T19:05:54
PG01488,P059,8,interest,1,2026-10-12T19:06:10
PG01489,P050,2,confusion,2,2026-10-12T20:20:08
PG01490,P050,2,confusion,5,2026-10-12T20:20:27
PG01491,P050,2,confusion,2,2026-10-12T20:20:37
PG01492,P050,2,frustration,3,2026-10-12T20:20:45
PG01493,P085,7,interest,3,2026-10-12T20:36:50
PG01494,P085,7,interest,4,2026-10-12T20:36:57
PG01495,P085,7,frustration,2,2026-10-12T20:37:11
PG01496,P085,8,interest,2,2026-10-12T20:38:15
PG01497,P085,8,interest,3,2026-10-12T20:38:15
PG01498,P085,8,frustration,2,2026-10-12T20:38:38
PG01499,P112,8,interest,3,2026-10-12T20:40:24
PG01500,P112,8,frustration,4,2026-10-12T20:41:01
PG01501,P112,8,confusion,4,2026-10-12T20:41:43
PG01502,P142,7,frustration,3,2026-10-12T20:46:51
PG01503,P142,8,interest,5,2026-10-12T20:50:07
PG01504,P142,8,interest,5,2026-10-12T20:50:50
PG01505,P081,3,confusion,5,2026-10-12T21:33:39
PG01506,P186,5,interest,2,2026-10-12T23:04:23
PG01507,P038,2,interest,4,2026-10-12T23:10:47
PG01508,P038,2,boredom,3,2026-10-12T23:10:58
PG01509,P038,2,interest,3,2026-10-12T23:11:26
PG01510,P038,3,interest,3,2026-10-12T23:13:27
PG01511,P038,3,frustration,4,2026-10-12T23:14:07
PG01512,P038,4,frustration,3,2026-10-12T23:15:58
PG01513,P038,4,confusion,3,2026-10-12T23:16:21
PG01514,P038,4,confusion,2,2026-10-12T23:16:37
PG01515,P199,4,confusion,3,2026-10-12T23:17:50
PG01516,P138,6,confusion,4,2026-10-12T23:32:03
PG01517,P121,2,interest,1,2026-10-12T23:59:26
PG01518,P076,3,interest,3,2026-10-13T00:03:49
PG01519,P076,3,interest,3,2026-10-13T00:04:03
PG01520,P076,4,interest,3,2026-10-13T00:08:21
PG01521,P076,4,interest,5,2026-10-13T00:08:31
PG01522,P076,5,interest,3,2026-10-13T00:13:43
PG01523,P076,6,interest,1,2026-10-13T00:16:44
PG01524,P076,6,interest,4,2026-10-13T00:16:57
PG01525,P076,6,interest,3,2026-10-13T00:17:30
PG01526,P184,3,frustration,4,2026-10-13T00:17:37
PG01527,P076,7,interest,4,2026-10-13T00:18:49
PG01528,P076,7,interest,4,2026-10-13T00:19:08
PG01529,P076,8,interest,3,2026-10-13T00:21:43
PG01530,P076,8,confusion,3,2026-10-13T00:21:43
PG01531,P147,8,interest,4,2026-10-13T01:24:53
PG01532,P147,8,interest,3,2026-10-13T01:25:17
PG01533,P092,3,interest,4,2026-10-13T01:53:01
PG01534,P092,4,confusion,1,2026-10-13T01:56:19
PG01535,P171,2,interest,3,2026-10-13T02:00:52
PG01536,P171,2,interest,4,2026-10-13T02:01:05
PG01537,P171,2,interest,4,2026-10-13T02:01:33
PG01538,P171,3,interest,2,2026-10-13T02:03:47
PG01539,P171,3,interest,2,2026-10-13T02:03:48
PG01540,P171,3,frustration,4,2026-10-13T02:04:20
PG01541,P037,7,confusion,2,2026-10-13T02:38:57
PG01542,P037,7,confusion,2,2026-10-13T02:39:25
PG01543,P037,8,boredom,2,2026-10-13T02:40:20
PG01544,P037,8,boredom,2,2026-10-13T02:41:02
PG01545,P123,2,interest,2,2026-10-13T02:42:15
PG01546,P123,3,interest,2,2026-10-13T02:46:14
PG01547,P123,3,interest,3,2026-10-13T02:46:40
PG01548,P123,3,interest,3,2026-10-13T02:46:40
PG01549,P062,2,interest,4,2026-10-13T03:13:12
PG01550,P062,2,boredom,2,2026-10-13T03:13:16
PG01551,P062,2,frustration,3,2026-10-13T03:13:48
PG01552,P193,6,confusion,4,2026-10-13T03:42:55
PG01553,P193,6,confusion,4,2026-10-13T03:43:17
PG01554,P193,6,confusion,3,2026-10-13T03:44:12
PG01555,P186,6,interest,3,2026-10-13T05:05:24
PG01556,P186,6,interest,3,2026-10-13T05:05:42
PG01557,P186,7,interest,4,2026-10-13T05:09:51
PG01558,P186,7,interest,2,2026-10-13T05:10:03
PG01559,P186,7,interest,4,2026-10-13T05:10:27
PG01560,P186,8,interest,3,2026-10-13T05:19:57
PG01561,P186,8,interest,1,2026-10-13T05:20:24
PG01562,P106,3,interest,1,2026-10-13T05:44:48
PG01563,P106,4,frustration,2,2026-10-13T05:48:28
PG01564,P182,2,confusion,4,2026-10-13T06:00:56
PG01565,P182,2,confusion,2,2026-10-13T06:01:07
PG01566,P003,1,interest,4,2026-10-13T08:04:38
PG01567,P003,1,confusion,3,2026-10-13T08:05:05
PG01568,P003,1,boredom,3,2026-10-13T08:05:26
PG01569,P166,1,confusion,2,2026-10-13T08:21:35
PG01570,P166,2,interest,4,2026-10-13T08:24:35
PG01571,P023,1,interest,4,2026-10-13T08:26:44
PG01572,P023,1,confusion,1,2026-10-13T08:27:26
PG01573,P166,3,interest,3,2026-10-13T08:28:16
PG01574,P166,3,interest,3,2026-10-13T08:28:50
PG01575,P166,4,confusion,2,2026-10-13T08:30:55
PG01576,P023,2,confusion,4,2026-10-13T08:31:41
PG01577,P023,2,frustration,3,2026-10-13T08:31:42
PG01578,P166,5,interest,1,2026-10-13T08:34:51
PG01579,P166,5,interest,2,2026-10-13T08:35:31
PG01580,P166,5,interest,3,2026-10-13T08:35:42
PG01581,P021,1,interest,2,2026-10-13T08:41:58
PG01582,P021,1,interest,3,2026-10-13T08:42:17
PG01583,P021,1,interest,2,2026-10-13T08:42:23
PG01584,P021,2,confusion,3,2026-10-13T08:43:05
PG01585,P021,2,confusion,2,2026-10-13T08:43:22
PG01586,P149,1,interest,2,2026-10-13T08:47:33
PG01587,P122,1,interest,3,2026-10-13T08:48:35
PG01588,P122,1,frustration,1,2026-10-13T08:48:53
PG01589,P122,1,frustration,4,2026-10-13T08:48:59
PG01590,P018,2,frustration,4,2026-10-13T08:49:12
PG01591,P149,2,interest,4,2026-10-13T08:49:22
PG01592,P149,2,interest,3,2026-10-13T08:49:25
PG01593,P149,2,interest,1,2026-10-13T08:49:26
PG01594,P018,2,interest,4,2026-10-13T08:49:35
PG01595,P149,3,frustration,5,2026-10-13T08:51:48
PG01596,P149,3,interest,3,2026-10-13T08:52:04
PG01597,P149,4,frustration,4,2026-10-13T08:53:37
PG01598,P149,5,boredom,1,2026-10-13T08:55:24
PG01599,P149,5,boredom,3,2026-10-13T08:55:29
PG01600,P149,5,confusion,4,2026-10-13T08:55:42
PG01601,P095,1,boredom,3,2026-10-13T09:21:15
PG01602,P164,1,interest,3,2026-10-13T09:22:53
PG01603,P164,2,interest,2,2026-10-13T09:25:55
PG01604,P035,7,interest,3,2026-10-13T09:26:38
PG01605,P053,1,boredom,2,2026-10-13T09:26:41
PG01606,P164,3,interest,4,2026-10-13T09:27:00
PG01607,P035,7,interest,3,2026-10-13T09:27:16
PG01608,P164,3,interest,2,2026-10-13T09:27:16
PG01609,P164,3,frustration,4,2026-10-13T09:27:31
PG01610,P035,8,interest,2,2026-10-13T09:27:57
PG01611,P035,8,interest,3,2026-10-13T09:28:27
PG01612,P035,8,interest,4,2026-10-13T09:28:32
PG01613,P164,4,frustration,3,2026-10-13T09:29:19
PG01614,P164,4,confusion,4,2026-10-13T09:29:23
PG01615,P164,4,confusion,3,2026-10-13T09:29:41
PG01616,P164,4,confusion,5,2026-10-13T09:30:17
PG01617,P029,1,confusion,3,2026-10-13T09:32:22
PG01618,P113,1,interest,4,2026-10-13T09:35:20
PG01619,P113,1,interest,3,2026-10-13T09:35:57
PG01620,P113,1,interest,3,2026-10-13T09:37:04
PG01621,P113,2,confusion,2,2026-10-13T09:42:29
PG01622,P113,2,interest,5,2026-10-13T09:43:03
PG01623,P191,1,frustration,2,2026-10-13T09:44:25
PG01624,P191,1,interest,2,2026-10-13T09:44:45
PG01625,P191,2,confusion,4,2026-10-13T09:48:53
PG01626,P191,2,interest,3,2026-10-13T09:49:13
PG01627,P125,1,confusion,3,2026-10-13T09:49:56
PG01628,P125,1,frustration,2,2026-10-13T09:51:39
PG01629,P191,3,confusion,3,2026-10-13T09:51:42
PG01630,P191,3,confusion,3,2026-10-13T09:51:46
PG01631,P191,3,confusion,5,2026-10-13T09:52:26
PG01632,P125,2,interest,3,2026-10-13T09:54:16
PG01633,P125,2,boredom,1,2026-10-13T09:54:55
PG01634,P125,2,frustration,3,2026-10-13T09:54:56
PG01635,P125,3,confusion,2,2026-10-13T09:57:54
PG01636,P125,3,boredom,2,2026-10-13T09:58:03
PG01637,P181,3,confusion,3,2026-10-13T10:08:12
PG01638,P181,3,interest,2,2026-10-13T10:09:59
PG01639,P181,3,frustration,3,2026-10-13T10:11:04
PG01640,P049,1,boredom,2,2026-10-13T10:12:20
PG01641,P049,1,interest,1,2026-10-13T10:12:43
PG01642,P049,1,interest,1,2026-10-13T10:12:50
PG01643,P181,4,frustration,3,2026-10-13T10:16:31
PG01644,P049,2,interest,4,2026-10-13T10:17:43
PG01645,P181,4,confusion,3,2026-10-13T10:19:39
PG01646,P181,4,confusion,4,2026-10-13T10:22:04
PG01647,P047,1,boredom,2,2026-10-13T10:30:25
PG01648,P047,1,interest,2,2026-10-13T10:31:09
PG01649,P056,1,interest,3,2026-10-13T10:38:39
PG01650,P056,2,interest,3,2026-10-13T10:39:34
PG01651,P042,1,interest,3,2026-10-13T10:45:56
PG01652,P121,3,interest,1,2026-10-13T11:04:38
PG01653,P121,3,interest,4,2026-10-13T11:04:47
PG01654,P121,3,interest,4,2026-10-13T11:04:57
PG01655,P188,1,confusion,3,2026-10-13T11:26:46
PG01656,P145,1,interest,3,2026-10-13T11:27:20
PG01657,P188,1,confusion,2,2026-10-13T11:27:29
PG01658,P143,1,frustration,2,2026-10-13T11:29:59
PG01659,P143,1,boredom,3,2026-10-13T11:30:49
PG01660,P091,1,confusion,4,2026-10-13T11:44:14
PG01661,P091,1,confusion,3,2026-10-13T11:44:21
PG01662,P055,1,confusion,1,2026-10-13T11:50:34
PG01663,P055,1,interest,2,2026-10-13T11:51:09
PG01664,P055,2,interest,4,2026-10-13T11:53:48
PG01665,P168,1,interest,2,2026-10-13T12:19:54
PG01666,P168,1,interest,3,2026-10-13T12:19:56
PG01667,P168,1,confusion,1,2026-10-13T12:20:02
PG01668,P028,1,frustration,1,2026-10-13T12:23:14
PG01669,P028,1,frustration,3,2026-10-13T12:23:58
PG01670,P005,1,interest,3,2026-10-13T12:25:54
PG01671,P005,1,interest,3,2026-10-13T12:26:01
PG01672,P028,2,interest,3,2026-10-13T12:26:35
PG01673,P005,1,frustration,2,2026-10-13T12:26:41
PG01674,P028,2,confusion,5,2026-10-13T12:27:04
PG01675,P028,3,interest,2,2026-10-13T12:29:10
PG01676,P028,3,interest,4,2026-10-13T12:29:45
PG01677,P005,2,interest,3,2026-10-13T12:29:51
PG01678,P005,3,interest,3,2026-10-13T12:31:15
PG01679,P028,4,confusion,3,2026-10-13T12:31:23
PG01680,P028,4,frustration,2,2026-10-13T12:31:28
PG01681,P005,3,interest,3,2026-10-13T12:31:29
PG01682,P028,4,confusion,3,2026-10-13T12:31:37
PG01683,P044,1,confusion,3,2026-10-13T12:54:42
PG01684,P044,1,interest,4,2026-10-13T12:55:14
PG01685,P044,1,confusion,4,2026-10-13T12:55:34
PG01686,P173,4,frustration,5,2026-10-13T13:07:49
PG01687,P154,5,interest,5,2026-10-13T13:27:19
PG01688,P115,1,interest,4,2026-10-13T13:29:09
PG01689,P141,2,interest,3,2026-10-13T13:29:35
PG01690,P040,1,confusion,2,2026-10-13T13:33:10
PG01691,P040,1,interest,2,2026-10-13T13:33:16
PG01692,P154,6,frustration,2,2026-10-13T13:33:53
PG01693,P046,1,confusion,3,2026-10-13T13:45:34
PG01694,P046,1,confusion,5,2026-10-13T13:45:38
PG01695,P046,2,frustration,4,2026-10-13T13:48:50
PG01696,P046,2,frustration,4,2026-10-13T13:49:23
PG01697,P046,2,frustration,4,2026-10-13T13:49:30
PG01698,P046,3,interest,2,2026-10-13T13:52:02
PG01699,P046,3,confusion,4,2026-10-13T13:52:22
PG01700,P046,4,interest,2,2026-10-13T13:57:18
PG01701,P046,4,interest,2,2026-10-13T13:59:15
PG01702,P025,6,interest,2,2026-10-13T13:59:43
PG01703,P025,6,interest,3,2026-10-13T13:59:46
PG01704,P025,6,boredom,1,2026-10-13T14:00:14
PG01705,P012,1,interest,2,2026-10-13T14:01:45
PG01706,P025,7,interest,5,2026-10-13T14:03:58
PG01707,P025,7,interest,3,2026-10-13T14:04:02
PG01708,P025,7,interest,3,2026-10-13T14:04:04
PG01709,P046,5,confusion,3,2026-10-13T14:05:23
PG01710,P046,5,frustration,4,2026-10-13T14:05:55
PG01711,P046,5,confusion,3,2026-10-13T14:05:57
PG01712,P054,7,confusion,3,2026-10-13T14:06:06
PG01713,P171,4,frustration,3,2026-10-13T14:06:42
PG01714,P054,7,frustration,2,2026-10-13T14:06:49
PG01715,P025,8,frustration,3,2026-10-13T14:06:57
PG01716,P171,4,frustration,2,2026-10-13T14:10:45
PG01717,P013,6,interest,3,2026-10-13T14:14:38
PG01718,P013,6,frustration,4,2026-10-13T14:14:42
PG01719,P013,6,interest,3,2026-10-13T14:14:48
PG01720,P013,7,interest,2,2026-10-13T14:19:05
PG01721,P161,1,interest,3,2026-10-13T14:19:55
PG01722,P161,1,confusion,3,2026-10-13T14:20:09
PG01723,P013,7,frustration,2,2026-10-13T14:20:27
PG01724,P013,7,interest,4,2026-10-13T14:20:29
PG01725,P161,2,frustration,3,2026-10-13T14:23:42
PG01726,P161,2,confusion,5,2026-10-13T14:24:28
PG01727,P161,3,confusion,2,2026-10-13T14:26:47
PG01728,P161,3,confusion,5,2026-10-13T14:27:10
PG01729,P153,1,interest,4,2026-10-13T14:52:34
PG01730,P153,1,interest,3,2026-10-13T14:53:01
PG01731,P153,2,frustration,2,2026-10-13T14:54:21
PG01732,P153,2,confusion,3,2026-10-13T14:54:24
PG01733,P006,2,confusion,4,2026-10-13T16:15:38
PG01734,P006,2,confusion,3,2026-10-13T16:15:54
PG01735,P006,2,confusion,2,2026-10-13T16:15:57
PG01736,P006,2,confusion,5,2026-10-13T16:16:08
PG01737,P081,4,confusion,4,2026-10-13T16:34:45
PG01738,P088,2,confusion,3,2026-10-13T16:36:53
PG01739,P088,2,confusion,5,2026-10-13T16:37:27
PG01740,P061,2,frustration,3,2026-10-13T16:55:53
PG01741,P061,2,confusion,5,2026-10-13T16:56:18
PG01742,P061,2,interest,4,2026-10-13T16:59:27
PG01743,P061,3,confusion,1,2026-10-13T17:02:46
PG01744,P061,3,frustration,4,2026-10-13T17:02:49
PG01745,P061,4,confusion,4,2026-10-13T17:05:44
PG01746,P061,4,confusion,3,2026-10-13T17:08:21
PG01747,P061,4,confusion,4,2026-10-13T17:09:49
PG01748,P062,3,confusion,3,2026-10-13T18:14:16
PG01749,P062,4,frustration,4,2026-10-13T18:18:25
PG01750,P062,4,interest,2,2026-10-13T18:18:31
PG01751,P062,4,frustration,3,2026-10-13T18:18:33
PG01752,P062,5,confusion,4,2026-10-13T18:23:32
PG01753,P062,6,interest,1,2026-10-13T18:27:01
PG01754,P062,6,confusion,3,2026-10-13T18:27:29
PG01755,P062,6,confusion,5,2026-10-13T18:27:30
PG01756,P062,7,confusion,2,2026-10-13T18:30:43
PG01757,P062,7,frustration,2,2026-10-13T18:30:46
PG01758,P189,4,frustration,3,2026-10-13T18:41:57
PG01759,P189,5,interest,4,2026-10-13T18:43:37
PG01760,P189,5,interest,3,2026-10-13T18:43:37
PG01761,P097,5,interest,3,2026-10-13T19:18:30
PG01762,P097,5,frustration,4,2026-10-13T19:18:30
PG01763,P097,6,interest,3,2026-10-13T19:20:48
PG01764,P097,6,interest,3,2026-10-13T19:21:15
PG01765,P097,7,interest,3,2026-10-13T19:24:35
PG01766,P097,7,interest,3,2026-10-13T19:26:10
PG01767,P005,4,interest,2,2026-10-13T19:34:31
PG01768,P005,4,confusion,4,2026-10-13T19:34:58
PG01769,P005,5,frustration,4,2026-10-13T19:38:31
PG01770,P005,5,frustration,3,2026-10-13T19:39:00
PG01771,P007,5,confusion,4,2026-10-13T19:58:06
PG01772,P007,5,interest,3,2026-10-13T19:59:10
PG01773,P007,6,confusion,2,2026-10-13T20:03:41
PG01774,P007,7,interest,2,2026-10-13T20:11:02
PG01775,P033,4,interest,4,2026-10-13T20:16:45
PG01776,P010,8,confusion,4,2026-10-13T20:27:26
PG01777,P010,8,confusion,4,2026-10-13T20:28:12
PG01778,P021,3,interest,1,2026-10-13T20:47:12
PG01779,P021,3,interest,3,2026-10-13T20:47:17
PG01780,P021,3,interest,2,2026-10-13T20:47:30
PG01781,P123,4,interest,2,2026-10-13T20:49:31
PG01782,P193,7,confusion,2,2026-10-13T20:49:44
PG01783,P123,4,frustration,3,2026-10-13T20:49:48
PG01784,P193,7,confusion,3,2026-10-13T20:50:26
PG01785,P193,7,confusion,4,2026-10-13T20:51:41
PG01786,P123,5,interest,3,2026-10-13T20:53:21
PG01787,P123,5,interest,3,2026-10-13T20:53:23
PG01788,P123,5,interest,4,2026-10-13T20:53:37
PG01789,P123,6,confusion,2,2026-10-13T20:56:00
PG01790,P123,6,interest,3,2026-10-13T20:56:17
PG01791,P123,7,frustration,3,2026-10-13T21:00:08
PG01792,P029,2,confusion,3,2026-10-13T21:38:10
PG01793,P029,2,confusion,2,2026-10-13T21:38:29
PG01794,P175,4,frustration,4,2026-10-13T21:41:08
PG01795,P175,4,frustration,2,2026-10-13T21:41:31
PG01796,P131,6,frustration,4,2026-10-13T21:42:18
PG01797,P029,3,frustration,3,2026-10-13T21:43:27
PG01798,P029,3,interest,4,2026-10-13T21:43:28
PG01799,P175,5,interest,4,2026-10-13T21:45:03
PG01800,P175,5,confusion,1,2026-10-13T21:45:17
PG01801,P175,5,interest,4,2026-10-13T21:45:39
PG01802,P131,6,confusion,4,2026-10-13T21:45:49
PG01803,P131,6,confusion,4,2026-10-13T21:45:55
PG01804,P091,2,confusion,4,2026-10-13T21:50:24
PG01805,P175,6,interest,3,2026-10-13T21:50:51
PG01806,P018,3,interest,5,2026-10-13T21:51:09
PG01807,P091,2,confusion,4,2026-10-13T21:52:42
PG01808,P175,6,interest,2,2026-10-13T21:54:47
PG01809,P175,6,interest,3,2026-10-13T21:56:39
PG01810,P188,2,interest,2,2026-10-13T22:30:18
PG01811,P188,2,interest,3,2026-10-13T22:30:43
PG01812,P188,2,interest,4,2026-10-13T22:30:56
PG01813,P182,3,confusion,2,2026-10-13T23:02:47
PG01814,P182,3,confusion,4,2026-10-13T23:03:46
PG01815,P092,5,interest,3,2026-10-13T23:57:34
PG01816,P092,5,interest,3,2026-10-13T23:57:51
PG01817,P054,8,confusion,2,2026-10-14T00:08:54
PG01818,P104,2,confusion,3,2026-10-14T02:29:09
PG01819,P053,2,confusion,5,2026-10-14T02:30:38
PG01820,P053,2,boredom,1,2026-10-14T02:30:43
PG01821,P104,3,confusion,5,2026-10-14T02:32:54
PG01822,P104,3,confusion,3,2026-10-14T02:32:54
PG01823,P104,3,boredom,2,2026-10-14T02:33:07
PG01824,P141,3,confusion,3,2026-10-14T03:33:37
PG01825,P166,6,frustration,4,2026-10-14T03:40:14
PG01826,P166,7,boredom,3,2026-10-14T03:42:14
PG01827,P166,7,boredom,3,2026-10-14T03:42:20
PG01828,P166,7,boredom,1,2026-10-14T03:42:49
PG01829,P166,8,interest,3,2026-10-14T03:46:19
PG01830,P166,8,frustration,2,2026-10-14T03:46:29
PG01831,P167,5,interest,3,2026-10-14T04:32:41
PG01832,P167,5,interest,3,2026-10-14T04:34:14
PG01833,P167,5,interest,3,2026-10-14T04:38:13
PG01834,P167,6,boredom,2,2026-10-14T04:43:32
PG01835,P042,2,confusion,3,2026-10-14T04:49:12
PG01836,P042,2,boredom,3,2026-10-14T04:49:55
PG01837,P060,2,confusion,3,2026-10-14T04:50:12
PG01838,P003,2,frustration,3,2026-10-14T05:06:18
PG01839,P003,2,confusion,5,2026-10-14T05:06:46
PG01840,P106,5,interest,2,2026-10-14T05:50:12
PG01841,P106,6,interest,2,2026-10-14T05:53:26
PG01842,P106,6,confusion,3,2026-10-14T05:54:10
PG01843,P106,7,interest,4,2026-10-14T05:55:35
PG01844,P106,8,interest,3,2026-10-14T05:57:16
PG01845,P199,5,confusion,5,2026-10-14T07:20:08
PG01846,P199,6,confusion,3,2026-10-14T07:22:46
PG01847,P199,6,confusion,3,2026-10-14T07:23:03
PG01848,P199,6,confusion,3,2026-10-14T07:23:14
PG01849,P138,7,frustration,2,2026-10-14T07:33:05
PG01850,P138,7,confusion,4,2026-10-14T07:34:58
PG01851,P138,7,confusion,4,2026-10-14T07:36:44
PG01852,P193,8,confusion,4,2026-10-14T08:01:49
PG01853,P193,8,confusion,3,2026-10-14T08:06:20
PG01854,P121,4,interest,2,2026-10-14T09:08:26
PG01855,P121,5,interest,2,2026-10-14T09:10:32
PG01856,P121,5,interest,4,2026-10-14T09:10:33
PG01857,P121,5,interest,4,2026-10-14T09:10:41
PG01858,P121,6,frustration,2,2026-10-14T09:13:27
PG01859,P121,6,interest,2,2026-10-14T09:14:09
PG01860,P040,2,interest,2,2026-10-14T09:34:54
PG01861,P040,2,interest,5,2026-10-14T09:36:18
PG01862,P040,2,confusion,2,2026-10-14T09:36:38
PG01863,P104,4,confusion,4,2026-10-14T09:38:19
PG01864,P040,3,boredom,1,2026-10-14T09:41:47
PG01865,P104,4,confusion,4,2026-10-14T09:42:18
PG01866,P040,3,boredom,1,2026-10-14T09:42:35
PG01867,P040,4,interest,2,2026-10-14T09:45:00
PG01868,P040,5,frustration,3,2026-10-14T09:46:46
PG01869,P040,5,interest,3,2026-10-14T09:47:47
PG01870,P040,5,frustration,1,2026-10-14T09:47:58
PG01871,P131,7,confusion,2,2026-10-14T09:53:30
PG01872,P131,7,confusion,2,2026-10-14T09:53:30
PG01873,P131,7,frustration,2,2026-10-14T09:53:31
PG01874,P131,8,confusion,3,2026-10-14T09:59:18
PG01875,P131,8,confusion,5,2026-10-14T10:00:12
PG01876,P131,8,confusion,4,2026-10-14T10:00:52
PG01877,P003,3,confusion,3,2026-10-14T11:11:01
PG01878,P003,3,boredom,2,2026-10-14T11:11:14
PG01879,P003,3,frustration,3,2026-10-14T11:11:17
PG01880,P141,4,frustration,2,2026-10-14T12:40:48
PG01881,P005,6,interest,2,2026-10-14T12:41:13
PG01882,P005,6,frustration,4,2026-10-14T12:41:37
PG01883,P042,3,interest,3,2026-10-14T12:52:10
PG01884,P042,4,confusion,2,2026-10-14T12:56:16
PG01885,P042,4,confusion,5,2026-10-14T12:56:45
PG01886,P042,5,confusion,3,2026-10-14T13:00:30
PG01887,P042,5,confusion,3,2026-10-14T13:00:33
PG01888,P042,6,confusion,4,2026-10-14T13:03:09
PG01889,P042,7,confusion,3,2026-10-14T13:04:46
PG01890,P042,7,confusion,2,2026-10-14T13:04:54
PG01891,P042,7,frustration,4,2026-10-14T13:05:00
PG01892,P042,8,confusion,5,2026-10-14T13:07:19
PG01893,P042,8,confusion,3,2026-10-14T13:07:45
PG01894,P115,2,interest,3,2026-10-14T13:32:07
PG01895,P115,3,confusion,4,2026-10-14T13:35:03
PG01896,P115,3,confusion,3,2026-10-14T13:35:25
PG01897,P115,4,confusion,5,2026-10-14T13:38:34
PG01898,P115,4,frustration,3,2026-10-14T13:39:46
PG01899,P115,4,frustration,5,2026-10-14T13:39:46
PG01900,P056,3,interest,4,2026-10-14T13:41:39
PG01901,P115,5,interest,5,2026-10-14T13:43:09
PG01902,P056,4,frustration,4,2026-10-14T13:46:14
PG01903,P113,3,interest,4,2026-10-14T13:46:42
PG01904,P113,3,interest,3,2026-10-14T13:47:12
PG01905,P056,4,frustration,4,2026-10-14T13:49:48
PG01906,P113,4,confusion,4,2026-10-14T13:56:48
PG01907,P113,5,confusion,3,2026-10-14T14:04:11
PG01908,P113,6,confusion,3,2026-10-14T14:08:38
PG01909,P038,5,confusion,3,2026-10-14T14:20:02
PG01910,P038,5,confusion,4,2026-10-14T14:20:04
PG01911,P038,5,confusion,4,2026-10-14T14:20:25
PG01912,P038,5,boredom,2,2026-10-14T14:20:36
PG01913,P053,3,interest,3,2026-10-14T14:32:07
PG01914,P053,4,frustration,4,2026-10-14T14:33:37
PG01915,P053,4,confusion,3,2026-10-14T14:34:02
PG01916,P053,4,confusion,3,2026-10-14T14:34:22
PG01917,P053,5,frustration,4,2026-10-14T14:39:35
PG01918,P053,5,confusion,3,2026-10-14T14:39:36
PG01919,P053,5,confusion,4,2026-10-14T14:40:06
PG01920,P081,5,confusion,3,2026-10-14T14:43:16
PG01921,P081,5,confusion,4,2026-10-14T14:43:59
PG01922,P081,5,confusion,1,2026-10-14T14:51:09
PG01923,P081,6,confusion,4,2026-10-14T14:53:45
PG01924,P081,6,confusion,5,2026-10-14T14:55:07
PG01925,P055,3,interest,2,2026-10-14T14:57:50
PG01926,P055,3,interest,2,2026-10-14T14:58:02
PG01927,P055,4,interest,4,2026-10-14T14:59:09
PG01928,P055,4,interest,3,2026-10-14T14:59:27
PG01929,P055,4,interest,5,2026-10-14T14:59:53
PG01930,P081,6,confusion,4,2026-10-14T15:00:28
PG01931,P055,5,interest,3,2026-10-14T15:02:59
PG01932,P055,6,interest,2,2026-10-14T15:06:51
PG01933,P055,7,interest,2,2026-10-14T15:09:04
PG01934,P055,7,interest,3,2026-10-14T15:09:10
PG01935,P055,7,interest,1,2026-10-14T15:09:32
PG01936,P171,5,confusion,3,2026-10-14T15:15:36
PG01937,P171,6,confusion,3,2026-10-14T15:19:12
PG01938,P171,6,interest,3,2026-10-14T15:19:43
PG01939,P095,2,confusion,4,2026-10-14T15:23:01
PG01940,P095,2,confusion,2,2026-10-14T15:23:28
PG01941,P095,2,interest,2,2026-10-14T15:23:37
PG01942,P171,7,frustration,4,2026-10-14T15:26:08
PG01943,P171,7,interest,3,2026-10-14T15:26:29
PG01944,P171,7,frustration,4,2026-10-14T15:27:00
PG01945,P088,3,interest,3,2026-10-14T15:39:39
PG01946,P088,3,interest,1,2026-10-14T15:39:43
PG01947,P175,7,frustration,3,2026-10-14T16:01:19
PG01948,P145,2,frustration,2,2026-10-14T16:31:00
PG01949,P149,6,confusion,2,2026-10-14T16:58:08
PG01950,P149,6,boredom,3,2026-10-14T16:58:48
PG01951,P149,7,interest,2,2026-10-14T17:00:49
PG01952,P029,4,confusion,4,2026-10-14T17:46:17
PG01953,P029,4,confusion,4,2026-10-14T17:47:11
PG01954,P199,7,interest,4,2026-10-14T18:25:38
PG01955,P199,7,confusion,4,2026-10-14T18:26:13
PG01956,P199,7,confusion,3,2026-10-14T18:26:26
PG01957,P189,6,frustration,2,2026-10-14T18:46:35
PG01958,P189,6,confusion,2,2026-10-14T18:46:38
PG01959,P189,6,interest,2,2026-10-14T18:47:04
PG01960,P047,2,confusion,2,2026-10-14T19:33:53
PG01961,P047,2,confusion,4,2026-10-14T19:34:01
PG01962,P047,2,frustration,1,2026-10-14T19:34:01
PG01963,P047,3,confusion,4,2026-10-14T19:36:15
PG01964,P047,3,confusion,3,2026-10-14T19:36:24
PG01965,P047,3,confusion,4,2026-10-14T19:36:34
PG01966,P012,2,interest,2,2026-10-14T20:02:32
PG01967,P005,7,interest,4,2026-10-14T20:45:13
PG01968,P005,7,frustration,4,2026-10-14T20:46:33
PG01969,P005,7,interest,3,2026-10-14T20:47:25
PG01970,P021,4,boredom,5,2026-10-14T20:48:08
PG01971,P021,4,interest,5,2026-10-14T20:48:26
PG01972,P021,4,interest,3,2026-10-14T20:48:34
PG01973,P005,8,interest,3,2026-10-14T20:51:12
PG01974,P005,8,frustration,4,2026-10-14T20:52:48
PG01975,P046,6,confusion,3,2026-10-14T21:08:01
PG01976,P046,6,confusion,4,2026-10-14T21:08:22
PG01977,P046,6,frustration,2,2026-10-14T21:08:57
PG01978,P046,6,confusion,4,2026-10-14T21:09:19
PG01979,P168,2,interest,2,2026-10-14T21:21:22
PG01980,P168,3,boredom,1,2026-10-14T21:22:26
PG01981,P168,3,interest,4,2026-10-14T21:22:42
PG01982,P168,3,interest,3,2026-10-14T21:23:11
PG01983,P023,3,interest,4,2026-10-14T21:34:00
PG01984,P181,5,interest,3,2026-10-14T21:34:22
PG01985,P181,5,frustration,3,2026-10-14T21:34:37
PG01986,P181,5,frustration,3,2026-10-14T21:34:59
PG01987,P181,6,interest,3,2026-10-14T21:39:59
PG01988,P181,6,confusion,4,2026-10-14T21:41:12
PG01989,P181,6,interest,4,2026-10-14T21:41:13
PG01990,P181,7,confusion,2,2026-10-14T21:45:31
PG01991,P181,7,interest,4,2026-10-14T21:50:50
PG01992,P181,7,frustration,5,2026-10-14T21:51:00
PG01993,P040,6,interest,1,2026-10-14T21:52:47
PG01994,P040,6,interest,2,2026-10-14T21:53:52
PG01995,P181,8,interest,3,2026-10-14T21:55:29
PG01996,P181,8,frustration,4,2026-10-14T21:55:50
PG01997,P040,7,confusion,5,2026-10-14T22:00:56
PG01998,P040,7,interest,2,2026-10-14T22:02:11
PG01999,P040,7,interest,5,2026-10-14T22:04:47
PG02000,P040,8,interest,4,2026-10-14T22:10:18
PG02001,P040,8,frustration,3,2026-10-14T22:12:35
PG02002,P049,3,frustration,3,2026-10-14T22:21:08
PG02003,P049,3,interest,3,2026-10-14T22:21:36
PG02004,P028,5,confusion,3,2026-10-14T22:35:32
PG02005,P028,5,confusion,2,2026-10-14T22:35:35
PG02006,P028,6,frustration,2,2026-10-14T22:38:47
PG02007,P028,6,confusion,4,2026-10-14T22:38:49
PG02008,P028,6,confusion,3,2026-10-14T22:39:03
PG02009,P028,6,frustration,3,2026-10-14T22:39:20
PG02010,P153,3,frustration,2,2026-10-14T22:56:39
PG02011,P097,8,interest,4,2026-10-15T00:30:49
PG02012,P097,8,interest,2,2026-10-15T00:30:53
PG02013,P097,8,interest,3,2026-10-15T00:31:39
PG02014,P154,7,frustration,2,2026-10-15T00:37:29
PG02015,P154,7,interest,3,2026-10-15T00:38:11
PG02016,P154,8,confusion,1,2026-10-15T00:41:58
PG02017,P056,5,confusion,1,2026-10-15T00:53:57
PG02018,P056,5,boredom,1,2026-10-15T00:54:02
PG02019,P056,5,interest,4,2026-10-15T00:54:20
PG02020,P056,6,interest,2,2026-10-15T00:56:03
PG02021,P013,8,interest,3,2026-10-15T01:25:52
PG02022,P013,8,interest,2,2026-10-15T01:26:43
PG02023,P018,4,confusion,2,2026-10-15T02:54:06
PG02024,P018,4,confusion,1,2026-10-15T02:54:40
PG02025,P095,3,interest,3,2026-10-15T03:26:40
PG02026,P095,4,interest,3,2026-10-15T03:31:20
PG02027,P095,4,frustration,4,2026-10-15T03:31:45
PG02028,P095,5,interest,3,2026-10-15T03:35:37
PG02029,P095,5,interest,4,2026-10-15T03:36:07
PG02030,P033,5,interest,4,2026-10-15T05:20:40
PG02031,P033,5,confusion,2,2026-10-15T05:20:41
PG02032,P033,5,interest,3,2026-10-15T05:21:05
PG02033,P033,6,interest,4,2026-10-15T05:22:12
PG02034,P033,6,interest,3,2026-10-15T05:22:26
PG02035,P033,6,interest,2,2026-10-15T05:22:34
PG02036,P029,5,confusion,4,2026-10-15T08:55:46
PG02037,P029,5,interest,4,2026-10-15T08:55:56
PG02038,P007,8,interest,3,2026-10-15T09:17:34
PG02039,P007,8,interest,3,2026-10-15T09:17:40
PG02040,P007,8,interest,3,2026-10-15T09:18:13
PG02041,P121,7,interest,4,2026-10-15T09:20:33
PG02042,P021,5,interest,3,2026-10-15T09:52:56
PG02043,P021,5,interest,3,2026-10-15T09:53:47
PG02044,P021,6,confusion,2,2026-10-15T09:55:20
PG02045,P021,6,interest,4,2026-10-15T09:55:57
PG02046,P021,6,frustration,2,2026-10-15T09:56:13
PG02047,P138,8,confusion,3,2026-10-15T10:41:01
PG02048,P138,8,confusion,3,2026-10-15T10:41:36
PG02049,P060,3,confusion,4,2026-10-15T11:53:32
PG02050,P060,3,confusion,3,2026-10-15T11:53:57
PG02051,P060,4,confusion,4,2026-10-15T11:56:02
PG02052,P060,4,confusion,4,2026-10-15T11:58:44
PG02053,P113,7,confusion,5,2026-10-15T13:11:09
PG02054,P188,3,interest,2,2026-10-15T13:32:12
PG02055,P188,4,interest,5,2026-10-15T13:35:42
PG02056,P188,4,confusion,4,2026-10-15T13:36:43
PG02057,P188,4,frustration,2,2026-10-15T13:36:52
PG02058,P095,6,interest,4,2026-10-15T13:38:30
PG02059,P095,6,boredom,3,2026-10-15T13:38:54
PG02060,P149,8,boredom,1,2026-10-15T14:03:59
PG02061,P149,8,interest,3,2026-10-15T14:04:17
PG02062,P141,5,boredom,2,2026-10-15T14:45:50
PG02063,P141,5,interest,4,2026-10-15T14:47:02
PG02064,P167,7,boredom,2,2026-10-15T14:49:45
PG02065,P141,6,confusion,4,2026-10-15T14:51:31
PG02066,P141,6,interest,2,2026-10-15T14:51:56
PG02067,P092,6,interest,3,2026-10-15T14:59:40
PG02068,P092,6,interest,4,2026-10-15T15:00:09
PG02069,P092,7,boredom,1,2026-10-15T15:02:13
PG02070,P092,7,interest,3,2026-10-15T15:02:28
PG02071,P167,8,interest,2,2026-10-15T15:02:50
PG02072,P092,7,interest,3,2026-10-15T15:02:55
PG02073,P092,8,boredom,2,2026-10-15T15:04:24
PG02074,P012,3,frustration,3,2026-10-15T16:03:23
PG02075,P012,3,interest,4,2026-10-15T16:03:32
PG02076,P012,3,boredom,2,2026-10-15T16:04:05
PG02077,P055,8,interest,4,2026-10-15T17:10:19
PG02078,P055,8,interest,3,2026-10-15T17:10:38
PG02079,P055,8,interest,3,2026-10-15T17:10:57
PG02080,P168,4,confusion,4,2026-10-15T17:24:32
PG02081,P168,5,interest,3,2026-10-15T17:27:23
PG02082,P168,5,interest,1,2026-10-15T17:27:30
PG02083,P168,5,interest,3,2026-10-15T17:27:33
PG02084,P168,6,interest,3,2026-10-15T17:29:54
PG02085,P175,8,boredom,2,2026-10-15T20:08:26
PG02086,P023,4,confusion,5,2026-10-15T20:35:31
PG02087,P023,4,confusion,5,2026-10-15T20:36:48
PG02088,P023,4,confusion,3,2026-10-15T20:38:17
PG02089,P023,4,confusion,3,2026-10-15T20:39:35
PG02090,P188,5,interest,5,2026-10-15T21:45:35
PG02091,P188,5,confusion,3,2026-10-15T21:45:43
PG02092,P018,5,interest,4,2026-10-15T22:04:03
PG02093,P018,6,confusion,1,2026-10-15T22:06:06
PG02094,P018,6,frustration,3,2026-10-15T22:06:20
PG02095,P018,6,frustration,2,2026-10-15T22:07:03
PG02096,P018,7,interest,5,2026-10-15T22:14:36
PG02097,P018,7,boredom,1,2026-10-15T22:14:54
PG02098,P033,7,interest,3,2026-10-16T02:25:48
PG02099,P033,7,interest,2,2026-10-16T02:26:00
PG02100,P033,7,interest,4,2026-10-16T02:26:11
PG02101,P145,3,confusion,2,2026-10-16T02:31:45
PG02102,P145,3,confusion,4,2026-10-16T02:32:11
PG02103,P033,8,interest,3,2026-10-16T02:32:33
PG02104,P145,4,frustration,3,2026-10-16T02:34:59
PG02105,P145,4,confusion,5,2026-10-16T02:35:34
PG02106,P121,8,interest,4,2026-10-16T03:22:46
PG02107,P115,6,interest,5,2026-10-16T03:47:17
PG02108,P115,7,frustration,4,2026-10-16T03:52:43
PG02109,P115,7,interest,1,2026-10-16T03:53:05
PG02110,P012,4,frustration,4,2026-10-16T05:05:17
PG02111,P012,4,confusion,1,2026-10-16T05:05:18
PG02112,P012,5,frustration,3,2026-10-16T05:07:43
PG02113,P012,5,interest,4,2026-10-16T05:08:23
PG02114,P012,6,interest,2,2026-10-16T05:11:14
PG02115,P012,6,frustration,2,2026-10-16T05:11:33
PG02116,P012,6,interest,3,2026-10-16T05:11:55
PG02117,P012,7,interest,3,2026-10-16T05:13:04
PG02118,P012,8,frustration,1,2026-10-16T05:16:18
PG02119,P171,8,frustration,3,2026-10-16T05:31:21
PG02120,P088,4,interest,3,2026-10-16T05:43:41
PG02121,P088,4,frustration,2,2026-10-16T05:43:48
PG02122,P189,7,interest,4,2026-10-16T07:49:01
PG02123,P189,7,interest,2,2026-10-16T07:50:37
PG02124,P189,7,frustration,4,2026-10-16T07:51:50
PG02125,P153,4,interest,2,2026-10-16T09:00:25
PG02126,P153,5,confusion,4,2026-10-16T09:03:58
PG02127,P153,5,confusion,2,2026-10-16T09:04:22
PG02128,P029,6,confusion,4,2026-10-16T11:03:06
PG02129,P029,6,confusion,5,2026-10-16T11:03:26
PG02130,P029,6,confusion,4,2026-10-16T11:04:55
PG02131,P029,7,frustration,3,2026-10-16T11:11:52
PG02132,P145,5,confusion,3,2026-10-16T13:38:18
PG02133,P145,5,frustration,3,2026-10-16T13:38:50
PG02134,P145,5,confusion,3,2026-10-16T13:38:53
PG02135,P145,5,confusion,3,2026-10-16T13:38:56
PG02136,P141,7,frustration,3,2026-10-16T14:56:03
PG02137,P141,7,confusion,3,2026-10-16T14:56:24
PG02138,P141,7,interest,5,2026-10-16T14:56:28
PG02139,P018,8,confusion,2,2026-10-16T15:17:21
PG02140,P018,8,interest,3,2026-10-16T15:17:23
PG02141,P168,7,interest,4,2026-10-16T16:34:55
PG02142,P168,7,interest,4,2026-10-16T16:35:12
PG02143,P168,8,confusion,2,2026-10-16T16:38:20
PG02144,P029,8,confusion,2,2026-10-16T17:16:06
PG02145,P029,8,confusion,3,2026-10-16T17:16:34
PG02146,P088,5,frustration,2,2026-10-16T18:47:28
PG02147,P088,6,interest,4,2026-10-16T18:52:17
PG02148,P088,6,interest,3,2026-10-16T18:52:21
PG02149,P088,7,frustration,4,2026-10-16T18:55:48
PG02150,P088,7,frustration,3,2026-10-16T18:56:09
PG02151,P021,7,interest,2,2026-10-16T21:59:25
PG02152,P021,7,interest,3,2026-10-16T21:59:58
PG02153,P021,7,confusion,2,2026-10-16T22:00:04
PG02154,P021,8,confusion,2,2026-10-16T22:02:57
PG02155,P021,8,interest,4,2026-10-16T22:03:18
PG02156,P021,8,interest,1,2026-10-16T22:03:42
PG02157,P113,8,confusion,3,2026-10-17T00:14:15
PG02158,P113,8,confusion,4,2026-10-17T00:15:02
PG02159,P188,6,confusion,3,2026-10-17T00:49:50
PG02160,P188,6,interest,4,2026-10-17T00:50:10
PG02161,P188,7,interest,2,2026-10-17T00:51:55
PG02162,P188,7,interest,2,2026-10-17T00:52:21
PG02163,P188,8,interest,3,2026-10-17T00:56:03
PG02164,P095,7,interest,3,2026-10-17T03:41:19
PG02165,P095,7,interest,4,2026-10-17T03:41:33
PG02166,P095,7,confusion,4,2026-10-17T03:41:56
PG02167,P189,8,interest,3,2026-10-17T14:58:38
PG02168,P115,8,boredom,2,2026-10-17T15:54:44
PG02169,P153,6,confusion,3,2026-10-17T22:06:53
PG02170,P153,6,frustration,1,2026-10-17T22:07:14
PG02171,P153,7,confusion,4,2026-10-18T08:11:05
PG02172,P153,7,frustration,3,2026-10-18T08:11:19
PG02173,P153,8,confusion,3,2026-10-18T08:14:21
PG02174,P153,8,confusion,4,2026-10-18T08:14:41
PG02175,P153,8,confusion,2,2026-10-18T08:14:42
