message_id,group_id,session_id,student_id,timestamp,text
M00001,G10,studio_1,S083,2026-09-10T16:01:01,right i think the testing effect showed up even in the ungraded condition which is the interesting part right
M00002,G03,studio_1,S100,2026-09-10T16:01:04,i'm not sure i follow what do you think
M00003,G05,studio_1,S107,2026-09-10T16:01:08,yeah who is taking notes today right
M00004,G06,studio_1,S011,2026-09-10T16:01:12,so what does that term mean again
M00005,G12,studio_1,S084,2026-09-10T16:01:14,right let's split this fifteen ways or am i off
M00006,G03,studio_1,S037,2026-09-10T16:01:25,yeah i'm not sure i follow right
M00007,G16,studio_1,S007,2026-09-10T16:01:32,oh can you say more about that
M00008,G15,studio_1,S034,2026-09-10T16:01:39,hey does everyone have the reading open does that track
M00009,G07,studio_1,S010,2026-09-10T16:01:43,yeah we have ten minutes left what do you think
M00010,G24,studio_1,S048,2026-09-10T16:01:43,good point
M00011,G21,studio_1,S098,2026-09-10T16:01:56,alright running two minutes late
M00012,G16,studio_1,S109,2026-09-10T16:02:07,right i think we could open with the difference between recognizing and producing does that track
M00013,G02,studio_1,S019,2026-09-10T16:02:14,my wifi dropped sorry does that track
M00014,G15,studio_1,S014,2026-09-10T16:02:20,really
M00015,G17,studio_1,S099,2026-09-10T16:02:24,so running two minutes late
M00016,G03,studio_1,S037,2026-09-10T16:02:27,ok honestly we could open with the difference between recognizing and producing or am i off
M00017,G15,studio_1,S032,2026-09-10T16:02:55,"ok not sure, but the testing effect showed up even in the ungraded condition which is the interesting part what do you think"
M00018,G06,studio_1,S073,2026-09-10T16:03:14,maybe the testing effect showed up even in the ungraded condition which is the interesting part lol
M00019,G20,studio_1,S117,2026-09-10T16:03:16,so same here honestly if that works for everyone
M00020,G09,studio_1,S077,2026-09-10T16:03:18,so cues matter as much as effort when you are trying to bring something back right
M00021,G05,studio_1,S107,2026-09-10T16:03:19,someone should own part 2 right
M00022,G09,studio_1,S082,2026-09-10T16:03:19,putting the question at the top of the doc right
M00023,G13,studio_1,S091,2026-09-10T16:03:24,"for the doc, our example should be the blank page recall one if that works for everyone"
M00024,G05,studio_1,S051,2026-09-10T16:03:28,wait good point
M00025,G06,studio_1,S116,2026-09-10T16:03:30,hey what does that term mean again what do you think
M00026,G24,studio_1,S028,2026-09-10T16:03:32,alright oh interesting
M00027,G19,studio_1,S008,2026-09-10T16:03:32,so we could open with the difference between recognizing and producing what do you think
M00028,G23,studio_1,S040,2026-09-10T16:03:50,alright really
M00029,G23,studio_1,S106,2026-09-10T16:03:58,"counterpoint, i think recall beats rereading for us because the exam is all application if that works for everyone"
M00030,G08,studio_1,S021,2026-09-10T16:04:01,ok sorry can you repeat that does that track
M00031,G17,studio_1,S062,2026-09-10T16:04:08,hey no worries
M00032,G24,studio_1,S005,2026-09-10T16:04:43,yeah let's timebox this to ten minutes what do you think
M00033,G22,studio_1,S096,2026-09-10T16:04:49,right i lost the example again sorry
M00034,G15,studio_1,S014,2026-09-10T16:04:56,so hold on let me reread the prompt
M00035,G05,studio_1,S043,2026-09-10T16:05:10,alright do you mean the rubric or the other one
M00036,G20,studio_1,S113,2026-09-10T16:05:17,yeah fair enough
M00037,G11,studio_1,S046,2026-09-10T16:05:24,hey i lost the table again sorry if that works for everyone
M00038,G06,studio_1,S053,2026-09-10T16:05:33,alright maybe we say encoding decides which cues work later?
M00039,G03,studio_1,S100,2026-09-10T16:05:34,hey i'll take the summary right
M00040,G06,studio_1,S011,2026-09-10T16:05:46,hmm my read is cues matter as much as effort when you are trying to bring something back sorry if that is obvious
M00041,G01,studio_1,S033,2026-09-10T16:05:52,ok maybe we could open with the difference between recognizing and producing
M00042,G20,studio_1,S117,2026-09-10T16:05:52,oh are we answering question two or the next one
M00043,G04,studio_1,S050,2026-09-10T16:05:53,"for the doc, i think recall beats rereading for us because the exam is all application?"
M00044,G09,studio_1,S036,2026-09-10T16:06:02,ok that made me laugh
M00045,G09,studio_1,S029,2026-09-10T16:06:03,hey my read is we could open with the difference between recognizing and producing sorry if that is obvious
M00046,G13,studio_1,S091,2026-09-10T16:06:09,ok chunking is basically why the experts in the study looked faster right
M00047,G13,studio_1,S012,2026-09-10T16:06:13,hey chunking is basically why the experts in the study looked faster
M00048,G17,studio_1,S099,2026-09-10T16:06:15,right are we answering question three or the next one
M00049,G20,studio_1,S089,2026-09-10T16:06:20,"ok from the reading, our example should be the blank page recall one"
M00050,G01,studio_1,S038,2026-09-10T16:06:26,"not sure, but cues matter as much as effort when you are trying to bring something back if that works for everyone"
M00051,G23,studio_1,S114,2026-09-10T16:06:27,so so chunking is basically why the experts in the study looked faster sorry if that is obvious
M00052,G22,studio_1,S096,2026-09-10T16:06:28,hmm can you give an example if that works for everyone
M00053,G22,studio_1,S096,2026-09-10T16:06:34,yeah who is taking notes today
M00054,G12,studio_1,S013,2026-09-10T16:06:50,putting the reading at the top of the doc
M00055,G22,studio_1,S093,2026-09-10T16:06:56,alright the testing effect showed up even in the ungraded condition which is the interesting part lol
M00056,G08,studio_1,S047,2026-09-10T16:07:13,alright honestly chunking is basically why the experts in the study looked faster what do you think
M00057,G09,studio_1,S036,2026-09-10T16:07:17,yeah can someone paste the example sorry if that is obvious
M00058,G16,studio_1,S007,2026-09-10T16:07:23,you two are on a roll
M00059,G20,studio_1,S089,2026-09-10T16:07:38,hmm honestly recognizing it in the notes is not the same as producing it right
M00060,G08,studio_1,S068,2026-09-10T16:07:39,let's split this four ways?
M00061,G19,studio_1,S066,2026-09-10T16:07:39,let's each take three minutes to write first
M00062,G15,studio_1,S032,2026-09-10T16:07:41,alright do you mean the reading or the other one what do you think
M00063,G09,studio_1,S082,2026-09-10T16:07:43,ok i'm following now
M00064,G19,studio_1,S003,2026-09-10T16:07:55,oh we could open with the difference between recognizing and producing lol
M00065,G14,studio_1,S074,2026-09-10T16:07:58,"yeah not sure, but our example should be the blank page recall one lol"
M00066,G11,studio_1,S081,2026-09-10T16:07:59,yeah honestly i think recall beats rereading for us because the exam is all application
M00067,G17,studio_1,S016,2026-09-10T16:08:16,right let's each take four minutes to write first
M00068,G01,studio_1,S056,2026-09-10T16:08:16,that makes sense sorry if that is obvious
M00069,G17,studio_1,S062,2026-09-10T16:08:17,our example should be the blank page recall one
M00070,G19,studio_1,S008,2026-09-10T16:08:21,so cues matter as much as effort when you are trying to bring something back if that works for everyone
M00071,G20,studio_1,S119,2026-09-10T16:08:22,hey putting the handout at the top of the doc
M00072,G23,studio_1,S114,2026-09-10T16:08:28,hmm someone should own part 2 if that works for everyone
M00073,G11,studio_1,S092,2026-09-10T16:08:31,"counterpoint, the testing effect showed up even in the ungraded condition which is the interesting part sorry if that is obvious"
M00074,G10,studio_1,S083,2026-09-10T16:08:38,"yeah from the reading, i think recall beats rereading for us because the exam is all application"
M00075,G01,studio_1,S033,2026-09-10T16:08:39,that is a great way to put it sorry if that is obvious
M00076,G20,studio_1,S112,2026-09-10T16:08:41,wait let's timebox this to twenty minutes
M00077,G23,studio_1,S024,2026-09-10T16:09:00,hey sorry can you repeat that does that track
M00078,G13,studio_1,S012,2026-09-10T16:09:03,wait that is a great way to put it
M00079,G14,studio_1,S065,2026-09-10T16:09:20,so should we outline first what do you think
M00080,G11,studio_1,S092,2026-09-10T16:09:23,ok do you mean the transcript or the other one what do you think
M00081,G16,studio_1,S070,2026-09-10T16:09:27,so which the rubric are we on
M00082,G11,studio_1,S092,2026-09-10T16:09:33,i'll write up the definitions?
M00083,G22,studio_1,S096,2026-09-10T16:09:45,we have four minutes left what do you think
M00084,G22,studio_1,S027,2026-09-10T16:09:45,so maybe the forgetting curve thing only worked for me when i spaced it out right
M00085,G10,studio_1,S009,2026-09-10T16:09:46,"oh counterpoint, the forgetting curve thing only worked for me when i spaced it out if that works for everyone"
M00086,G04,studio_1,S102,2026-09-10T16:09:56,alright hi all
M00087,G03,studio_1,S037,2026-09-10T16:10:00,hey i can share the doc?
M00088,G17,studio_1,S035,2026-09-10T16:10:01,wait is that the same as what we said before what do you think
M00089,G22,studio_1,S110,2026-09-10T16:10:01,"yeah for the doc, recognizing it in the notes is not the same as producing it"
M00090,G07,studio_1,S044,2026-09-10T16:10:07,yeah same here honestly
M00091,G03,studio_1,S055,2026-09-10T16:10:24,hey can you say more about that
M00092,G04,studio_1,S002,2026-09-10T16:10:36,alright oh interesting does that track
M00093,G19,studio_1,S066,2026-09-10T16:10:40,hmm that makes sense
M00094,G21,studio_1,S098,2026-09-10T16:10:44,moving our notes into the doc now?
M00095,G08,studio_1,S021,2026-09-10T16:10:53,what does that term mean again does that track
M00096,G17,studio_1,S099,2026-09-10T16:11:00,oh that made me laugh
M00097,G20,studio_1,S119,2026-09-10T16:11:06,i think recall beats rereading for us because the exam is all application
M00098,G07,studio_1,S071,2026-09-10T16:11:15,alright who is taking notes today or am i off
M00099,G22,studio_1,S027,2026-09-10T16:11:16,hmm i think maybe we say encoding decides which cues work later if that works for everyone
M00100,G08,studio_1,S047,2026-09-10T16:11:20,so nice
M00101,G20,studio_1,S112,2026-09-10T16:11:21,can you give an example
M00102,G20,studio_1,S113,2026-09-10T16:11:25,let's timebox this to three minutes
M00103,G22,studio_1,S093,2026-09-10T16:11:25,so that makes sense
M00104,G04,studio_1,S102,2026-09-10T16:11:32,moving the rubric into the doc now
M00105,G23,studio_1,S049,2026-09-10T16:11:33,wait can you say more about that sorry if that is obvious
M00106,G12,studio_1,S057,2026-09-10T16:11:40,so i'll write up the second question if that works for everyone
M00107,G13,studio_1,S012,2026-09-10T16:11:45,"so counterpoint, maybe we say encoding decides which cues work later if that works for everyone"
M00108,G10,studio_1,S083,2026-09-10T16:12:15,hey honestly recognizing it in the notes is not the same as producing it
M00109,G11,studio_1,S092,2026-09-10T16:12:17,ok yes exactly
M00110,G10,studio_1,S078,2026-09-10T16:12:22,hmm let's each take four minutes to write first does that track
M00111,G22,studio_1,S093,2026-09-10T16:12:26,hmm maybe the testing effect showed up even in the ungraded condition which is the interesting part?
M00112,G19,studio_1,S042,2026-09-10T16:12:43,right does everyone have the slide open
M00113,G20,studio_1,S112,2026-09-10T16:12:47,"oh from the reading, the testing effect showed up even in the ungraded condition which is the interesting part right"
M00114,G05,studio_1,S051,2026-09-10T16:12:50,oh i lost our notes again sorry lol
M00115,G09,studio_1,S082,2026-09-10T16:13:04,yeah can you say more about that sorry if that is obvious
M00116,G01,studio_1,S038,2026-09-10T16:13:06,who is taking notes today
M00117,G20,studio_1,S119,2026-09-10T16:13:12,wait let's timebox this to fifteen minutes lol
M00118,G17,studio_1,S099,2026-09-10T16:13:13,hmm so the forgetting curve thing only worked for me when i spaced it out
M00119,G08,studio_1,S047,2026-09-10T16:13:16,i can share the doc does that track
M00120,G22,studio_1,S096,2026-09-10T16:13:28,so i'm adding the question to the doc
M00121,G16,studio_1,S109,2026-09-10T16:13:34,"from the reading, our example should be the blank page recall one or am i off"
M00122,G11,studio_1,S058,2026-09-10T16:13:35,oh the forgetting curve thing only worked for me when i spaced it out or am i off
M00123,G07,studio_1,S001,2026-09-10T16:13:38,hmm i think recall beats rereading for us because the exam is all application
M00124,G09,studio_1,S082,2026-09-10T16:13:39,so what does that term mean again?
M00125,G07,studio_1,S001,2026-09-10T16:13:40,hmm should we outline first
M00126,G05,studio_1,S043,2026-09-10T16:13:46,alright good point sorry if that is obvious
M00127,G21,studio_1,S098,2026-09-10T16:13:47,wait chunking is basically why the experts in the study looked faster?
M00128,G22,studio_1,S027,2026-09-10T16:13:48,that made me laugh lol
M00129,G07,studio_1,S071,2026-09-10T16:13:53,ok is that the same as what we said before what do you think
M00130,G24,studio_1,S060,2026-09-10T16:13:56,hey i missed that last bit right
M00131,G10,studio_1,S015,2026-09-10T16:14:02,alright cues matter as much as effort when you are trying to bring something back
M00132,G10,studio_1,S078,2026-09-10T16:14:04,oh i can share the doc
M00133,G12,studio_1,S057,2026-09-10T16:14:08,hmm i think i think recall beats rereading for us because the exam is all application does that track
M00134,G18,studio_1,S101,2026-09-10T16:14:13,ok love that
M00135,G04,studio_1,S002,2026-09-10T16:14:13,someone should own the last section or am i off
M00136,G21,studio_1,S085,2026-09-10T16:14:19,"yeah from the reading, recognizing it in the notes is not the same as producing it"
M00137,G19,studio_1,S042,2026-09-10T16:14:24,alright sharing my screen now what do you think
M00138,G16,studio_1,S052,2026-09-10T16:14:28,hey i think recall beats rereading for us because the exam is all application or am i off
M00139,G13,studio_1,S072,2026-09-10T16:14:32,right thanks for waiting
M00140,G24,studio_1,S005,2026-09-10T16:14:33,right thanks for waiting
M00141,G08,studio_1,S021,2026-09-10T16:14:36,alright can we come back to the second question in a sec does that track
M00142,G13,studio_1,S012,2026-09-10T16:14:40,yeah honestly the testing effect showed up even in the ungraded condition which is the interesting part
M00143,G08,studio_1,S047,2026-09-10T16:14:45,really
M00144,G16,studio_1,S070,2026-09-10T16:14:48,hmm sorry can you repeat that
M00145,G20,studio_1,S089,2026-09-10T16:15:09,wait same here honestly
M00146,G12,studio_1,S084,2026-09-10T16:15:17,"alright counterpoint, maybe we say encoding decides which cues work later if that works for everyone"
M00147,G13,studio_1,S072,2026-09-10T16:15:33,does everyone have the rubric open
M00148,G12,studio_1,S084,2026-09-10T16:15:47,hey i'm convinced
M00149,G17,studio_1,S099,2026-09-10T16:15:47,oh my wifi dropped sorry
M00150,G12,studio_1,S013,2026-09-10T16:15:48,hmm we have four minutes left right
M00151,G23,studio_1,S106,2026-09-10T16:16:20,alright sorry can you repeat that?
M00152,G23,studio_1,S114,2026-09-10T16:16:43,so good point
M00153,G03,studio_1,S037,2026-09-10T16:16:46,"for the doc, the testing effect showed up even in the ungraded condition which is the interesting part"
M00154,G22,studio_1,S096,2026-09-10T16:16:51,so maybe maybe we say encoding decides which cues work later
M00155,G14,studio_1,S039,2026-09-10T16:17:06,"oh for the doc, maybe we say encoding decides which cues work later right"
M00156,G10,studio_1,S009,2026-09-10T16:17:08,let's each take three minutes to write first
M00157,G05,studio_1,S107,2026-09-10T16:17:25,wait let's each take five minutes to write first lol
M00158,G18,studio_1,S004,2026-09-10T16:17:26,yes exactly
M00159,G23,studio_1,S040,2026-09-10T16:17:26,"yeah not sure, but cues matter as much as effort when you are trying to bring something back"
M00160,G19,studio_1,S008,2026-09-10T16:17:27,"not sure, but our example should be the blank page recall one what do you think"
M00161,G08,studio_1,S047,2026-09-10T16:17:41,ok can someone paste the table if that works for everyone
M00162,G09,studio_1,S077,2026-09-10T16:17:45,oh that is a great way to put it
M00163,G13,studio_1,S061,2026-09-10T16:17:58,yeah oh interesting what do you think
M00164,G08,studio_1,S088,2026-09-10T16:17:59,alright i think the testing effect showed up even in the ungraded condition which is the interesting part or am i off
M00165,G20,studio_1,S113,2026-09-10T16:18:06,so i think recognizing it in the notes is not the same as producing it sorry if that is obvious
M00166,G03,studio_1,S023,2026-09-10T16:18:19,"oh counterpoint, the forgetting curve thing only worked for me when i spaced it out sorry if that is obvious"
M00167,G23,studio_1,S106,2026-09-10T16:18:35,so i lost the table again sorry does that track
M00168,G12,studio_1,S059,2026-09-10T16:18:38,i'll take the counterargument what do you think
M00169,G16,studio_1,S109,2026-09-10T16:18:50,oh do you mean the question or the other one if that works for everyone
M00170,G20,studio_1,S112,2026-09-10T16:18:50,wait sharing my screen now lol
M00171,G20,studio_1,S117,2026-09-10T16:18:52,ok my wifi dropped sorry lol
M00172,G13,studio_1,S012,2026-09-10T16:18:53,hey i missed that last bit or am i off
M00173,G13,studio_1,S061,2026-09-10T16:18:55,yeah can we come back to the second question in a sec lol
M00174,G03,studio_1,S055,2026-09-10T16:19:07,alright agreed
M00175,G22,studio_1,S110,2026-09-10T16:19:09,wait honestly maybe we say encoding decides which cues work later lol
M00176,G19,studio_1,S008,2026-09-10T16:19:12,oh can you say more about that
M00177,G20,studio_1,S112,2026-09-10T16:19:22,oh we have ten minutes left lol
M00178,G10,studio_1,S015,2026-09-10T16:19:25,"from the reading, we could open with the difference between recognizing and producing what do you think"
M00179,G11,studio_1,S058,2026-09-10T16:19:31,oh i missed that last bit if that works for everyone
M00180,G20,studio_1,S119,2026-09-10T16:19:45,alright who is taking notes today sorry if that is obvious
M00181,G21,studio_1,S098,2026-09-10T16:19:46,"for the doc, recognizing it in the notes is not the same as producing it right"
M00182,G10,studio_1,S078,2026-09-10T16:20:01,oh sorry can you repeat that?
M00183,G19,studio_1,S018,2026-09-10T16:20:20,yeah agreed
M00184,G21,studio_1,S085,2026-09-10T16:20:26,ok love that
M00185,G22,studio_1,S110,2026-09-10T16:20:30,alright so cues matter as much as effort when you are trying to bring something back
M00186,G15,studio_1,S006,2026-09-10T16:20:33,"hmm for the doc, chunking is basically why the experts in the study looked faster"
M00187,G13,studio_1,S012,2026-09-10T16:20:46,oh maybe chunking is basically why the experts in the study looked faster or am i off
M00188,G03,studio_1,S079,2026-09-10T16:20:48,"not sure, but the testing effect showed up even in the ungraded condition which is the interesting part right"
M00189,G05,studio_1,S118,2026-09-10T16:20:58,hey that makes sense does that track
M00190,G24,studio_1,S048,2026-09-10T16:21:08,"wait not sure, but maybe we say encoding decides which cues work later"
M00191,G05,studio_1,S118,2026-09-10T16:21:17,wait can you say more about that
M00192,G22,studio_1,S110,2026-09-10T16:21:18,oh i lost the prompt again sorry?
M00193,G02,studio_1,S120,2026-09-10T16:21:26,this is fun actually
M00194,G10,studio_1,S015,2026-09-10T16:21:27,alright can you say more about that right
M00195,G21,studio_1,S111,2026-09-10T16:21:31,wait can we come back to the last section in a sec
M00196,G07,studio_1,S010,2026-09-10T16:21:38,i lost the question again sorry
M00197,G24,studio_1,S048,2026-09-10T16:21:38,i'm not sure i follow right
M00198,G09,studio_1,S067,2026-09-10T16:21:41,so i think the testing effect showed up even in the ungraded condition which is the interesting part does that track
M00199,G03,studio_1,S023,2026-09-10T16:21:44,yeah our example should be the blank page recall one or am i off
M00200,G21,studio_1,S111,2026-09-10T16:21:56,oh can you say more about that
M00201,G09,studio_1,S077,2026-09-10T16:21:59,let's timebox this to ten minutes
M00202,G23,studio_1,S114,2026-09-10T16:22:00,so so i think recall beats rereading for us because the exam is all application if that works for everyone
M00203,G23,studio_1,S024,2026-09-10T16:22:12,ok fair enough does that track
M00204,G21,studio_1,S098,2026-09-10T16:22:28,sharing my screen now sorry if that is obvious
M00205,G09,studio_1,S036,2026-09-10T16:22:28,"oh from the reading, chunking is basically why the experts in the study looked faster lol"
M00206,G08,studio_1,S108,2026-09-10T16:22:30,alright running two minutes late
M00207,G13,studio_1,S022,2026-09-10T16:22:31,yeah who is taking notes today what do you think
M00208,G03,studio_1,S023,2026-09-10T16:22:31,hey good point
M00209,G09,studio_1,S082,2026-09-10T16:22:44,i can present if nobody else wants to?
M00210,G14,studio_1,S039,2026-09-10T16:22:46,i think recall beats rereading for us because the exam is all application if that works for everyone
M00211,G15,studio_1,S006,2026-09-10T16:22:49,alright sharing my screen now right
M00212,G11,studio_1,S058,2026-09-10T16:22:50,"right from the reading, cues matter as much as effort when you are trying to bring something back does that track"
M00213,G11,studio_1,S046,2026-09-10T16:23:04,hmm which the reading are we on does that track
M00214,G11,studio_1,S046,2026-09-10T16:23:09,oh sorry can you repeat that
M00215,G11,studio_1,S046,2026-09-10T16:23:13,alright honestly we could open with the difference between recognizing and producing does that track
M00216,G13,studio_1,S061,2026-09-10T16:23:33,hmm who wants to present back or am i off
M00217,G01,studio_1,S038,2026-09-10T16:23:38,so that made me laugh sorry if that is obvious
M00218,G02,studio_1,S017,2026-09-10T16:23:40,maybe recognizing it in the notes is not the same as producing it
M00219,G14,studio_1,S104,2026-09-10T16:23:41,right let's each take three minutes to write first
M00220,G15,studio_1,S014,2026-09-10T16:23:47,alright my read is i think recall beats rereading for us because the exam is all application
M00221,G21,studio_1,S098,2026-09-10T16:23:57,hey hold on let me reread the transcript if that works for everyone
M00222,G24,studio_1,S028,2026-09-10T16:23:58,does everyone have the reading open?
M00223,G22,studio_1,S027,2026-09-10T16:24:02,oh so maybe we say encoding decides which cues work later lol
M00224,G08,studio_1,S088,2026-09-10T16:24:03,"alright not sure, but chunking is basically why the experts in the study looked faster lol"
M00225,G05,studio_1,S118,2026-09-10T16:24:05,so i lost our notes again sorry what do you think
M00226,G22,studio_1,S096,2026-09-10T16:24:08,i'm back
M00227,G22,studio_1,S093,2026-09-10T16:24:10,wait running two minutes late right
M00228,G08,studio_1,S021,2026-09-10T16:24:12,putting the rubric at the top of the doc what do you think
M00229,G22,studio_1,S093,2026-09-10T16:24:13,hmm you two are on a roll
M00230,G07,studio_1,S063,2026-09-10T16:24:20,"for the doc, the forgetting curve thing only worked for me when i spaced it out"
M00231,G11,studio_1,S081,2026-09-10T16:24:25,oh what does that term mean again or am i off
M00232,G02,studio_1,S120,2026-09-10T16:24:25,hmm let's split this twenty ways right
M00233,G11,studio_1,S058,2026-09-10T16:24:28,oh i'm convinced
M00234,G08,studio_1,S068,2026-09-10T16:24:29,right chunking is basically why the experts in the study looked faster?
M00235,G07,studio_1,S071,2026-09-10T16:24:30,alright who wants to present back
M00236,G13,studio_1,S012,2026-09-10T16:24:32,hey what does that term mean again right
M00237,G02,studio_1,S017,2026-09-10T16:24:40,ok brb one sec
M00238,G13,studio_1,S012,2026-09-10T16:24:48,hey hold on let me reread the slide or am i off
M00239,G08,studio_1,S068,2026-09-10T16:24:56,hey oh interesting what do you think
M00240,G14,studio_1,S031,2026-09-10T16:24:58,right my read is recognizing it in the notes is not the same as producing it
M00241,G23,studio_1,S040,2026-09-10T16:25:07,you two are on a roll
M00242,G08,studio_1,S088,2026-09-10T16:25:13,wait i missed that last bit
M00243,G23,studio_1,S106,2026-09-10T16:25:14,oh i can set up the doc or am i off
M00244,G17,studio_1,S086,2026-09-10T16:25:16,ok i think i think recall beats rereading for us because the exam is all application right
M00245,G16,studio_1,S007,2026-09-10T16:25:20,hey is that the same as what we said before sorry if that is obvious
M00246,G24,studio_1,S028,2026-09-10T16:25:20,can you give an example if that works for everyone
M00247,G08,studio_1,S021,2026-09-10T16:25:32,so my wifi dropped sorry
M00248,G17,studio_1,S099,2026-09-10T16:25:41,i can share the doc
M00249,G16,studio_1,S052,2026-09-10T16:25:41,oh hold on let me reread the reading what do you think
M00250,G09,studio_1,S082,2026-09-10T16:25:47,hey we could open with the difference between recognizing and producing
M00251,G04,studio_1,S087,2026-09-10T16:25:48,i'll take part 1
M00252,G03,studio_1,S037,2026-09-10T16:25:50,putting the slide at the top of the doc
M00253,G18,studio_1,S069,2026-09-10T16:26:03,oh same here honestly lol
M00254,G05,studio_1,S118,2026-09-10T16:26:14,hmm hi all
M00255,G23,studio_1,S024,2026-09-10T16:26:15,ok i can present if nobody else wants to if that works for everyone
M00256,G05,studio_1,S043,2026-09-10T16:26:16,wait we could open with the difference between recognizing and producing
M00257,G01,studio_1,S056,2026-09-10T16:26:23,so so our example should be the blank page recall one
M00258,G17,studio_1,S086,2026-09-10T16:26:24,so i'll take the examples sorry if that is obvious
M00259,G05,studio_1,S118,2026-09-10T16:26:28,wait you two are on a roll
M00260,G10,studio_1,S009,2026-09-10T16:26:29,running two minutes late right
M00261,G19,studio_1,S008,2026-09-10T16:26:37,wait i'm following now
M00262,G20,studio_1,S119,2026-09-10T16:26:38,wait can we come back to the wrap up in a sec lol
M00263,G07,studio_1,S010,2026-09-10T16:26:48,my read is i think recall beats rereading for us because the exam is all application
M00264,G24,studio_1,S048,2026-09-10T16:26:55,wait let's timebox this to five minutes
M00265,G05,studio_1,S025,2026-09-10T16:27:13,"oh not sure, but cues matter as much as effort when you are trying to bring something back"
M00266,G23,studio_1,S114,2026-09-10T16:27:14,wait does everyone have the handout open
M00267,G10,studio_1,S015,2026-09-10T16:27:14,hmm i'm not sure i follow right
M00268,G12,studio_1,S013,2026-09-10T16:27:15,who wants to present back does that track
M00269,G02,studio_1,S064,2026-09-10T16:27:21,oh i missed that last bit sorry if that is obvious
M00270,G07,studio_1,S071,2026-09-10T16:27:22,can we come back to the counterargument in a sec?
M00271,G18,studio_1,S069,2026-09-10T16:27:34,hey i'll take the last section sorry if that is obvious
M00272,G02,studio_1,S064,2026-09-10T16:27:34,ok oh interesting
M00273,G18,studio_1,S069,2026-09-10T16:27:42,hey hi all
M00274,G15,studio_1,S020,2026-09-10T16:27:50,yeah my read is we could open with the difference between recognizing and producing right
M00275,G12,studio_1,S057,2026-09-10T16:28:00,wait our example should be the blank page recall one
M00276,G02,studio_1,S017,2026-09-10T16:28:12,really
M00277,G13,studio_1,S061,2026-09-10T16:28:24,alright agreed
M00278,G16,studio_1,S080,2026-09-10T16:28:32,our example should be the blank page recall one what do you think
M00279,G19,studio_1,S018,2026-09-10T16:28:41,so yes exactly
M00280,G08,studio_1,S088,2026-09-10T16:28:42,right i can present if nobody else wants to does that track
M00281,G20,studio_1,S112,2026-09-10T16:28:47,oh which the transcript are we on
M00282,G19,studio_1,S066,2026-09-10T16:29:05,yeah so recognizing it in the notes is not the same as producing it if that works for everyone
M00283,G23,studio_1,S024,2026-09-10T16:29:13,yeah good point right
M00284,G05,studio_1,S118,2026-09-10T16:29:15,alright let's timebox this to two minutes
M00285,G18,studio_1,S004,2026-09-10T16:29:16,so i'm following now
M00286,G07,studio_1,S071,2026-09-10T16:29:32,hmm the forgetting curve thing only worked for me when i spaced it out lol
M00287,G11,studio_1,S105,2026-09-10T16:29:38,so i think recall beats rereading for us because the exam is all application
M00288,G04,studio_1,S090,2026-09-10T16:29:44,alright does everyone have the handout open
M00289,G03,studio_1,S100,2026-09-10T16:29:45,really or am i off
M00290,G01,studio_1,S038,2026-09-10T16:29:47,so i'm convinced?
M00291,G14,studio_1,S039,2026-09-10T16:29:47,ok putting our notes at the top of the doc if that works for everyone
M00292,G19,studio_1,S008,2026-09-10T16:29:51,right i'll write up the counterargument sorry if that is obvious
M00293,G13,studio_1,S022,2026-09-10T16:30:18,"oh counterpoint, cues matter as much as effort when you are trying to bring something back what do you think"
M00294,G01,studio_1,S076,2026-09-10T16:30:28,wait is that the same as what we said before lol
M00295,G20,studio_1,S089,2026-09-10T16:30:38,hmm honestly we could open with the difference between recognizing and producing does that track
M00296,G21,studio_1,S098,2026-09-10T16:30:39,"wait from the reading, the testing effect showed up even in the ungraded condition which is the interesting part or am i off"
M00297,G12,studio_1,S059,2026-09-10T16:30:47,"not sure, but the forgetting curve thing only worked for me when i spaced it out if that works for everyone"
M00298,G22,studio_1,S110,2026-09-10T16:30:48,yeah i'm adding the slide to the doc what do you think
M00299,G05,studio_1,S107,2026-09-10T16:30:50,oh the forgetting curve thing only worked for me when i spaced it out sorry if that is obvious
M00300,G09,studio_1,S077,2026-09-10T16:30:51,ok should we outline first
M00301,G02,studio_1,S017,2026-09-10T16:30:52,so are we answering question ten or the next one right
M00302,G17,studio_1,S035,2026-09-10T16:30:57,hey i'm convinced lol
M00303,G22,studio_1,S097,2026-09-10T16:30:57,so should we outline first if that works for everyone
M00304,G16,studio_1,S052,2026-09-10T16:31:01,oh where is that in the table sorry if that is obvious
M00305,G11,studio_1,S092,2026-09-10T16:31:04,hmm i missed that last bit does that track
M00306,G12,studio_1,S059,2026-09-10T16:31:05,yeah i lost the reading again sorry if that works for everyone
M00307,G08,studio_1,S108,2026-09-10T16:31:05,hey same here honestly
M00308,G15,studio_1,S014,2026-09-10T16:31:05,our example should be the blank page recall one or am i off
M00309,G23,studio_1,S049,2026-09-10T16:31:07,hey do you mean the doc link or the other one lol
M00310,G15,studio_1,S032,2026-09-10T16:31:10,so where is that in the doc link sorry if that is obvious
M00311,G03,studio_1,S079,2026-09-10T16:31:10,"so from the reading, cues matter as much as effort when you are trying to bring something back"
M00312,G10,studio_1,S009,2026-09-10T16:31:14,oh fair enough
M00313,G12,studio_1,S084,2026-09-10T16:31:17,wait let's each take fifteen minutes to write first sorry if that is obvious
M00314,G06,studio_1,S011,2026-09-10T16:31:30,right my read is cues matter as much as effort when you are trying to bring something back or am i off
M00315,G16,studio_1,S070,2026-09-10T16:31:31,wait moving the rubric into the doc now right
M00316,G10,studio_1,S078,2026-09-10T16:31:31,cues matter as much as effort when you are trying to bring something back
M00317,G21,studio_1,S115,2026-09-10T16:31:32,wait our example should be the blank page recall one right
M00318,G10,studio_1,S078,2026-09-10T16:31:41,oh is that the same as what we said before what do you think
M00319,G12,studio_1,S057,2026-09-10T16:31:49,yeah where is that in the example right
M00320,G16,studio_1,S052,2026-09-10T16:31:51,so agreed
M00321,G04,studio_1,S002,2026-09-10T16:31:52,wait are we answering question two or the next one sorry if that is obvious
M00322,G10,studio_1,S015,2026-09-10T16:31:52,oh oh interesting if that works for everyone
M00323,G09,studio_1,S036,2026-09-10T16:31:53,"right counterpoint, recognizing it in the notes is not the same as producing it or am i off"
M00324,G15,studio_1,S006,2026-09-10T16:31:53,hey are we answering question three or the next one or am i off
M00325,G07,studio_1,S044,2026-09-10T16:32:04,alright let's timebox this to fifteen minutes sorry if that is obvious
M00326,G10,studio_1,S083,2026-09-10T16:32:09,yeah no worries
M00327,G11,studio_1,S081,2026-09-10T16:32:11,hey are we answering question ten or the next one
M00328,G23,studio_1,S106,2026-09-10T16:32:16,wait my wifi dropped sorry
M00329,G08,studio_1,S068,2026-09-10T16:32:39,honestly chunking is basically why the experts in the study looked faster?
M00330,G17,studio_1,S062,2026-09-10T16:32:41,"not sure, but recognizing it in the notes is not the same as producing it"
M00331,G10,studio_1,S009,2026-09-10T16:33:05,hey are we answering question four or the next one
M00332,G19,studio_1,S066,2026-09-10T16:33:15,"oh not sure, but maybe we say encoding decides which cues work later sorry if that is obvious"
M00333,G22,studio_1,S093,2026-09-10T16:33:19,alright i'll write up the intro
M00334,G13,studio_1,S061,2026-09-10T16:33:24,"right from the reading, the testing effect showed up even in the ungraded condition which is the interesting part sorry if that is obvious"
M00335,G17,studio_1,S062,2026-09-10T16:33:33,"hmm from the reading, i think recall beats rereading for us because the exam is all application"
M00336,G07,studio_1,S071,2026-09-10T16:33:35,hmm moving the transcript into the doc now sorry if that is obvious
M00337,G14,studio_1,S065,2026-09-10T16:33:37,wait honestly our example should be the blank page recall one?
M00338,G14,studio_1,S074,2026-09-10T16:33:40,so our example should be the blank page recall one
M00339,G17,studio_1,S086,2026-09-10T16:33:45,hey no worries
M00340,G11,studio_1,S046,2026-09-10T16:33:54,hey can you say more about that does that track
M00341,G03,studio_1,S037,2026-09-10T16:34:00,really if that works for everyone
M00342,G23,studio_1,S106,2026-09-10T16:34:31,yeah can you say more about that
M00343,G16,studio_1,S007,2026-09-10T16:34:33,ok hi all
M00344,G23,studio_1,S049,2026-09-10T16:34:34,so i missed that last bit right
M00345,G24,studio_1,S041,2026-09-10T16:34:45,hmm can you give an example
M00346,G08,studio_1,S047,2026-09-10T16:35:06,hmm i think maybe we say encoding decides which cues work later?
M00347,G01,studio_1,S038,2026-09-10T16:35:10,really?
M00348,G11,studio_1,S058,2026-09-10T16:35:13,alright i'll take the counterargument
M00349,G14,studio_1,S031,2026-09-10T16:35:15,yeah maybe cues matter as much as effort when you are trying to bring something back or am i off
M00350,G01,studio_1,S030,2026-09-10T16:35:25,alright hold on let me reread the handout
M00351,G05,studio_1,S107,2026-09-10T16:35:26,hey i can present if nobody else wants to right
M00352,G21,studio_1,S085,2026-09-10T16:35:42,nice
M00353,G21,studio_1,S094,2026-09-10T16:36:03,our example should be the blank page recall one?
M00354,G12,studio_1,S059,2026-09-10T16:36:11,ok recognizing it in the notes is not the same as producing it if that works for everyone
M00355,G01,studio_1,S076,2026-09-10T16:36:49,hmm that is a great way to put it
M00356,G04,studio_1,S102,2026-09-10T16:36:51,"ok for the doc, the testing effect showed up even in the ungraded condition which is the interesting part what do you think"
M00357,G16,studio_1,S070,2026-09-10T16:36:51,hmm brb one sec what do you think
M00358,G10,studio_1,S103,2026-09-10T16:36:52,hmm that made me laugh
M00359,G07,studio_1,S071,2026-09-10T16:36:56,alright i'll take the intro lol
M00360,G22,studio_1,S093,2026-09-10T16:36:57,so i'll write up the counterargument
M00361,G22,studio_1,S096,2026-09-10T16:36:59,can you say more about that does that track
M00362,G16,studio_1,S052,2026-09-10T16:37:05,agreed
M00363,G03,studio_1,S079,2026-09-10T16:37:06,wait honestly our example should be the blank page recall one?
M00364,G02,studio_1,S120,2026-09-10T16:37:12,yeah who wants to present back right
M00365,G17,studio_1,S062,2026-09-10T16:37:31,so where is that in the reading does that track
M00366,G16,studio_1,S109,2026-09-10T16:37:38,hey our example should be the blank page recall one what do you think
M00367,G13,studio_1,S091,2026-09-10T16:37:47,where is that in the doc link or am i off
M00368,G24,studio_1,S028,2026-09-10T16:37:48,"wait counterpoint, recognizing it in the notes is not the same as producing it right"
M00369,G14,studio_1,S065,2026-09-10T16:37:57,right do you mean the prompt or the other one?
M00370,G22,studio_1,S027,2026-09-10T16:38:01,"right from the reading, the testing effect showed up even in the ungraded condition which is the interesting part right"
M00371,G13,studio_1,S022,2026-09-10T16:38:04,"hey not sure, but the forgetting curve thing only worked for me when i spaced it out"
M00372,G24,studio_1,S005,2026-09-10T16:38:05,yeah maybe we say encoding decides which cues work later sorry if that is obvious
M00373,G23,studio_1,S024,2026-09-10T16:38:11,"hey for the doc, cues matter as much as effort when you are trying to bring something back if that works for everyone"
M00374,G05,studio_1,S107,2026-09-10T16:38:13,so what does that term mean again right
M00375,G16,studio_1,S052,2026-09-10T16:38:24,hmm who wants to present back
M00376,G21,studio_1,S098,2026-09-10T16:38:25,wait so recognizing it in the notes is not the same as producing it
M00377,G07,studio_1,S001,2026-09-10T16:38:36,hmm i missed that last bit lol
M00378,G13,studio_1,S022,2026-09-10T16:38:37,yeah is that the same as what we said before
M00379,G17,studio_1,S035,2026-09-10T16:38:42,ok good point
M00380,G12,studio_1,S057,2026-09-10T16:38:53,hey someone should own the intro
M00381,G16,studio_1,S007,2026-09-10T16:38:58,yeah can you say more about that right
M00382,G10,studio_1,S015,2026-09-10T16:39:12,wait chunking is basically why the experts in the study looked faster
M00383,G22,studio_1,S027,2026-09-10T16:39:19,ok i think recall beats rereading for us because the exam is all application does that track
M00384,G03,studio_1,S100,2026-09-10T16:39:19,hmm maybe the testing effect showed up even in the ungraded condition which is the interesting part?
M00385,G21,studio_1,S115,2026-09-10T16:39:21,i think cues matter as much as effort when you are trying to bring something back if that works for everyone
M00386,G15,studio_1,S034,2026-09-10T16:39:25,hey brb one sec what do you think
M00387,G03,studio_1,S023,2026-09-10T16:39:28,alright i'm not sure i follow if that works for everyone
M00388,G20,studio_1,S113,2026-09-10T16:39:30,hey moving the transcript into the doc now right
M00389,G01,studio_1,S033,2026-09-10T16:39:32,i'll write up the counterargument right
M00390,G03,studio_1,S023,2026-09-10T16:39:40,hey should we outline first
M00391,G14,studio_1,S039,2026-09-10T16:39:48,hey i lost the transcript again sorry sorry if that is obvious
M00392,G21,studio_1,S098,2026-09-10T16:39:51,i'll take the definitions lol
M00393,G04,studio_1,S102,2026-09-10T16:40:01,wait fair enough
M00394,G21,studio_1,S085,2026-09-10T16:40:06,hey moving the transcript into the doc now lol
M00395,G13,studio_1,S061,2026-09-10T16:40:18,ok maybe recognizing it in the notes is not the same as producing it what do you think
M00396,G23,studio_1,S049,2026-09-10T16:40:20,yes exactly
M00397,G15,studio_1,S006,2026-09-10T16:40:35,hmm my read is our example should be the blank page recall one or am i off
M00398,G19,studio_1,S066,2026-09-10T16:40:45,oh can you say more about that sorry if that is obvious
M00399,G22,studio_1,S097,2026-09-10T16:40:49,hey who wants to present back lol
M00400,G08,studio_1,S088,2026-09-10T16:40:57,is that the same as what we said before what do you think
M00401,G18,studio_1,S075,2026-09-10T16:41:02,let's each take five minutes to write first
M00402,G23,studio_1,S040,2026-09-10T16:41:12,alright agreed
M00403,G23,studio_1,S106,2026-09-10T16:41:17,who is taking notes today
M00404,G06,studio_1,S045,2026-09-10T16:41:25,i'm adding the slide to the doc
M00405,G24,studio_1,S005,2026-09-10T16:41:44,"for the doc, i think recall beats rereading for us because the exam is all application does that track"
M00406,G21,studio_1,S085,2026-09-10T16:41:46,hey what does that term mean again?
M00407,G11,studio_1,S058,2026-09-10T16:41:52,alright does everyone have the transcript open
M00408,G23,studio_1,S106,2026-09-10T16:42:05,hey so our example should be the blank page recall one does that track
M00409,G10,studio_1,S015,2026-09-10T16:42:07,ok maybe maybe we say encoding decides which cues work later right
M00410,G21,studio_1,S111,2026-09-10T16:42:18,so moving the table into the doc now sorry if that is obvious
M00411,G12,studio_1,S013,2026-09-10T16:42:24,i can reorganize the doc if that works for everyone
M00412,G13,studio_1,S072,2026-09-10T16:42:25,oh the testing effect showed up even in the ungraded condition which is the interesting part or am i off
M00413,G01,studio_1,S030,2026-09-10T16:42:26,yeah can someone paste the doc link sorry if that is obvious
M00414,G03,studio_1,S100,2026-09-10T16:42:42,yeah who is taking notes today sorry if that is obvious
M00415,G03,studio_1,S079,2026-09-10T16:42:43,that makes sense
M00416,G19,studio_1,S066,2026-09-10T16:42:44,"ok not sure, but our example should be the blank page recall one lol"
M00417,G04,studio_1,S087,2026-09-10T16:42:44,someone should own the counterargument lol
M00418,G16,studio_1,S052,2026-09-10T16:42:54,i'm adding the slide to the doc
M00419,G23,studio_1,S114,2026-09-10T16:43:00,"alright for the doc, the forgetting curve thing only worked for me when i spaced it out lol"
M00420,G13,studio_1,S012,2026-09-10T16:43:01,right where is that in the example sorry if that is obvious
M00421,G02,studio_1,S017,2026-09-10T16:43:10,oh i think recall beats rereading for us because the exam is all application?
M00422,G20,studio_1,S119,2026-09-10T16:43:12,is that the same as what we said before
M00423,G06,studio_1,S053,2026-09-10T16:43:14,"for the doc, cues matter as much as effort when you are trying to bring something back"
M00424,G04,studio_1,S087,2026-09-10T16:43:25,my read is we could open with the difference between recognizing and producing lol
M00425,G24,studio_1,S028,2026-09-10T16:43:38,so no worries if that works for everyone
M00426,G21,studio_1,S111,2026-09-10T16:43:39,ok i'm following now
M00427,G05,studio_1,S051,2026-09-10T16:43:39,wait recognizing it in the notes is not the same as producing it or am i off
M00428,G16,studio_1,S109,2026-09-10T16:43:42,"for the doc, we could open with the difference between recognizing and producing lol"
M00429,G16,studio_1,S080,2026-09-10T16:43:44,yeah no worries
M00430,G13,studio_1,S061,2026-09-10T16:43:45,alright i think the testing effect showed up even in the ungraded condition which is the interesting part or am i off
M00431,G18,studio_1,S004,2026-09-10T16:43:50,wait let's timebox this to four minutes lol
M00432,G16,studio_1,S109,2026-09-10T16:44:04,alright does everyone have the handout open
M00433,G22,studio_1,S096,2026-09-10T16:44:09,oh honestly the forgetting curve thing only worked for me when i spaced it out does that track
M00434,G23,studio_1,S024,2026-09-10T16:44:12,"hmm counterpoint, chunking is basically why the experts in the study looked faster what do you think"
M00435,G06,studio_1,S053,2026-09-10T16:44:15,wait that is a great way to put it
M00436,G05,studio_1,S025,2026-09-10T16:44:18,right someone should own the summary
M00437,G19,studio_1,S042,2026-09-10T16:44:30,alright so maybe we say encoding decides which cues work later
M00438,G09,studio_1,S082,2026-09-10T16:44:36,sorry can you repeat that or am i off
M00439,G20,studio_1,S112,2026-09-10T16:44:51,hmm does everyone have the handout open if that works for everyone
M00440,G16,studio_1,S052,2026-09-10T16:44:59,"oh not sure, but cues matter as much as effort when you are trying to bring something back what do you think"
M00441,G20,studio_1,S119,2026-09-10T16:45:02,alright should we outline first right
M00442,G10,studio_1,S015,2026-09-10T16:45:08,so i think recall beats rereading for us because the exam is all application
M00443,G17,studio_1,S086,2026-09-10T16:45:18,right that makes sense
M00444,G08,studio_1,S068,2026-09-10T16:45:44,what does that term mean again right
M00445,G16,studio_1,S070,2026-09-10T16:46:00,ok i'll take the counterargument
M00446,G17,studio_1,S062,2026-09-10T16:46:04,"alright from the reading, we could open with the difference between recognizing and producing does that track"
M00447,G03,studio_1,S023,2026-09-10T16:46:07,hmm are we answering question ten or the next one
M00448,G13,studio_1,S091,2026-09-10T16:46:14,hey good point?
M00449,G20,studio_1,S117,2026-09-10T16:46:34,"counterpoint, the testing effect showed up even in the ungraded condition which is the interesting part does that track"
M00450,G10,studio_1,S078,2026-09-10T16:46:38,"ok counterpoint, chunking is basically why the experts in the study looked faster right"
M00451,G21,studio_1,S098,2026-09-10T16:46:38,so maybe we could open with the difference between recognizing and producing or am i off
M00452,G05,studio_1,S107,2026-09-10T16:46:38,so maybe we say encoding decides which cues work later
M00453,G03,studio_1,S079,2026-09-10T16:46:43,hmm i think cues matter as much as effort when you are trying to bring something back
M00454,G14,studio_1,S031,2026-09-10T16:46:47,we have fifteen minutes left
M00455,G08,studio_1,S047,2026-09-10T16:46:53,"oh from the reading, i think recall beats rereading for us because the exam is all application"
M00456,G09,studio_1,S029,2026-09-10T16:47:10,right sorry can you repeat that right
M00457,G02,studio_1,S019,2026-09-10T16:47:20,hey my wifi dropped sorry sorry if that is obvious
M00458,G05,studio_1,S043,2026-09-10T16:47:34,alright oh interesting
M00459,G22,studio_1,S093,2026-09-10T16:48:20,"hey for the doc, recognizing it in the notes is not the same as producing it what do you think"
M00460,G17,studio_1,S086,2026-09-10T16:48:20,yeah honestly i think recall beats rereading for us because the exam is all application lol
M00461,G07,studio_1,S071,2026-09-10T16:48:20,right is that the same as what we said before if that works for everyone
M00462,G05,studio_1,S025,2026-09-10T16:48:26,the testing effect showed up even in the ungraded condition which is the interesting part or am i off
M00463,G14,studio_1,S031,2026-09-10T16:48:30,wait does everyone have the prompt open what do you think
M00464,G14,studio_1,S039,2026-09-10T16:48:32,wait i think chunking is basically why the experts in the study looked faster sorry if that is obvious
M00465,G19,studio_1,S003,2026-09-10T16:48:41,i think recall beats rereading for us because the exam is all application does that track
M00466,G16,studio_1,S070,2026-09-10T16:48:57,can someone paste the transcript?
M00467,G04,studio_1,S050,2026-09-10T16:48:59,wait do you mean the table or the other one does that track
M00468,G22,studio_1,S096,2026-09-10T16:49:00,maybe we say encoding decides which cues work later does that track
M00469,G11,studio_1,S105,2026-09-10T16:49:15,hmm i'm back
M00470,G07,studio_1,S071,2026-09-10T16:49:17,oh do you mean the reading or the other one right
M00471,G08,studio_1,S068,2026-09-10T16:49:17,wait maybe we say encoding decides which cues work later sorry if that is obvious
M00472,G05,studio_1,S043,2026-09-10T16:49:21,hey should we outline first?
M00473,G18,studio_1,S054,2026-09-10T16:49:24,can we come back to part 1 in a sec does that track
M00474,G09,studio_1,S082,2026-09-10T16:49:30,my read is our example should be the blank page recall one
M00475,G15,studio_1,S034,2026-09-10T16:49:33,wait i think recall beats rereading for us because the exam is all application
M00476,G24,studio_1,S028,2026-09-10T16:49:39,"ok from the reading, the testing effect showed up even in the ungraded condition which is the interesting part"
M00477,G09,studio_1,S036,2026-09-10T16:49:52,ok i'll take the wrap up right
M00478,G24,studio_1,S060,2026-09-10T16:50:02,alright who is taking notes today right
M00479,G16,studio_1,S007,2026-09-10T16:50:13,alright that made me laugh
M00480,G13,studio_1,S072,2026-09-10T16:50:16,ok does everyone have the transcript open or am i off
M00481,G24,studio_1,S041,2026-09-10T16:50:26,can we come back to the counterargument in a sec lol
M00482,G05,studio_1,S025,2026-09-10T16:50:34,"hey from the reading, the forgetting curve thing only worked for me when i spaced it out right"
M00483,G14,studio_1,S065,2026-09-10T16:50:45,oh nice
M00484,G20,studio_1,S113,2026-09-10T16:50:55,that made me laugh
M00485,G19,studio_1,S066,2026-09-10T16:51:06,oh where is that in the example if that works for everyone
M00486,G07,studio_1,S010,2026-09-10T16:51:10,right chunking is basically why the experts in the study looked faster or am i off
M00487,G03,studio_1,S055,2026-09-10T16:51:19,hey i'm following now right
M00488,G08,studio_1,S021,2026-09-10T16:51:39,hey putting the transcript at the top of the doc lol
M00489,G19,studio_1,S018,2026-09-10T16:51:44,wait honestly the testing effect showed up even in the ungraded condition which is the interesting part
M00490,G20,studio_1,S113,2026-09-10T16:51:45,sharing my screen now
M00491,G06,studio_1,S116,2026-09-10T16:51:58,where is that in the example does that track
M00492,G03,studio_1,S079,2026-09-10T16:52:00,ok really
M00493,G15,studio_1,S006,2026-09-10T16:52:09,oh which the rubric are we on right
M00494,G18,studio_1,S069,2026-09-10T16:52:10,hmm agreed
M00495,G17,studio_1,S035,2026-09-10T16:52:32,are we answering question five or the next one sorry if that is obvious
M00496,G17,studio_1,S086,2026-09-10T16:52:45,"not sure, but we could open with the difference between recognizing and producing right"
M00497,G20,studio_1,S119,2026-09-10T16:53:07,right someone should own the intro if that works for everyone
M00498,G03,studio_1,S100,2026-09-10T16:53:10,nice
M00499,G16,studio_1,S070,2026-09-10T16:53:11,hmm i think chunking is basically why the experts in the study looked faster if that works for everyone
M00500,G15,studio_1,S032,2026-09-10T16:53:17,hey sorry can you repeat that
M00501,G10,studio_1,S015,2026-09-10T16:53:21,i think recall beats rereading for us because the exam is all application
M00502,G15,studio_1,S020,2026-09-10T16:53:45,wait i'm adding the doc link to the doc right
M00503,G20,studio_1,S113,2026-09-10T16:53:45,"counterpoint, our example should be the blank page recall one?"
M00504,G16,studio_1,S052,2026-09-10T16:53:48,yeah is that the same as what we said before
M00505,G07,studio_1,S010,2026-09-10T16:54:05,hmm running two minutes late what do you think
M00506,G15,studio_1,S014,2026-09-10T16:54:16,wait sharing my screen now or am i off
M00507,G18,studio_1,S004,2026-09-10T16:54:17,wait can someone paste the slide
M00508,G09,studio_1,S067,2026-09-10T16:54:21,yeah what does that term mean again
M00509,G01,studio_1,S038,2026-09-10T16:54:23,so the testing effect showed up even in the ungraded condition which is the interesting part
M00510,G22,studio_1,S027,2026-09-10T16:54:27,right hi all
M00511,G07,studio_1,S001,2026-09-10T16:54:32,wait so maybe we say encoding decides which cues work later right
M00512,G19,studio_1,S042,2026-09-10T16:54:33,are we answering question ten or the next one
M00513,G18,studio_1,S101,2026-09-10T16:54:34,right can you say more about that?
M00514,G04,studio_1,S002,2026-09-10T16:54:35,ok can someone paste the doc link does that track
M00515,G15,studio_1,S034,2026-09-10T16:54:35,can we come back to part 2 in a sec does that track
M00516,G19,studio_1,S018,2026-09-10T16:54:37,right love that lol
M00517,G02,studio_1,S017,2026-09-10T16:54:39,hey can you give an example or am i off
M00518,G06,studio_1,S045,2026-09-10T16:54:40,hey moving the doc link into the doc now if that works for everyone
M00519,G15,studio_1,S020,2026-09-10T16:54:47,so agreed
M00520,G01,studio_1,S038,2026-09-10T16:54:53,ok love that
M00521,G22,studio_1,S027,2026-09-10T16:54:58,really
M00522,G22,studio_1,S093,2026-09-10T16:55:06,right i'm back
M00523,G15,studio_1,S034,2026-09-10T16:55:29,moving the transcript into the doc now does that track
M00524,G09,studio_1,S036,2026-09-10T16:55:41,ok brb one sec or am i off
M00525,G10,studio_1,S009,2026-09-10T16:55:43,ok can someone paste the reading what do you think
M00526,G11,studio_1,S058,2026-09-10T16:56:06,i missed that last bit lol
M00527,G15,studio_1,S032,2026-09-10T16:56:26,hey that is a great way to put it
M00528,G12,studio_1,S057,2026-09-10T16:56:29,oh that makes sense
M00529,G01,studio_1,S030,2026-09-10T16:56:30,alright good point
M00530,G23,studio_1,S024,2026-09-10T16:56:30,so maybe we say encoding decides which cues work later what do you think
M00531,G08,studio_1,S021,2026-09-10T16:56:33,does everyone have the rubric open sorry if that is obvious
M00532,G05,studio_1,S107,2026-09-10T16:56:38,so maybe i think recall beats rereading for us because the exam is all application if that works for everyone
M00533,G12,studio_1,S084,2026-09-10T16:56:49,ok sorry can you repeat that right
M00534,G17,studio_1,S086,2026-09-10T16:56:54,so i'm convinced
M00535,G10,studio_1,S083,2026-09-10T16:57:01,so hold on let me reread the table right
M00536,G04,studio_1,S090,2026-09-10T16:57:07,yeah honestly we could open with the difference between recognizing and producing
M00537,G18,studio_1,S075,2026-09-10T16:57:20,right that is a great way to put it
M00538,G07,studio_1,S001,2026-09-10T16:57:25,"hmm from the reading, we could open with the difference between recognizing and producing what do you think"
M00539,G05,studio_1,S107,2026-09-10T16:57:38,hey no worries
M00540,G11,studio_1,S081,2026-09-10T16:57:56,alright maybe i think recall beats rereading for us because the exam is all application
M00541,G03,studio_1,S079,2026-09-10T16:58:10,"alright not sure, but we could open with the difference between recognizing and producing if that works for everyone"
M00542,G14,studio_1,S074,2026-09-10T16:58:13,so love that
M00543,G16,studio_1,S109,2026-09-10T16:58:19,hmm running two minutes late
M00544,G24,studio_1,S048,2026-09-10T16:58:20,alright cues matter as much as effort when you are trying to bring something back lol
M00545,G11,studio_1,S105,2026-09-10T16:58:25,right maybe we say encoding decides which cues work later
M00546,G08,studio_1,S068,2026-09-10T16:58:26,hey brb one sec
M00547,G16,studio_1,S109,2026-09-10T16:58:27,so should we outline first
M00548,G23,studio_1,S040,2026-09-10T16:58:43,hmm really sorry if that is obvious
M00549,G03,studio_1,S100,2026-09-10T16:58:57,right let's split this twenty ways what do you think
M00550,G16,studio_1,S070,2026-09-10T16:59:03,i missed that last bit lol
M00551,G20,studio_1,S112,2026-09-10T16:59:05,"oh for the doc, maybe we say encoding decides which cues work later"
M00552,G05,studio_1,S118,2026-09-10T16:59:38,so who is taking notes today lol
M00553,G03,studio_1,S100,2026-09-10T16:59:44,yeah so the forgetting curve thing only worked for me when i spaced it out right
M00554,G01,studio_1,S038,2026-09-10T16:59:45,ok my wifi dropped sorry
M00555,G17,studio_1,S016,2026-09-10T16:59:52,we could open with the difference between recognizing and producing does that track
M00556,G03,studio_1,S055,2026-09-10T17:00:07,do you mean the doc link or the other one sorry if that is obvious
M00557,G16,studio_1,S109,2026-09-10T17:00:10,"from the reading, recognizing it in the notes is not the same as producing it"
M00558,G17,studio_1,S016,2026-09-10T17:00:20,i lost the transcript again sorry
M00559,G09,studio_1,S029,2026-09-10T17:00:20,yeah sharing my screen now
M00560,G18,studio_1,S101,2026-09-10T17:00:32,"yeah for the doc, cues matter as much as effort when you are trying to bring something back does that track"
M00561,G13,studio_1,S012,2026-09-10T17:00:41,hmm my read is cues matter as much as effort when you are trying to bring something back lol
M00562,G13,studio_1,S072,2026-09-10T17:00:53,hey do you mean the prompt or the other one
M00563,G23,studio_1,S106,2026-09-10T17:01:01,oh i can present if nobody else wants to or am i off
M00564,G09,studio_1,S082,2026-09-10T17:01:08,hey let's each take five minutes to write first
M00565,G21,studio_1,S115,2026-09-10T17:01:13,i think maybe we say encoding decides which cues work later lol
M00566,G09,studio_1,S036,2026-09-10T17:01:14,ok brb one sec
M00567,G05,studio_1,S107,2026-09-10T17:01:15,are we answering question fifteen or the next one if that works for everyone
M00568,G11,studio_1,S046,2026-09-10T17:01:18,so i'll write up the wrap up if that works for everyone
M00569,G15,studio_1,S006,2026-09-10T17:01:31,who wants to present back
M00570,G06,studio_1,S116,2026-09-10T17:01:32,i missed that last bit or am i off
M00571,G16,studio_1,S070,2026-09-10T17:01:44,ok oh interesting
M00572,G23,studio_1,S114,2026-09-10T17:01:52,"hmm for the doc, cues matter as much as effort when you are trying to bring something back"
M00573,G20,studio_1,S113,2026-09-10T17:01:54,alright maybe cues matter as much as effort when you are trying to bring something back
M00574,G22,studio_1,S093,2026-09-10T17:01:56,"right not sure, but the testing effect showed up even in the ungraded condition which is the interesting part sorry if that is obvious"
M00575,G02,studio_1,S064,2026-09-10T17:02:23,"wait from the reading, maybe we say encoding decides which cues work later does that track"
M00576,G20,studio_1,S117,2026-09-10T17:02:37,hmm sharing my screen now
M00577,G07,studio_1,S063,2026-09-10T17:02:47,yeah can you give an example
M00578,G09,studio_1,S077,2026-09-10T17:02:52,"wait counterpoint, chunking is basically why the experts in the study looked faster?"
M00579,G20,studio_1,S112,2026-09-10T17:02:58,which the question are we on if that works for everyone
M00580,G22,studio_1,S093,2026-09-10T17:03:03,"wait from the reading, i think recall beats rereading for us because the exam is all application sorry if that is obvious"
M00581,G21,studio_1,S115,2026-09-10T17:03:15,hey maybe we say encoding decides which cues work later lol
M00582,G03,studio_1,S023,2026-09-10T17:03:18,thanks for waiting what do you think
M00583,G22,studio_1,S093,2026-09-10T17:03:23,can you say more about that
M00584,G01,studio_1,S056,2026-09-10T17:03:31,alright is that the same as what we said before what do you think
M00585,G08,studio_1,S088,2026-09-10T17:03:41,so my wifi dropped sorry
M00586,G20,studio_1,S112,2026-09-10T17:03:42,maybe we say encoding decides which cues work later sorry if that is obvious
M00587,G04,studio_1,S050,2026-09-10T17:04:03,right the forgetting curve thing only worked for me when i spaced it out does that track
M00588,G17,studio_1,S062,2026-09-10T17:04:04,wait do you mean our notes or the other one
M00589,G13,studio_1,S022,2026-09-10T17:04:09,right i'm back
M00590,G11,studio_1,S081,2026-09-10T17:04:09,do you mean the example or the other one?
M00591,G21,studio_1,S115,2026-09-10T17:04:11,maybe our example should be the blank page recall one does that track
M00592,G11,studio_1,S092,2026-09-10T17:04:15,right putting the transcript at the top of the doc or am i off
M00593,G17,studio_1,S062,2026-09-10T17:04:16,"ok counterpoint, our example should be the blank page recall one"
M00594,G05,studio_1,S043,2026-09-10T17:04:18,right i'll take the last section lol
M00595,G10,studio_1,S103,2026-09-10T17:04:26,i'll take the last section
M00596,G15,studio_1,S020,2026-09-10T17:04:30,hold on let me reread the table does that track
M00597,G13,studio_1,S022,2026-09-10T17:04:38,hey who is taking notes today
M00598,G01,studio_1,S076,2026-09-10T17:04:47,ok i can present if nobody else wants to lol
M00599,G09,studio_1,S036,2026-09-10T17:04:54,my wifi dropped sorry
M00600,G20,studio_1,S119,2026-09-10T17:04:56,same here honestly
M00601,G16,studio_1,S052,2026-09-10T17:04:57,ok my wifi dropped sorry
M00602,G18,studio_1,S075,2026-09-10T17:05:13,hmm i'll write up the second question
M00603,G15,studio_1,S006,2026-09-10T17:05:31,can you say more about that or am i off
M00604,G05,studio_1,S043,2026-09-10T17:06:01,ok let's each take ten minutes to write first right
M00605,G10,studio_1,S078,2026-09-10T17:06:17,let's each take four minutes to write first
M00606,G20,studio_1,S119,2026-09-10T17:06:20,alright brb one sec if that works for everyone
M00607,G09,studio_1,S029,2026-09-10T17:06:22,wait i can set up the doc what do you think
M00608,G05,studio_1,S043,2026-09-10T17:06:23,wait someone should own part 1 if that works for everyone
M00609,G02,studio_1,S026,2026-09-10T17:06:27,right we could open with the difference between recognizing and producing
M00610,G11,studio_1,S092,2026-09-10T17:06:29,recognizing it in the notes is not the same as producing it sorry if that is obvious
M00611,G06,studio_1,S045,2026-09-10T17:06:29,"not sure, but i think recall beats rereading for us because the exam is all application"
M00612,G15,studio_1,S006,2026-09-10T17:06:31,right our example should be the blank page recall one?
M00613,G10,studio_1,S083,2026-09-10T17:06:40,right we have ten minutes left if that works for everyone
M00614,G02,studio_1,S017,2026-09-10T17:06:42,oh are we answering question three or the next one
M00615,G01,studio_1,S030,2026-09-10T17:06:43,"right counterpoint, i think recall beats rereading for us because the exam is all application lol"
M00616,G24,studio_1,S041,2026-09-10T17:06:44,"oh counterpoint, i think recall beats rereading for us because the exam is all application if that works for everyone"
M00617,G22,studio_1,S110,2026-09-10T17:06:45,so maybe we say encoding decides which cues work later
M00618,G15,studio_1,S034,2026-09-10T17:06:49,yeah hold on let me reread the doc link if that works for everyone
M00619,G01,studio_1,S076,2026-09-10T17:06:52,hey so our example should be the blank page recall one does that track
M00620,G08,studio_1,S068,2026-09-10T17:06:56,so i think recall beats rereading for us because the exam is all application what do you think
M00621,G04,studio_1,S002,2026-09-10T17:06:57,oh maybe we say encoding decides which cues work later or am i off
M00622,G13,studio_1,S072,2026-09-10T17:06:59,alright i'm not sure i follow or am i off
M00623,G12,studio_1,S059,2026-09-10T17:07:02,alright does everyone have our notes open?
M00624,G22,studio_1,S110,2026-09-10T17:07:06,right do you mean the handout or the other one
M00625,G18,studio_1,S075,2026-09-10T17:07:10,ok no worries
M00626,G09,studio_1,S067,2026-09-10T17:07:17,ok can we come back to the summary in a sec right
M00627,G08,studio_1,S088,2026-09-10T17:07:35,"counterpoint, the testing effect showed up even in the ungraded condition which is the interesting part what do you think"
M00628,G01,studio_1,S056,2026-09-10T17:07:41,i missed that last bit right
M00629,G18,studio_1,S004,2026-09-10T17:07:42,so chunking is basically why the experts in the study looked faster lol
M00630,G07,studio_1,S010,2026-09-10T17:07:44,i can present if nobody else wants to
M00631,G03,studio_1,S079,2026-09-10T17:07:48,right so i think recall beats rereading for us because the exam is all application?
M00632,G06,studio_1,S073,2026-09-10T17:07:48,so that is a great way to put it
M00633,G18,studio_1,S075,2026-09-10T17:07:50,who wants to present back
M00634,G16,studio_1,S070,2026-09-10T17:07:52,hey are we answering question three or the next one if that works for everyone
M00635,G18,studio_1,S075,2026-09-10T17:08:06,hmm the forgetting curve thing only worked for me when i spaced it out
M00636,G14,studio_1,S074,2026-09-10T17:08:07,so are we answering question twenty or the next one if that works for everyone
M00637,G14,studio_1,S031,2026-09-10T17:08:09,hmm i'm convinced or am i off
M00638,G19,studio_1,S066,2026-09-10T17:08:32,oh interesting
M00639,G12,studio_1,S084,2026-09-10T17:08:38,so thanks for waiting
M00640,G19,studio_1,S008,2026-09-10T17:08:39,"ok not sure, but the testing effect showed up even in the ungraded condition which is the interesting part if that works for everyone"
M00641,G16,studio_1,S070,2026-09-10T17:08:40,yeah i think recall beats rereading for us because the exam is all application
M00642,G11,studio_1,S081,2026-09-10T17:08:44,"counterpoint, our example should be the blank page recall one does that track"
M00643,G14,studio_1,S039,2026-09-10T17:08:44,wait which the question are we on?
M00644,G16,studio_1,S070,2026-09-10T17:08:45,hmm i missed that last bit does that track
M00645,G22,studio_1,S027,2026-09-10T17:08:58,oh agreed
M00646,G08,studio_1,S047,2026-09-10T17:09:02,"wait not sure, but maybe we say encoding decides which cues work later if that works for everyone"
M00647,G22,studio_1,S096,2026-09-10T17:09:14,right can we come back to the last section in a sec does that track
M00648,G16,studio_1,S070,2026-09-10T17:09:15,wait recognizing it in the notes is not the same as producing it
M00649,G04,studio_1,S050,2026-09-10T17:09:27,hey i'll write up the intro if that works for everyone
M00650,G19,studio_1,S018,2026-09-10T17:09:29,alright i can start the doc or am i off
M00651,G24,studio_1,S028,2026-09-10T17:09:35,wait who is taking notes today or am i off
M00652,G21,studio_1,S098,2026-09-10T17:09:58,ok moving the handout into the doc now if that works for everyone
M00653,G08,studio_1,S021,2026-09-10T17:10:06,yeah i think we could open with the difference between recognizing and producing what do you think
M00654,G21,studio_1,S085,2026-09-10T17:10:13,wait recognizing it in the notes is not the same as producing it
M00655,G03,studio_1,S100,2026-09-10T17:10:19,alright let's timebox this to two minutes or am i off
M00656,G06,studio_1,S073,2026-09-10T17:10:36,can someone paste the table if that works for everyone
M00657,G10,studio_1,S078,2026-09-10T17:10:47,can you say more about that
M00658,G20,studio_1,S112,2026-09-10T17:11:06,hey recognizing it in the notes is not the same as producing it
M00659,G20,studio_1,S112,2026-09-10T17:11:10,hmm who wants to present back
M00660,G10,studio_1,S015,2026-09-10T17:11:11,"oh for the doc, cues matter as much as effort when you are trying to bring something back sorry if that is obvious"
M00661,G22,studio_1,S093,2026-09-10T17:11:20,hmm maybe maybe we say encoding decides which cues work later right
M00662,G10,studio_1,S083,2026-09-10T17:11:22,oh is that the same as what we said before right
M00663,G12,studio_1,S057,2026-09-10T17:11:29,"right not sure, but we could open with the difference between recognizing and producing right"
M00664,G16,studio_1,S070,2026-09-10T17:11:31,wait thanks for waiting
M00665,G12,studio_1,S013,2026-09-10T17:11:34,yeah so cues matter as much as effort when you are trying to bring something back if that works for everyone
M00666,G14,studio_1,S039,2026-09-10T17:11:37,my read is the forgetting curve thing only worked for me when i spaced it out does that track
M00667,G21,studio_1,S098,2026-09-10T17:11:47,alright that made me laugh
M00668,G21,studio_1,S111,2026-09-10T17:12:02,"hey from the reading, chunking is basically why the experts in the study looked faster?"
M00669,G20,studio_1,S089,2026-09-10T17:12:09,"not sure, but the forgetting curve thing only worked for me when i spaced it out"
M00670,G13,studio_1,S012,2026-09-10T17:12:11,hey i lost the example again sorry or am i off
M00671,G15,studio_1,S006,2026-09-10T17:12:15,hey same here honestly lol
M00672,G16,studio_1,S080,2026-09-10T17:12:18,alright running two minutes late
M00673,G15,studio_1,S014,2026-09-10T17:12:23,"not sure, but maybe we say encoding decides which cues work later"
M00674,G04,studio_1,S050,2026-09-10T17:12:23,alright can someone paste the handout?
M00675,G06,studio_1,S116,2026-09-10T17:12:27,yeah my wifi dropped sorry
M00676,G12,studio_1,S057,2026-09-10T17:12:29,right who is taking notes today?
M00677,G05,studio_1,S051,2026-09-10T17:12:47,right hi all right
M00678,G17,studio_1,S086,2026-09-10T17:12:48,can someone paste the reading
M00679,G14,studio_1,S039,2026-09-10T17:12:50,hey recognizing it in the notes is not the same as producing it lol
M00680,G14,studio_1,S039,2026-09-10T17:13:02,hmm who is taking notes today right
M00681,G07,studio_1,S010,2026-09-10T17:13:05,hey hi all
M00682,G03,studio_1,S100,2026-09-10T17:13:10,hmm can someone paste the prompt right
M00683,G11,studio_1,S092,2026-09-10T17:13:16,hey no worries
M00684,G13,studio_1,S022,2026-09-10T17:13:17,i think chunking is basically why the experts in the study looked faster
M00685,G14,studio_1,S039,2026-09-10T17:13:19,alright i'm not sure i follow does that track
M00686,G22,studio_1,S093,2026-09-10T17:13:20,i'm adding the question to the doc lol
M00687,G13,studio_1,S072,2026-09-10T17:13:20,wait no worries
M00688,G03,studio_1,S100,2026-09-10T17:13:39,yeah maybe maybe we say encoding decides which cues work later
M00689,G16,studio_1,S052,2026-09-10T17:13:53,"hey for the doc, maybe we say encoding decides which cues work later right"
M00690,G22,studio_1,S110,2026-09-10T17:13:54,wait i'll take the examples what do you think
M00691,G13,studio_1,S022,2026-09-10T17:14:02,wait who wants to present back?
M00692,G13,studio_1,S061,2026-09-10T17:14:04,hey which the handout are we on if that works for everyone
M00693,G14,studio_1,S065,2026-09-10T17:14:08,hey i can reorganize the doc
M00694,G16,studio_1,S070,2026-09-10T17:14:13,wait recognizing it in the notes is not the same as producing it does that track
M00695,G14,studio_1,S039,2026-09-10T17:14:25,oh maybe we say encoding decides which cues work later sorry if that is obvious
M00696,G17,studio_1,S062,2026-09-10T17:14:33,i can present if nobody else wants to right
M00697,G24,studio_1,S060,2026-09-10T17:14:39,"not sure, but the testing effect showed up even in the ungraded condition which is the interesting part what do you think"
M00698,G17,studio_1,S062,2026-09-10T17:14:54,sorry can you repeat that sorry if that is obvious
M00699,G14,studio_1,S104,2026-09-10T17:15:01,yeah love that lol
M00700,G11,studio_1,S058,2026-09-10T17:15:05,can we come back to the summary in a sec if that works for everyone
M00701,G23,studio_1,S114,2026-09-10T17:15:16,oh interesting
M00702,G22,studio_1,S027,2026-09-10T17:15:17,yeah where is that in the slide lol
M00703,G14,studio_1,S065,2026-09-10T17:15:18,recognizing it in the notes is not the same as producing it
M00704,G05,studio_1,S051,2026-09-10T17:15:23,yeah maybe our example should be the blank page recall one
M00705,G21,studio_1,S115,2026-09-10T17:15:24,good point
M00706,G02,studio_1,S019,2026-09-10T17:15:33,oh can you give an example if that works for everyone
M00707,G15,studio_1,S014,2026-09-10T17:15:43,hmm can you give an example
M00708,G21,studio_1,S111,2026-09-10T17:15:43,alright so recognizing it in the notes is not the same as producing it sorry if that is obvious
M00709,G11,studio_1,S058,2026-09-10T17:15:47,oh i'm back does that track
M00710,G23,studio_1,S106,2026-09-10T17:16:02,our example should be the blank page recall one
M00711,G14,studio_1,S031,2026-09-10T17:16:05,my read is chunking is basically why the experts in the study looked faster
M00712,G23,studio_1,S040,2026-09-10T17:16:06,ok i'm convinced what do you think
M00713,G24,studio_1,S028,2026-09-10T17:16:07,honestly the testing effect showed up even in the ungraded condition which is the interesting part?
M00714,G10,studio_1,S009,2026-09-10T17:16:11,"wait for the doc, i think recall beats rereading for us because the exam is all application what do you think"
M00715,G17,studio_1,S062,2026-09-10T17:16:17,yeah moving the prompt into the doc now?
M00716,G08,studio_1,S068,2026-09-10T17:16:19,i think maybe we say encoding decides which cues work later
M00717,G08,studio_1,S068,2026-09-10T17:16:21,hey our example should be the blank page recall one
M00718,G21,studio_1,S085,2026-09-10T17:16:29,hmm this is fun actually
M00719,G13,studio_1,S022,2026-09-10T17:16:33,honestly i think recall beats rereading for us because the exam is all application or am i off
M00720,G20,studio_1,S112,2026-09-10T17:16:33,honestly the forgetting curve thing only worked for me when i spaced it out what do you think
M00721,G13,studio_1,S012,2026-09-10T17:16:34,so sharing my screen now
M00722,G12,studio_1,S057,2026-09-10T17:16:45,right i'm back
M00723,G19,studio_1,S042,2026-09-10T17:17:04,"right from the reading, the forgetting curve thing only worked for me when i spaced it out"
M00724,G08,studio_1,S068,2026-09-10T17:17:06,my read is the forgetting curve thing only worked for me when i spaced it out does that track
M00725,G21,studio_1,S085,2026-09-10T17:17:13,i'll take part 1?
M00726,G03,studio_1,S079,2026-09-10T17:17:17,"oh from the reading, the testing effect showed up even in the ungraded condition which is the interesting part"
M00727,G16,studio_1,S070,2026-09-10T17:17:31,can we come back to part 3 in a sec does that track
M00728,G11,studio_1,S046,2026-09-10T17:17:34,right are we answering question four or the next one or am i off
M00729,G02,studio_1,S026,2026-09-10T17:17:42,hold on let me reread the rubric sorry if that is obvious
M00730,G23,studio_1,S114,2026-09-10T17:17:48,wait so the testing effect showed up even in the ungraded condition which is the interesting part
M00731,G04,studio_1,S102,2026-09-10T17:17:52,"hmm for the doc, the testing effect showed up even in the ungraded condition which is the interesting part"
M00732,G24,studio_1,S028,2026-09-10T17:17:54,hmm can someone paste the rubric what do you think
M00733,G07,studio_1,S010,2026-09-10T17:17:57,ok sharing my screen now right
M00734,G04,studio_1,S050,2026-09-10T17:18:02,alright can you give an example lol
M00735,G04,studio_1,S002,2026-09-10T17:18:08,oh are we answering question ten or the next one
M00736,G08,studio_1,S047,2026-09-10T17:18:11,"right counterpoint, cues matter as much as effort when you are trying to bring something back what do you think"
M00737,G10,studio_1,S009,2026-09-10T17:18:16,"yeah counterpoint, our example should be the blank page recall one lol"
M00738,G02,studio_1,S019,2026-09-10T17:18:16,so thanks for waiting
M00739,G08,studio_1,S021,2026-09-10T17:18:18,so sorry can you repeat that?
M00740,G22,studio_1,S027,2026-09-10T17:18:21,hey my read is i think recall beats rereading for us because the exam is all application lol
M00741,G15,studio_1,S006,2026-09-10T17:18:25,my read is maybe we say encoding decides which cues work later lol
M00742,G11,studio_1,S058,2026-09-10T17:18:42,hey hi all
M00743,G09,studio_1,S077,2026-09-10T17:18:45,right i think we could open with the difference between recognizing and producing right
M00744,G24,studio_1,S060,2026-09-10T17:18:46,so nice?
M00745,G10,studio_1,S009,2026-09-10T17:18:53,hmm maybe we say encoding decides which cues work later does that track
M00746,G16,studio_1,S109,2026-09-10T17:19:08,oh i think the testing effect showed up even in the ungraded condition which is the interesting part sorry if that is obvious
M00747,G22,studio_1,S110,2026-09-10T17:19:09,yeah chunking is basically why the experts in the study looked faster or am i off
M00748,G05,studio_1,S043,2026-09-10T17:19:19,so we have four minutes left
M00749,G11,studio_1,S081,2026-09-10T17:19:20,hmm i think maybe we say encoding decides which cues work later right
M00750,G24,studio_1,S048,2026-09-10T17:19:23,yeah the testing effect showed up even in the ungraded condition which is the interesting part
M00751,G09,studio_1,S036,2026-09-10T17:19:30,right let's split this four ways
M00752,G04,studio_1,S090,2026-09-10T17:19:30,alright really lol
M00753,G10,studio_1,S015,2026-09-10T17:19:35,"alright counterpoint, maybe we say encoding decides which cues work later sorry if that is obvious"
M00754,G09,studio_1,S067,2026-09-10T17:19:36,thanks for waiting
M00755,G10,studio_1,S078,2026-09-10T17:19:38,oh running two minutes late
M00756,G15,studio_1,S020,2026-09-10T17:19:48,so chunking is basically why the experts in the study looked faster right
M00757,G23,studio_1,S114,2026-09-10T17:19:50,"not sure, but maybe we say encoding decides which cues work later does that track"
M00758,G15,studio_1,S020,2026-09-10T17:20:19,honestly the testing effect showed up even in the ungraded condition which is the interesting part lol
M00759,G05,studio_1,S107,2026-09-10T17:20:28,"oh for the doc, the testing effect showed up even in the ungraded condition which is the interesting part right"
M00760,G11,studio_1,S081,2026-09-10T17:20:42,yeah does everyone have the reading open if that works for everyone
M00761,G21,studio_1,S115,2026-09-10T17:20:47,hmm moving the handout into the doc now
M00762,G11,studio_1,S046,2026-09-10T17:20:50,ok i'm following now
M00763,G16,studio_1,S080,2026-09-10T17:20:50,so is that the same as what we said before or am i off
M00764,G16,studio_1,S070,2026-09-10T17:20:50,hey so i think recall beats rereading for us because the exam is all application lol
M00765,G21,studio_1,S111,2026-09-10T17:20:52,hey our example should be the blank page recall one
M00766,G16,studio_1,S052,2026-09-10T17:20:52,yeah which the table are we on what do you think
M00767,G05,studio_1,S025,2026-09-10T17:21:01,yeah so we could open with the difference between recognizing and producing
M00768,G14,studio_1,S039,2026-09-10T17:21:11,alright my read is we could open with the difference between recognizing and producing lol
M00769,G03,studio_1,S055,2026-09-10T17:21:11,oh i'm convinced
M00770,G06,studio_1,S045,2026-09-10T17:21:30,right i missed that last bit
M00771,G04,studio_1,S090,2026-09-10T17:21:41,my read is the testing effect showed up even in the ungraded condition which is the interesting part
M00772,G24,studio_1,S028,2026-09-10T17:21:50,this is fun actually
M00773,G13,studio_1,S091,2026-09-10T17:21:51,hmm honestly our example should be the blank page recall one does that track
M00774,G15,studio_1,S034,2026-09-10T17:22:02,ok my wifi dropped sorry or am i off
M00775,G06,studio_1,S053,2026-09-10T17:22:04,so can you say more about that
M00776,G11,studio_1,S092,2026-09-10T17:22:12,alright sharing my screen now if that works for everyone
M00777,G24,studio_1,S060,2026-09-10T17:22:17,alright maybe i think recall beats rereading for us because the exam is all application
M00778,G23,studio_1,S024,2026-09-10T17:22:25,sorry can you repeat that
M00779,G14,studio_1,S031,2026-09-10T17:22:26,i lost the doc link again sorry
M00780,G05,studio_1,S043,2026-09-10T17:22:27,our example should be the blank page recall one
M00781,G19,studio_1,S042,2026-09-10T17:22:29,"not sure, but i think recall beats rereading for us because the exam is all application right"
M00782,G16,studio_1,S070,2026-09-10T17:22:30,alright that makes sense
M00783,G14,studio_1,S104,2026-09-10T17:22:31,hmm brb one sec
M00784,G22,studio_1,S093,2026-09-10T17:22:33,right you two are on a roll
M00785,G10,studio_1,S083,2026-09-10T17:22:39,oh does everyone have the prompt open does that track
M00786,G22,studio_1,S110,2026-09-10T17:22:42,yeah so the forgetting curve thing only worked for me when i spaced it out
M00787,G19,studio_1,S042,2026-09-10T17:22:43,right that makes sense
M00788,G17,studio_1,S086,2026-09-10T17:22:54,my read is we could open with the difference between recognizing and producing
M00789,G12,studio_1,S095,2026-09-10T17:22:54,"for the doc, the forgetting curve thing only worked for me when i spaced it out sorry if that is obvious"
M00790,G24,studio_1,S041,2026-09-10T17:22:57,ok cues matter as much as effort when you are trying to bring something back if that works for everyone
M00791,G13,studio_1,S061,2026-09-10T17:23:02,wait hold on let me reread the handout
M00792,G03,studio_1,S037,2026-09-10T17:23:13,hey maybe chunking is basically why the experts in the study looked faster right
M00793,G06,studio_1,S011,2026-09-10T17:23:31,same here honestly
M00794,G20,studio_1,S112,2026-09-10T17:23:36,hmm honestly the testing effect showed up even in the ungraded condition which is the interesting part right
M00795,G22,studio_1,S110,2026-09-10T17:23:37,yeah can you say more about that
M00796,G15,studio_1,S006,2026-09-10T17:23:37,ok i think cues matter as much as effort when you are trying to bring something back does that track
M00797,G20,studio_1,S089,2026-09-10T17:23:41,wait which the prompt are we on
M00798,G15,studio_1,S006,2026-09-10T17:23:46,so fair enough or am i off
M00799,G14,studio_1,S031,2026-09-10T17:23:47,wait i'll take the definitions if that works for everyone
M00800,G23,studio_1,S049,2026-09-10T17:23:50,our example should be the blank page recall one what do you think
M00801,G04,studio_1,S087,2026-09-10T17:23:59,hey hold on let me reread the transcript right
M00802,G16,studio_1,S080,2026-09-10T17:24:03,yeah maybe we say encoding decides which cues work later if that works for everyone
M00803,G02,studio_1,S017,2026-09-10T17:24:06,alright where is that in the table does that track
M00804,G14,studio_1,S104,2026-09-10T17:24:07,alright i'm adding the question to the doc
M00805,G05,studio_1,S051,2026-09-10T17:24:08,wait my read is maybe we say encoding decides which cues work later
M00806,G11,studio_1,S092,2026-09-10T17:24:14,do you mean the doc link or the other one if that works for everyone
M00807,G23,studio_1,S040,2026-09-10T17:24:20,agreed
M00808,G04,studio_1,S050,2026-09-10T17:24:26,right hi all
M00809,G08,studio_1,S108,2026-09-10T17:24:34,wait the forgetting curve thing only worked for me when i spaced it out or am i off
M00810,G10,studio_1,S078,2026-09-10T17:24:38,honestly we could open with the difference between recognizing and producing sorry if that is obvious
M00811,G22,studio_1,S027,2026-09-10T17:24:55,hmm what does that term mean again
M00812,G16,studio_1,S052,2026-09-10T17:24:59,right nice
M00813,G16,studio_1,S070,2026-09-10T17:25:00,wait sharing my screen now if that works for everyone
M00814,G12,studio_1,S057,2026-09-10T17:25:12,alright my read is our example should be the blank page recall one sorry if that is obvious
M00815,G01,studio_1,S030,2026-09-10T17:25:35,what does that term mean again lol
M00816,G01,studio_1,S038,2026-09-10T17:25:36,"so not sure, but i think recall beats rereading for us because the exam is all application"
M00817,G18,studio_1,S004,2026-09-10T17:25:41,oh maybe we could open with the difference between recognizing and producing?
M00818,G23,studio_1,S114,2026-09-10T17:25:54,so hold on let me reread the prompt
M00819,G15,studio_1,S014,2026-09-10T17:25:54,right you two are on a roll
M00820,G23,studio_1,S106,2026-09-10T17:26:00,so i'm back
M00821,G10,studio_1,S083,2026-09-10T17:26:15,"hmm for the doc, we could open with the difference between recognizing and producing what do you think"
M00822,G07,studio_1,S010,2026-09-10T17:26:18,yeah really
M00823,G21,studio_1,S111,2026-09-10T17:26:23,putting the question at the top of the doc what do you think
M00824,G19,studio_1,S042,2026-09-10T17:26:23,i'm convinced
M00825,G06,studio_1,S053,2026-09-10T17:26:26,hey let's each take three minutes to write first or am i off
M00826,G10,studio_1,S078,2026-09-10T17:26:37,oh putting the reading at the top of the doc right
M00827,G09,studio_1,S036,2026-09-10T17:26:39,i'm adding the question to the doc sorry if that is obvious
M00828,G24,studio_1,S048,2026-09-10T17:26:50,hey where is that in the rubric right
M00829,G23,studio_1,S106,2026-09-10T17:26:53,let's each take fifteen minutes to write first
M00830,G09,studio_1,S082,2026-09-10T17:26:56,right i think recognizing it in the notes is not the same as producing it or am i off
M00831,G21,studio_1,S098,2026-09-10T17:27:00,oh you two are on a roll
M00832,G12,studio_1,S084,2026-09-10T17:27:09,so honestly maybe we say encoding decides which cues work later or am i off
M00833,G12,studio_1,S057,2026-09-10T17:27:20,right let's timebox this to ten minutes what do you think
M00834,G03,studio_1,S079,2026-09-10T17:27:20,hmm i'll write up the wrap up what do you think
M00835,G20,studio_1,S112,2026-09-10T17:27:21,wait brb one sec
M00836,G13,studio_1,S012,2026-09-10T17:27:25,oh i'm convinced lol
M00837,G23,studio_1,S049,2026-09-10T17:27:26,"wait for the doc, i think recall beats rereading for us because the exam is all application if that works for everyone"
M00838,G03,studio_1,S037,2026-09-10T17:27:43,yeah i can share the doc or am i off
M00839,G06,studio_1,S073,2026-09-10T17:27:44,ok i'm adding the example to the doc
M00840,G13,studio_1,S061,2026-09-10T17:27:50,oh i'm back
M00841,G03,studio_2,S100,2026-09-17T16:01:05,i'm adding the doc link to the doc?
M00842,G06,studio_2,S073,2026-09-17T16:01:07,i'm back
M00843,G02,studio_2,S017,2026-09-17T16:01:22,i'll take the counterargument or am i off
M00844,G14,studio_2,S039,2026-09-17T16:01:31,right so the calendar is the intervention honestly
M00845,G08,studio_2,S021,2026-09-17T16:01:35,hey same here honestly
M00846,G16,studio_2,S070,2026-09-17T16:01:40,hmm i'll take the intro does that track
M00847,G04,studio_2,S087,2026-09-17T16:01:43,oh hold on let me reread the transcript
M00848,G21,studio_2,S111,2026-09-17T16:02:14,let's each take two minutes to write first
M00849,G12,studio_2,S057,2026-09-17T16:02:16,"from the reading, blocked practice makes you feel fluent and that is the trap what do you think"
M00850,G03,studio_2,S100,2026-09-17T16:02:19,right good point?
M00851,G14,studio_2,S039,2026-09-17T16:02:28,alright running two minutes late
M00852,G08,studio_2,S021,2026-09-17T16:02:28,yeah so interleaving felt terrible and my scores went up what do you think
M00853,G14,studio_2,S039,2026-09-17T16:02:29,alright this is fun actually lol
M00854,G19,studio_2,S018,2026-09-17T16:02:30,ok i'm not sure i follow sorry if that is obvious
M00855,G21,studio_2,S115,2026-09-17T16:02:54,ok agreed
M00856,G05,studio_2,S107,2026-09-17T16:02:56,wait does everyone have the transcript open right
M00857,G20,studio_2,S113,2026-09-17T16:02:57,can we come back to part 2 in a sec sorry if that is obvious
M00858,G21,studio_2,S098,2026-09-17T16:03:02,ok i'm not sure i follow?
M00859,G08,studio_2,S047,2026-09-17T16:03:03,hey i think cramming is borrowing from next month
M00860,G17,studio_2,S086,2026-09-17T16:03:14,hmm really
M00861,G05,studio_2,S107,2026-09-17T16:03:20,oh this is fun actually
M00862,G17,studio_2,S062,2026-09-17T16:03:21,hmm do you mean the doc link or the other one lol
M00863,G13,studio_2,S061,2026-09-17T16:03:30,i can clean up the doc if that works for everyone
M00864,G08,studio_2,S047,2026-09-17T16:03:35,ok putting the doc link at the top of the doc?
M00865,G07,studio_2,S001,2026-09-17T16:03:37,hmm the lag effect is the part i did not know before this week right
M00866,G04,studio_2,S050,2026-09-17T16:04:03,"for the doc, cramming is borrowing from next month if that works for everyone"
M00867,G15,studio_2,S020,2026-09-17T16:04:03,hmm running two minutes late
M00868,G05,studio_2,S043,2026-09-17T16:04:03,so my read is how long you need to remember it should set the gap if that works for everyone
M00869,G07,studio_2,S044,2026-09-17T16:04:04,can someone paste our notes
M00870,G12,studio_2,S057,2026-09-17T16:04:06,right i'm not sure i follow right
M00871,G08,studio_2,S108,2026-09-17T16:04:08,maybe we should say the optimal gap depends on the retention interval does that track
M00872,G08,studio_2,S047,2026-09-17T16:04:13,yeah how long you need to remember it should set the gap lol
M00873,G14,studio_2,S031,2026-09-17T16:04:13,oh this is fun actually right
M00874,G13,studio_2,S012,2026-09-17T16:04:18,someone should own part 3
M00875,G23,studio_2,S040,2026-09-17T16:04:19,oh honestly how long you need to remember it should set the gap
M00876,G15,studio_2,S006,2026-09-17T16:04:22,four short sessions beat one long one even at equal time sorry if that is obvious
M00877,G06,studio_2,S116,2026-09-17T16:04:25,alright can you say more about that right
M00878,G09,studio_2,S082,2026-09-17T16:04:26,so is that the same as what we said before lol
M00879,G14,studio_2,S104,2026-09-17T16:04:28,"counterpoint, the calendar is the intervention honestly sorry if that is obvious"
M00880,G08,studio_2,S068,2026-09-17T16:04:32,yeah no worries
M00881,G11,studio_2,S105,2026-09-17T16:04:39,right that is a great way to put it right
M00882,G13,studio_2,S072,2026-09-17T16:04:40,hmm i'll take the summary?
M00883,G04,studio_2,S090,2026-09-17T16:04:53,"counterpoint, the lag effect is the part i did not know before this week if that works for everyone"
M00884,G22,studio_2,S096,2026-09-17T16:04:53,what does that term mean again does that track
M00885,G23,studio_2,S024,2026-09-17T16:04:55,ok does everyone have our notes open or am i off
M00886,G11,studio_2,S046,2026-09-17T16:04:55,so can you give an example if that works for everyone
M00887,G07,studio_2,S071,2026-09-17T16:04:59,can you say more about that
M00888,G23,studio_2,S049,2026-09-17T16:05:06,hey i think the lag effect is the part i did not know before this week or am i off
M00889,G06,studio_2,S011,2026-09-17T16:05:12,right what does that term mean again
M00890,G15,studio_2,S006,2026-09-17T16:05:18,i'm not sure i follow what do you think
M00891,G11,studio_2,S081,2026-09-17T16:05:19,hey honestly how long you need to remember it should set the gap
M00892,G19,studio_2,S008,2026-09-17T16:05:32,hmm who wants to present back does that track
M00893,G14,studio_2,S039,2026-09-17T16:05:33,i think our counterexample is the student who cannot control their schedule if that works for everyone
M00894,G24,studio_2,S048,2026-09-17T16:05:43,yeah nice
M00895,G06,studio_2,S073,2026-09-17T16:05:49,alright i'm back?
M00896,G09,studio_2,S077,2026-09-17T16:05:50,ok how long you need to remember it should set the gap if that works for everyone
M00897,G13,studio_2,S022,2026-09-17T16:06:00,so we should say the optimal gap depends on the retention interval right
M00898,G16,studio_2,S109,2026-09-17T16:06:01,i lost the example again sorry
M00899,G16,studio_2,S109,2026-09-17T16:06:08,"right for the doc, how long you need to remember it should set the gap"
M00900,G18,studio_2,S075,2026-09-17T16:06:10,alright maybe blocked practice makes you feel fluent and that is the trap or am i off
M00901,G10,studio_2,S009,2026-09-17T16:06:16,hmm what does that term mean again
M00902,G14,studio_2,S039,2026-09-17T16:06:23,hmm who is taking notes today
M00903,G20,studio_2,S112,2026-09-17T16:06:35,oh brb one sec
M00904,G13,studio_2,S061,2026-09-17T16:06:51,wait can we come back to part 1 in a sec
M00905,G14,studio_2,S039,2026-09-17T16:06:52,right where is that in the question
M00906,G01,studio_2,S076,2026-09-17T16:07:02,oh interesting
M00907,G01,studio_2,S038,2026-09-17T16:07:22,"alright counterpoint, cramming is borrowing from next month right"
M00908,G24,studio_2,S005,2026-09-17T16:07:25,hmm let's each take four minutes to write first sorry if that is obvious
M00909,G11,studio_2,S081,2026-09-17T16:07:36,sorry can you repeat that
M00910,G02,studio_2,S120,2026-09-17T16:07:42,hmm my read is cramming is borrowing from next month
M00911,G22,studio_2,S093,2026-09-17T16:07:45,love that
M00912,G23,studio_2,S106,2026-09-17T16:07:50,maybe cramming is borrowing from next month
M00913,G13,studio_2,S091,2026-09-17T16:07:53,i lost the doc link again sorry sorry if that is obvious
M00914,G08,studio_2,S047,2026-09-17T16:08:03,so i can present if nobody else wants to if that works for everyone
M00915,G08,studio_2,S068,2026-09-17T16:08:07,right good point
M00916,G15,studio_2,S006,2026-09-17T16:08:23,so let's timebox this to twenty minutes if that works for everyone
M00917,G20,studio_2,S113,2026-09-17T16:08:27,"hmm from the reading, blocked practice makes you feel fluent and that is the trap"
M00918,G07,studio_2,S010,2026-09-17T16:08:36,right i missed that last bit
M00919,G09,studio_2,S082,2026-09-17T16:08:46,the calendar is the intervention honestly
M00920,G18,studio_2,S075,2026-09-17T16:08:49,which the slide are we on
M00921,G22,studio_2,S097,2026-09-17T16:09:03,"for the doc, interleaving felt terrible and my scores went up"
M00922,G08,studio_2,S088,2026-09-17T16:09:15,can we come back to part 3 in a sec lol
M00923,G19,studio_2,S018,2026-09-17T16:09:25,"hmm from the reading, our counterexample is the student who cannot control their schedule sorry if that is obvious"
M00924,G12,studio_2,S057,2026-09-17T16:09:28,our counterexample is the student who cannot control their schedule or am i off
M00925,G20,studio_2,S089,2026-09-17T16:09:28,alright can you give an example what do you think
M00926,G05,studio_2,S025,2026-09-17T16:09:38,oh agreed
M00927,G02,studio_2,S019,2026-09-17T16:09:40,does everyone have the slide open if that works for everyone
M00928,G11,studio_2,S092,2026-09-17T16:09:50,so i'm not sure i follow
M00929,G18,studio_2,S054,2026-09-17T16:09:52,right hi all
M00930,G15,studio_2,S020,2026-09-17T16:09:52,ok i'm following now sorry if that is obvious
M00931,G17,studio_2,S086,2026-09-17T16:09:57,hey are we answering question fifteen or the next one lol
M00932,G23,studio_2,S106,2026-09-17T16:10:02,right so interleaving felt terrible and my scores went up if that works for everyone
M00933,G03,studio_2,S023,2026-09-17T16:10:04,hey honestly blocked practice makes you feel fluent and that is the trap what do you think
M00934,G17,studio_2,S035,2026-09-17T16:10:04,right can we come back to the intro in a sec lol
M00935,G10,studio_2,S078,2026-09-17T16:10:13,oh interesting
M00936,G08,studio_2,S068,2026-09-17T16:10:26,"ok from the reading, interleaving felt terrible and my scores went up what do you think"
M00937,G20,studio_2,S113,2026-09-17T16:10:27,hmm i'm not sure i follow?
M00938,G13,studio_2,S061,2026-09-17T16:10:37,oh is that the same as what we said before or am i off
M00939,G19,studio_2,S042,2026-09-17T16:10:42,yeah agreed
M00940,G07,studio_2,S010,2026-09-17T16:10:44,who is taking notes today or am i off
M00941,G21,studio_2,S098,2026-09-17T16:10:45,"hey from the reading, the calendar is the intervention honestly"
M00942,G14,studio_2,S104,2026-09-17T16:10:48,right should we outline first
M00943,G03,studio_2,S023,2026-09-17T16:10:52,agreed
M00944,G17,studio_2,S062,2026-09-17T16:11:10,so four short sessions beat one long one even at equal time does that track
M00945,G15,studio_2,S014,2026-09-17T16:11:17,wait moving the question into the doc now what do you think
M00946,G05,studio_2,S107,2026-09-17T16:11:22,right moving the handout into the doc now
M00947,G18,studio_2,S069,2026-09-17T16:11:27,oh that made me laugh lol
M00948,G06,studio_2,S011,2026-09-17T16:11:27,wait so interleaving felt terrible and my scores went up does that track
M00949,G13,studio_2,S061,2026-09-17T16:11:43,right i can open the doc right
M00950,G13,studio_2,S061,2026-09-17T16:11:49,running two minutes late
M00951,G24,studio_2,S041,2026-09-17T16:11:56,hmm same here honestly
M00952,G08,studio_2,S021,2026-09-17T16:11:57,we should say the optimal gap depends on the retention interval if that works for everyone
M00953,G06,studio_2,S073,2026-09-17T16:12:00,ok no worries
M00954,G21,studio_2,S098,2026-09-17T16:12:17,right i'll take the counterargument if that works for everyone
M00955,G04,studio_2,S002,2026-09-17T16:12:18,yeah let's split this five ways lol
M00956,G16,studio_2,S052,2026-09-17T16:12:25,right good point
M00957,G21,studio_2,S115,2026-09-17T16:12:27,"from the reading, how long you need to remember it should set the gap"
M00958,G16,studio_2,S080,2026-09-17T16:12:36,who wants to present back lol
M00959,G03,studio_2,S055,2026-09-17T16:12:40,ok can you say more about that
M00960,G09,studio_2,S036,2026-09-17T16:12:41,right same here honestly
M00961,G15,studio_2,S032,2026-09-17T16:13:04,wait my read is our counterexample is the student who cannot control their schedule
M00962,G14,studio_2,S039,2026-09-17T16:13:07,right can someone paste the question
M00963,G20,studio_2,S119,2026-09-17T16:13:14,"from the reading, how long you need to remember it should set the gap"
M00964,G10,studio_2,S009,2026-09-17T16:13:18,right i'm not sure i follow right
M00965,G19,studio_2,S018,2026-09-17T16:13:24,right we have two minutes left
M00966,G16,studio_2,S109,2026-09-17T16:13:31,so let's timebox this to fifteen minutes what do you think
M00967,G16,studio_2,S007,2026-09-17T16:13:37,so blocked practice makes you feel fluent and that is the trap
M00968,G13,studio_2,S061,2026-09-17T16:13:39,hey oh interesting
M00969,G19,studio_2,S066,2026-09-17T16:13:50,no worries what do you think
M00970,G19,studio_2,S066,2026-09-17T16:13:53,wait sorry can you repeat that does that track
M00971,G05,studio_2,S118,2026-09-17T16:14:12,thanks for waiting
M00972,G22,studio_2,S110,2026-09-17T16:14:16,should we outline first if that works for everyone
M00973,G23,studio_2,S114,2026-09-17T16:14:17,so can we come back to part 2 in a sec
M00974,G08,studio_2,S068,2026-09-17T16:14:30,is that the same as what we said before sorry if that is obvious
M00975,G13,studio_2,S061,2026-09-17T16:14:33,"counterpoint, the calendar is the intervention honestly if that works for everyone"
M00976,G19,studio_2,S018,2026-09-17T16:14:46,oh maybe four short sessions beat one long one even at equal time or am i off
M00977,G07,studio_2,S071,2026-09-17T16:15:09,can you say more about that sorry if that is obvious
M00978,G16,studio_2,S109,2026-09-17T16:15:16,yeah can someone paste the slide right
M00979,G03,studio_2,S037,2026-09-17T16:15:30,can we come back to the second question in a sec or am i off
M00980,G09,studio_2,S082,2026-09-17T16:15:31,hmm brb one sec
M00981,G02,studio_2,S017,2026-09-17T16:15:32,i missed that last bit
M00982,G15,studio_2,S006,2026-09-17T16:15:35,"alright from the reading, how long you need to remember it should set the gap what do you think"
M00983,G10,studio_2,S009,2026-09-17T16:15:44,wait which the slide are we on does that track
M00984,G10,studio_2,S015,2026-09-17T16:15:47,right maybe our counterexample is the student who cannot control their schedule?
M00985,G20,studio_2,S117,2026-09-17T16:15:48,oh let's each take five minutes to write first sorry if that is obvious
M00986,G21,studio_2,S085,2026-09-17T16:15:53,"oh counterpoint, we should say the optimal gap depends on the retention interval or am i off"
M00987,G16,studio_2,S070,2026-09-17T16:16:04,"ok counterpoint, four short sessions beat one long one even at equal time sorry if that is obvious"
M00988,G20,studio_2,S112,2026-09-17T16:16:21,hmm we should say the optimal gap depends on the retention interval or am i off
M00989,G21,studio_2,S115,2026-09-17T16:16:23,wait should we outline first right
M00990,G09,studio_2,S077,2026-09-17T16:16:27,yes exactly
M00991,G09,studio_2,S082,2026-09-17T16:16:28,alright moving the table into the doc now or am i off
M00992,G13,studio_2,S091,2026-09-17T16:16:31,i can start the doc
M00993,G02,studio_2,S019,2026-09-17T16:16:32,wait sharing my screen now
M00994,G15,studio_2,S006,2026-09-17T16:16:32,which the slide are we on sorry if that is obvious
M00995,G12,studio_2,S057,2026-09-17T16:16:35,right good point
M00996,G16,studio_2,S080,2026-09-17T16:16:45,which the prompt are we on
M00997,G20,studio_2,S119,2026-09-17T16:16:51,so i'm convinced
M00998,G07,studio_2,S071,2026-09-17T16:16:54,alright maybe blocked practice makes you feel fluent and that is the trap what do you think
M00999,G23,studio_2,S040,2026-09-17T16:16:57,wait four short sessions beat one long one even at equal time?
M01000,G15,studio_2,S034,2026-09-17T16:16:57,that makes sense what do you think
M01001,G04,studio_2,S090,2026-09-17T16:17:07,let's split this ten ways if that works for everyone
M01002,G06,studio_2,S045,2026-09-17T16:17:26,"so counterpoint, how long you need to remember it should set the gap?"
M01003,G06,studio_2,S045,2026-09-17T16:17:32,hey you two are on a roll
M01004,G17,studio_2,S099,2026-09-17T16:17:55,oh the calendar is the intervention honestly?
M01005,G23,studio_2,S049,2026-09-17T16:18:02,ok that made me laugh
M01006,G16,studio_2,S070,2026-09-17T16:18:04,so who wants to present back or am i off
M01007,G23,studio_2,S106,2026-09-17T16:18:12,do you mean the handout or the other one right
M01008,G13,studio_2,S012,2026-09-17T16:18:20,i'm not sure i follow
M01009,G04,studio_2,S087,2026-09-17T16:18:23,ok what does that term mean again if that works for everyone
M01010,G14,studio_2,S074,2026-09-17T16:18:24,really
M01011,G16,studio_2,S052,2026-09-17T16:18:24,ok thanks for waiting sorry if that is obvious
M01012,G04,studio_2,S102,2026-09-17T16:18:25,does everyone have the reading open
M01013,G02,studio_2,S017,2026-09-17T16:18:34,oh which the rubric are we on
M01014,G15,studio_2,S020,2026-09-17T16:18:35,oh i lost the rubric again sorry does that track
M01015,G14,studio_2,S039,2026-09-17T16:18:44,"yeah counterpoint, four short sessions beat one long one even at equal time does that track"
M01016,G14,studio_2,S039,2026-09-17T16:18:50,hmm i think how long you need to remember it should set the gap sorry if that is obvious
M01017,G19,studio_2,S008,2026-09-17T16:19:31,wait cramming is borrowing from next month
M01018,G17,studio_2,S099,2026-09-17T16:19:57,hey our counterexample is the student who cannot control their schedule
M01019,G06,studio_2,S011,2026-09-17T16:20:07,i'm convinced lol
M01020,G16,studio_2,S109,2026-09-17T16:20:08,so honestly blocked practice makes you feel fluent and that is the trap if that works for everyone
M01021,G07,studio_2,S071,2026-09-17T16:20:13,wait maybe blocked practice makes you feel fluent and that is the trap if that works for everyone
M01022,G14,studio_2,S031,2026-09-17T16:20:19,alright let's timebox this to three minutes?
M01023,G24,studio_2,S048,2026-09-17T16:20:30,that makes sense
M01024,G03,studio_2,S037,2026-09-17T16:20:32,yeah love that lol
M01025,G10,studio_2,S083,2026-09-17T16:20:47,wait let's each take two minutes to write first if that works for everyone
M01026,G03,studio_2,S079,2026-09-17T16:20:48,alright maybe the lag effect is the part i did not know before this week does that track
M01027,G22,studio_2,S097,2026-09-17T16:20:51,ok putting the example at the top of the doc what do you think
M01028,G09,studio_2,S067,2026-09-17T16:20:55,ok i lost the handout again sorry does that track
M01029,G16,studio_2,S052,2026-09-17T16:20:57,"right counterpoint, four short sessions beat one long one even at equal time"
M01030,G02,studio_2,S017,2026-09-17T16:21:12,"right from the reading, how long you need to remember it should set the gap what do you think"
M01031,G08,studio_2,S068,2026-09-17T16:21:19,so let's split this two ways does that track
M01032,G16,studio_2,S109,2026-09-17T16:21:22,"wait from the reading, cramming is borrowing from next month"
M01033,G17,studio_2,S035,2026-09-17T16:21:24,agreed
M01034,G21,studio_2,S085,2026-09-17T16:21:25,right moving the doc link into the doc now
M01035,G15,studio_2,S006,2026-09-17T16:21:36,hey let's split this five ways if that works for everyone
M01036,G05,studio_2,S118,2026-09-17T16:21:40,"hey for the doc, the lag effect is the part i did not know before this week"
M01037,G24,studio_2,S060,2026-09-17T16:21:41,ok hi all
M01038,G15,studio_2,S020,2026-09-17T16:21:42,so my read is the lag effect is the part i did not know before this week sorry if that is obvious
M01039,G19,studio_2,S003,2026-09-17T16:21:45,can someone paste the table what do you think
M01040,G07,studio_2,S063,2026-09-17T16:21:55,wait putting the transcript at the top of the doc
M01041,G06,studio_2,S116,2026-09-17T16:22:10,alright really
M01042,G10,studio_2,S015,2026-09-17T16:22:19,yeah i can clean up the doc
M01043,G18,studio_2,S069,2026-09-17T16:22:21,"for the doc, the calendar is the intervention honestly?"
M01044,G07,studio_2,S071,2026-09-17T16:22:23,alright i think the calendar is the intervention honestly what do you think
M01045,G05,studio_2,S107,2026-09-17T16:22:30,ok fair enough
M01046,G05,studio_2,S025,2026-09-17T16:22:46,so i can present if nobody else wants to does that track
M01047,G01,studio_2,S056,2026-09-17T16:22:49,"hmm from the reading, our counterexample is the student who cannot control their schedule?"
M01048,G21,studio_2,S098,2026-09-17T16:22:59,yeah who is taking notes today if that works for everyone
M01049,G02,studio_2,S026,2026-09-17T16:23:09,"hmm counterpoint, blocked practice makes you feel fluent and that is the trap?"
M01050,G05,studio_2,S051,2026-09-17T16:23:15,"hmm for the doc, how long you need to remember it should set the gap lol"
M01051,G05,studio_2,S118,2026-09-17T16:23:15,ok can you say more about that
M01052,G03,studio_2,S055,2026-09-17T16:23:27,yeah can you give an example sorry if that is obvious
M01053,G08,studio_2,S068,2026-09-17T16:23:30,right four short sessions beat one long one even at equal time or am i off
M01054,G15,studio_2,S034,2026-09-17T16:23:35,so oh interesting
M01055,G07,studio_2,S010,2026-09-17T16:23:39,are we answering question twenty or the next one does that track
M01056,G08,studio_2,S068,2026-09-17T16:23:39,alright sorry can you repeat that lol
M01057,G07,studio_2,S063,2026-09-17T16:23:41,right putting the handout at the top of the doc if that works for everyone
M01058,G12,studio_2,S057,2026-09-17T16:23:45,oh hold on let me reread the slide if that works for everyone
M01059,G23,studio_2,S106,2026-09-17T16:23:51,wait this is fun actually
M01060,G06,studio_2,S011,2026-09-17T16:23:55,hold on let me reread the transcript lol
M01061,G14,studio_2,S039,2026-09-17T16:24:11,hmm i think our counterexample is the student who cannot control their schedule what do you think
M01062,G10,studio_2,S078,2026-09-17T16:24:34,hey putting the prompt at the top of the doc
M01063,G09,studio_2,S082,2026-09-17T16:24:37,ok so blocked practice makes you feel fluent and that is the trap
M01064,G04,studio_2,S050,2026-09-17T16:24:40,"wait for the doc, blocked practice makes you feel fluent and that is the trap"
M01065,G06,studio_2,S073,2026-09-17T16:24:42,hmm you two are on a roll
M01066,G20,studio_2,S117,2026-09-17T16:24:48,i'll take the examples
M01067,G10,studio_2,S078,2026-09-17T16:24:55,hey honestly we should say the optimal gap depends on the retention interval does that track
M01068,G21,studio_2,S098,2026-09-17T16:24:59,let's split this ten ways
M01069,G01,studio_2,S038,2026-09-17T16:25:05,hmm good point
M01070,G03,studio_2,S079,2026-09-17T16:25:12,right the calendar is the intervention honestly
M01071,G18,studio_2,S101,2026-09-17T16:25:15,hmm i'm following now
M01072,G23,studio_2,S040,2026-09-17T16:25:28,alright i can present if nobody else wants to does that track
M01073,G11,studio_2,S092,2026-09-17T16:25:31,so hold on let me reread the doc link what do you think
M01074,G16,studio_2,S070,2026-09-17T16:25:32,yeah hold on let me reread the example sorry if that is obvious
M01075,G24,studio_2,S028,2026-09-17T16:25:41,"alright not sure, but the lag effect is the part i did not know before this week"
M01076,G14,studio_2,S039,2026-09-17T16:25:41,so my read is our counterexample is the student who cannot control their schedule what do you think
M01077,G09,studio_2,S036,2026-09-17T16:26:00,"wait from the reading, cramming is borrowing from next month or am i off"
M01078,G07,studio_2,S044,2026-09-17T16:26:01,ok my read is how long you need to remember it should set the gap does that track
M01079,G10,studio_2,S078,2026-09-17T16:26:05,"for the doc, how long you need to remember it should set the gap"
M01080,G19,studio_2,S003,2026-09-17T16:26:08,hmm four short sessions beat one long one even at equal time
M01081,G07,studio_2,S010,2026-09-17T16:26:25,yeah the lag effect is the part i did not know before this week sorry if that is obvious
M01082,G15,studio_2,S020,2026-09-17T16:26:34,right interleaving felt terrible and my scores went up
M01083,G23,studio_2,S106,2026-09-17T16:26:36,agreed
M01084,G03,studio_2,S055,2026-09-17T16:26:50,what does that term mean again what do you think
M01085,G24,studio_2,S048,2026-09-17T16:26:59,alright let's timebox this to three minutes
M01086,G22,studio_2,S027,2026-09-17T16:27:04,yeah do you mean the slide or the other one if that works for everyone
M01087,G14,studio_2,S074,2026-09-17T16:27:19,i think our counterexample is the student who cannot control their schedule
M01088,G14,studio_2,S039,2026-09-17T16:27:31,someone should own the examples
M01089,G06,studio_2,S053,2026-09-17T16:27:47,"wait from the reading, how long you need to remember it should set the gap what do you think"
M01090,G04,studio_2,S087,2026-09-17T16:27:53,wait sharing my screen now right
M01091,G04,studio_2,S090,2026-09-17T16:27:53,"alright not sure, but cramming is borrowing from next month right"
M01092,G03,studio_2,S100,2026-09-17T16:27:56,right i'm not sure i follow if that works for everyone
M01093,G21,studio_2,S098,2026-09-17T16:28:04,wait do you mean the question or the other one if that works for everyone
M01094,G01,studio_2,S033,2026-09-17T16:28:09,where is that in the rubric sorry if that is obvious
M01095,G07,studio_2,S010,2026-09-17T16:28:09,hey no worries
M01096,G23,studio_2,S040,2026-09-17T16:28:10,hey i'm not sure i follow lol
M01097,G16,studio_2,S070,2026-09-17T16:28:19,hmm this is fun actually
M01098,G03,studio_2,S055,2026-09-17T16:28:21,yeah good point right
M01099,G21,studio_2,S094,2026-09-17T16:28:32,hmm so how long you need to remember it should set the gap lol
M01100,G03,studio_2,S100,2026-09-17T16:28:34,i'll write up part 1 what do you think
M01101,G16,studio_2,S052,2026-09-17T16:28:37,yeah let's split this five ways?
M01102,G17,studio_2,S016,2026-09-17T16:28:40,honestly we should say the optimal gap depends on the retention interval right
M01103,G23,studio_2,S106,2026-09-17T16:28:50,right love that if that works for everyone
M01104,G15,studio_2,S014,2026-09-17T16:28:56,interleaving felt terrible and my scores went up does that track
M01105,G10,studio_2,S083,2026-09-17T16:28:56,"hey counterpoint, interleaving felt terrible and my scores went up"
M01106,G14,studio_2,S039,2026-09-17T16:29:15,ok can someone paste the doc link?
M01107,G13,studio_2,S012,2026-09-17T16:29:18,yeah so four short sessions beat one long one even at equal time
M01108,G14,studio_2,S031,2026-09-17T16:29:19,ok that made me laugh
M01109,G20,studio_2,S113,2026-09-17T16:29:22,"wait for the doc, how long you need to remember it should set the gap?"
M01110,G24,studio_2,S060,2026-09-17T16:29:22,hmm love that
M01111,G23,studio_2,S114,2026-09-17T16:29:31,wait so four short sessions beat one long one even at equal time or am i off
M01112,G22,studio_2,S097,2026-09-17T16:29:31,oh can you say more about that does that track
M01113,G23,studio_2,S106,2026-09-17T16:29:47,yeah that made me laugh
M01114,G07,studio_2,S071,2026-09-17T16:29:48,hmm we have twenty minutes left
M01115,G21,studio_2,S098,2026-09-17T16:29:55,hey do you mean the prompt or the other one
M01116,G11,studio_2,S105,2026-09-17T16:30:01,running two minutes late
M01117,G01,studio_2,S030,2026-09-17T16:30:11,so really
M01118,G14,studio_2,S039,2026-09-17T16:30:17,ok i'm not sure i follow lol
M01119,G15,studio_2,S006,2026-09-17T16:30:19,good point
M01120,G17,studio_2,S016,2026-09-17T16:30:20,ok let's each take twenty minutes to write first
M01121,G02,studio_2,S026,2026-09-17T16:30:42,so maybe four short sessions beat one long one even at equal time or am i off
M01122,G08,studio_2,S108,2026-09-17T16:30:44,hmm sorry can you repeat that or am i off
M01123,G20,studio_2,S112,2026-09-17T16:30:51,oh i think how long you need to remember it should set the gap
M01124,G08,studio_2,S068,2026-09-17T16:30:52,"counterpoint, blocked practice makes you feel fluent and that is the trap"
M01125,G15,studio_2,S034,2026-09-17T16:30:53,we should say the optimal gap depends on the retention interval lol
M01126,G10,studio_2,S015,2026-09-17T16:31:01,hey let's split this five ways
M01127,G19,studio_2,S042,2026-09-17T16:31:15,right we should say the optimal gap depends on the retention interval if that works for everyone
M01128,G14,studio_2,S074,2026-09-17T16:31:21,oh nice
M01129,G20,studio_2,S119,2026-09-17T16:31:25,are we answering question ten or the next one does that track
M01130,G18,studio_2,S004,2026-09-17T16:31:48,so how long you need to remember it should set the gap?
M01131,G04,studio_2,S050,2026-09-17T16:31:51,hmm fair enough right
M01132,G16,studio_2,S109,2026-09-17T16:31:54,i think the calendar is the intervention honestly
M01133,G06,studio_2,S116,2026-09-17T16:31:57,oh so the lag effect is the part i did not know before this week
M01134,G06,studio_2,S045,2026-09-17T16:32:04,ok i'm back right
M01135,G15,studio_2,S032,2026-09-17T16:32:16,hmm four short sessions beat one long one even at equal time if that works for everyone
M01136,G15,studio_2,S014,2026-09-17T16:32:25,yeah we should say the optimal gap depends on the retention interval if that works for everyone
M01137,G16,studio_2,S109,2026-09-17T16:32:28,yeah agreed or am i off
M01138,G10,studio_2,S009,2026-09-17T16:32:39,oh the calendar is the intervention honestly
M01139,G22,studio_2,S097,2026-09-17T16:32:41,hi all right
M01140,G16,studio_2,S109,2026-09-17T16:32:49,hey let's timebox this to two minutes
M01141,G16,studio_2,S080,2026-09-17T16:32:50,oh is that the same as what we said before
M01142,G09,studio_2,S029,2026-09-17T16:32:52,yeah i think cramming is borrowing from next month lol
M01143,G22,studio_2,S027,2026-09-17T16:32:57,"not sure, but four short sessions beat one long one even at equal time"
M01144,G19,studio_2,S066,2026-09-17T16:33:15,wait four short sessions beat one long one even at equal time right
M01145,G11,studio_2,S081,2026-09-17T16:33:29,thanks for waiting
M01146,G21,studio_2,S098,2026-09-17T16:33:31,i'm convinced or am i off
M01147,G16,studio_2,S007,2026-09-17T16:33:32,alright no worries
M01148,G14,studio_2,S039,2026-09-17T16:33:33,"for the doc, cramming is borrowing from next month"
M01149,G16,studio_2,S052,2026-09-17T16:33:51,same here honestly
M01150,G15,studio_2,S006,2026-09-17T16:33:52,oh i think four short sessions beat one long one even at equal time if that works for everyone
M01151,G03,studio_2,S037,2026-09-17T16:33:59,right my read is the lag effect is the part i did not know before this week
M01152,G22,studio_2,S093,2026-09-17T16:34:06,"so counterpoint, four short sessions beat one long one even at equal time lol"
M01153,G21,studio_2,S098,2026-09-17T16:34:10,wait hold on let me reread the slide what do you think
M01154,G18,studio_2,S101,2026-09-17T16:34:13,i'll write up the wrap up right
M01155,G02,studio_2,S017,2026-09-17T16:34:25,alright oh interesting
M01156,G01,studio_2,S076,2026-09-17T16:34:31,so do you mean the example or the other one does that track
M01157,G18,studio_2,S101,2026-09-17T16:34:32,i lost the rubric again sorry?
M01158,G11,studio_2,S081,2026-09-17T16:34:42,ok so our counterexample is the student who cannot control their schedule
M01159,G10,studio_2,S009,2026-09-17T16:34:42,"right counterpoint, cramming is borrowing from next month lol"
M01160,G12,studio_2,S057,2026-09-17T16:35:09,wait blocked practice makes you feel fluent and that is the trap
M01161,G03,studio_2,S037,2026-09-17T16:35:15,so who wants to present back right
M01162,G19,studio_2,S042,2026-09-17T16:35:16,hey let's timebox this to twenty minutes
M01163,G10,studio_2,S083,2026-09-17T16:35:19,wait maybe we should say the optimal gap depends on the retention interval
M01164,G07,studio_2,S071,2026-09-17T16:35:20,right let's split this five ways
M01165,G10,studio_2,S083,2026-09-17T16:35:21,wait moving our notes into the doc now does that track
M01166,G16,studio_2,S007,2026-09-17T16:35:24,who is taking notes today what do you think
M01167,G03,studio_2,S100,2026-09-17T16:35:33,oh so the calendar is the intervention honestly if that works for everyone
M01168,G15,studio_2,S020,2026-09-17T16:35:44,i'm following now
M01169,G02,studio_2,S017,2026-09-17T16:35:50,"so for the doc, cramming is borrowing from next month what do you think"
M01170,G06,studio_2,S073,2026-09-17T16:36:05,"for the doc, the lag effect is the part i did not know before this week"
M01171,G20,studio_2,S119,2026-09-17T16:36:09,oh hi all?
M01172,G22,studio_2,S096,2026-09-17T16:36:17,so should we outline first
M01173,G12,studio_2,S057,2026-09-17T16:36:21,oh sharing my screen now does that track
M01174,G17,studio_2,S016,2026-09-17T16:36:28,"counterpoint, four short sessions beat one long one even at equal time"
M01175,G23,studio_2,S114,2026-09-17T16:36:29,no worries
M01176,G23,studio_2,S114,2026-09-17T16:36:36,maybe the lag effect is the part i did not know before this week right
M01177,G03,studio_2,S055,2026-09-17T16:36:42,i'm not sure i follow right
M01178,G03,studio_2,S079,2026-09-17T16:36:43,hmm we should say the optimal gap depends on the retention interval what do you think
M01179,G11,studio_2,S092,2026-09-17T16:36:47,yeah i can present if nobody else wants to sorry if that is obvious
M01180,G21,studio_2,S098,2026-09-17T16:36:48,ok good point
M01181,G19,studio_2,S003,2026-09-17T16:36:53,yeah where is that in the table?
M01182,G24,studio_2,S041,2026-09-17T16:36:53,hey running two minutes late
M01183,G11,studio_2,S058,2026-09-17T16:36:56,hmm i think four short sessions beat one long one even at equal time or am i off
M01184,G20,studio_2,S112,2026-09-17T16:37:09,yeah moving the reading into the doc now if that works for everyone
M01185,G13,studio_2,S012,2026-09-17T16:37:11,right i'm not sure i follow what do you think
M01186,G10,studio_2,S083,2026-09-17T16:37:28,"hey not sure, but how long you need to remember it should set the gap"
M01187,G12,studio_2,S057,2026-09-17T16:37:36,right can you say more about that?
M01188,G22,studio_2,S096,2026-09-17T16:37:37,yeah i'm back sorry if that is obvious
M01189,G23,studio_2,S040,2026-09-17T16:37:46,hi all
M01190,G20,studio_2,S112,2026-09-17T16:37:54,"hey not sure, but how long you need to remember it should set the gap"
M01191,G16,studio_2,S052,2026-09-17T16:37:56,"so not sure, but the lag effect is the part i did not know before this week?"
M01192,G07,studio_2,S063,2026-09-17T16:37:59,right who wants to present back does that track
M01193,G15,studio_2,S014,2026-09-17T16:38:00,right i can reorganize the doc does that track
M01194,G09,studio_2,S077,2026-09-17T16:38:11,alright my wifi dropped sorry
M01195,G05,studio_2,S107,2026-09-17T16:38:21,so sorry can you repeat that
M01196,G11,studio_2,S092,2026-09-17T16:38:21,right our counterexample is the student who cannot control their schedule
M01197,G22,studio_2,S097,2026-09-17T16:38:26,right cramming is borrowing from next month lol
M01198,G19,studio_2,S042,2026-09-17T16:38:29,"so from the reading, blocked practice makes you feel fluent and that is the trap sorry if that is obvious"
M01199,G04,studio_2,S090,2026-09-17T16:38:30,does everyone have the doc link open
M01200,G12,studio_2,S057,2026-09-17T16:38:30,can you say more about that
M01201,G24,studio_2,S060,2026-09-17T16:38:32,hmm do you mean the transcript or the other one if that works for everyone
M01202,G13,studio_2,S061,2026-09-17T16:38:34,hey i lost the handout again sorry
M01203,G09,studio_2,S082,2026-09-17T16:38:34,alright moving the handout into the doc now
M01204,G20,studio_2,S112,2026-09-17T16:38:35,hmm is that the same as what we said before sorry if that is obvious
M01205,G22,studio_2,S110,2026-09-17T16:38:44,ok i'll take part 2
M01206,G21,studio_2,S111,2026-09-17T16:38:45,hmm i'll take the summary
M01207,G03,studio_2,S023,2026-09-17T16:38:52,hmm i lost the table again sorry right
M01208,G23,studio_2,S024,2026-09-17T16:38:57,"from the reading, our counterexample is the student who cannot control their schedule"
M01209,G21,studio_2,S085,2026-09-17T16:39:01,so maybe cramming is borrowing from next month or am i off
M01210,G08,studio_2,S047,2026-09-17T16:39:11,"so for the doc, blocked practice makes you feel fluent and that is the trap lol"
M01211,G08,studio_2,S047,2026-09-17T16:39:11,hmm sorry can you repeat that
M01212,G02,studio_2,S019,2026-09-17T16:39:19,hey i lost the question again sorry sorry if that is obvious
M01213,G03,studio_2,S023,2026-09-17T16:39:29,alright i'll write up the examples
M01214,G24,studio_2,S041,2026-09-17T16:39:50,right sharing my screen now
M01215,G24,studio_2,S005,2026-09-17T16:39:59,hmm interleaving felt terrible and my scores went up
M01216,G08,studio_2,S021,2026-09-17T16:40:01,right no worries
M01217,G20,studio_2,S119,2026-09-17T16:40:04,alright can we come back to the intro in a sec or am i off
M01218,G13,studio_2,S022,2026-09-17T16:40:04,ok i'll write up part 3 lol
M01219,G20,studio_2,S113,2026-09-17T16:40:05,wait maybe blocked practice makes you feel fluent and that is the trap or am i off
M01220,G19,studio_2,S018,2026-09-17T16:40:09,let's timebox this to fifteen minutes sorry if that is obvious
M01221,G05,studio_2,S107,2026-09-17T16:40:17,"for the doc, four short sessions beat one long one even at equal time what do you think"
M01222,G24,studio_2,S048,2026-09-17T16:40:20,oh i think how long you need to remember it should set the gap
M01223,G20,studio_2,S112,2026-09-17T16:40:21,"yeah for the doc, the calendar is the intervention honestly if that works for everyone"
M01224,G16,studio_2,S070,2026-09-17T16:40:38,wait the lag effect is the part i did not know before this week or am i off
M01225,G09,studio_2,S077,2026-09-17T16:41:05,alright can someone paste the handout right
M01226,G19,studio_2,S003,2026-09-17T16:41:08,i'm adding the prompt to the doc lol
M01227,G03,studio_2,S055,2026-09-17T16:41:10,right i'm not sure i follow
M01228,G15,studio_2,S034,2026-09-17T16:41:22,yeah can someone paste the doc link or am i off
M01229,G21,studio_2,S085,2026-09-17T16:41:29,"ok not sure, but our counterexample is the student who cannot control their schedule what do you think"
M01230,G04,studio_2,S050,2026-09-17T16:41:30,oh who is taking notes today?
M01231,G22,studio_2,S027,2026-09-17T16:41:34,right i think blocked practice makes you feel fluent and that is the trap?
M01232,G17,studio_2,S062,2026-09-17T16:41:43,oh yes exactly what do you think
M01233,G19,studio_2,S018,2026-09-17T16:41:46,who wants to present back does that track
M01234,G15,studio_2,S032,2026-09-17T16:41:54,"ok for the doc, blocked practice makes you feel fluent and that is the trap does that track"
M01235,G13,studio_2,S022,2026-09-17T16:42:12,this is fun actually
M01236,G07,studio_2,S071,2026-09-17T16:42:25,so can someone paste the handout
M01237,G14,studio_2,S074,2026-09-17T16:42:33,hmm hold on let me reread the table
M01238,G20,studio_2,S119,2026-09-17T16:42:48,hey honestly we should say the optimal gap depends on the retention interval
M01239,G21,studio_2,S094,2026-09-17T16:43:11,yeah running two minutes late
M01240,G02,studio_2,S017,2026-09-17T16:43:14,oh should we outline first sorry if that is obvious
M01241,G10,studio_2,S009,2026-09-17T16:43:15,"yeah for the doc, our counterexample is the student who cannot control their schedule what do you think"
M01242,G08,studio_2,S068,2026-09-17T16:43:20,so thanks for waiting
M01243,G16,studio_2,S070,2026-09-17T16:43:24,yeah i lost the slide again sorry
M01244,G01,studio_2,S038,2026-09-17T16:43:24,so i can reorganize the doc what do you think
M01245,G18,studio_2,S101,2026-09-17T16:44:21,right this is fun actually
M01246,G16,studio_2,S109,2026-09-17T16:44:24,really
M01247,G07,studio_2,S044,2026-09-17T16:44:24,moving the transcript into the doc now?
M01248,G07,studio_2,S001,2026-09-17T16:44:28,"right for the doc, our counterexample is the student who cannot control their schedule or am i off"
M01249,G05,studio_2,S107,2026-09-17T16:44:31,hmm sharing my screen now
M01250,G05,studio_2,S043,2026-09-17T16:44:39,my read is cramming is borrowing from next month or am i off
M01251,G23,studio_2,S106,2026-09-17T16:44:40,oh that made me laugh
M01252,G23,studio_2,S114,2026-09-17T16:44:45,love that
M01253,G15,studio_2,S034,2026-09-17T16:44:49,ok the lag effect is the part i did not know before this week?
M01254,G20,studio_2,S112,2026-09-17T16:44:53,so i'm back
M01255,G19,studio_2,S008,2026-09-17T16:45:05,"not sure, but we should say the optimal gap depends on the retention interval"
M01256,G14,studio_2,S074,2026-09-17T16:45:05,hmm who is taking notes today lol
M01257,G17,studio_2,S086,2026-09-17T16:45:19,so love that
M01258,G05,studio_2,S025,2026-09-17T16:45:27,oh maybe four short sessions beat one long one even at equal time
M01259,G22,studio_2,S027,2026-09-17T16:45:27,wait sorry can you repeat that or am i off
M01260,G10,studio_2,S078,2026-09-17T16:45:30,"so not sure, but the lag effect is the part i did not know before this week"
M01261,G03,studio_2,S037,2026-09-17T16:45:31,can you say more about that
M01262,G17,studio_2,S062,2026-09-17T16:45:32,wait that is a great way to put it
M01263,G16,studio_2,S007,2026-09-17T16:45:53,can someone paste the slide
M01264,G24,studio_2,S028,2026-09-17T16:46:03,so blocked practice makes you feel fluent and that is the trap does that track
M01265,G16,studio_2,S007,2026-09-17T16:46:08,so sorry can you repeat that?
M01266,G14,studio_2,S104,2026-09-17T16:46:12,ok do you mean the doc link or the other one?
M01267,G22,studio_2,S096,2026-09-17T16:46:21,yeah i think we should say the optimal gap depends on the retention interval
M01268,G13,studio_2,S061,2026-09-17T16:46:26,so what does that term mean again sorry if that is obvious
M01269,G24,studio_2,S041,2026-09-17T16:46:33,"ok from the reading, we should say the optimal gap depends on the retention interval what do you think"
M01270,G20,studio_2,S117,2026-09-17T16:46:43,ok hold on let me reread the example
M01271,G06,studio_2,S116,2026-09-17T16:46:46,yeah can we come back to part 2 in a sec if that works for everyone
M01272,G21,studio_2,S115,2026-09-17T16:46:51,"wait for the doc, the calendar is the intervention honestly sorry if that is obvious"
M01273,G09,studio_2,S067,2026-09-17T16:46:51,wait does everyone have the question open if that works for everyone
M01274,G20,studio_2,S113,2026-09-17T16:46:58,hey let's split this three ways does that track
M01275,G07,studio_2,S071,2026-09-17T16:47:00,fair enough
M01276,G24,studio_2,S028,2026-09-17T16:47:00,right four short sessions beat one long one even at equal time what do you think
M01277,G11,studio_2,S092,2026-09-17T16:47:22,i'll write up the last section lol
M01278,G19,studio_2,S066,2026-09-17T16:47:43,love that
M01279,G20,studio_2,S112,2026-09-17T16:47:50,love that
M01280,G12,studio_2,S057,2026-09-17T16:47:55,oh someone should own the examples sorry if that is obvious
M01281,G11,studio_2,S105,2026-09-17T16:47:58,right can we come back to the counterargument in a sec right
M01282,G06,studio_2,S045,2026-09-17T16:48:02,alright i'll take the counterargument
M01283,G21,studio_2,S115,2026-09-17T16:48:05,yeah oh interesting
M01284,G24,studio_2,S048,2026-09-17T16:48:13,fair enough
M01285,G14,studio_2,S039,2026-09-17T16:48:16,oh let's split this fifteen ways if that works for everyone
M01286,G06,studio_2,S045,2026-09-17T16:48:19,wait no worries
M01287,G24,studio_2,S041,2026-09-17T16:48:37,alright i think blocked practice makes you feel fluent and that is the trap right
M01288,G07,studio_2,S063,2026-09-17T16:48:37,right let's split this fifteen ways?
M01289,G09,studio_2,S067,2026-09-17T16:48:45,yeah can we come back to part 3 in a sec?
M01290,G04,studio_2,S087,2026-09-17T16:48:45,we should say the optimal gap depends on the retention interval or am i off
M01291,G16,studio_2,S007,2026-09-17T16:48:48,alright four short sessions beat one long one even at equal time
M01292,G24,studio_2,S048,2026-09-17T16:48:58,oh honestly we should say the optimal gap depends on the retention interval sorry if that is obvious
M01293,G23,studio_2,S114,2026-09-17T16:48:58,moving the rubric into the doc now what do you think
M01294,G23,studio_2,S024,2026-09-17T16:49:04,"alright counterpoint, the calendar is the intervention honestly"
M01295,G03,studio_2,S023,2026-09-17T16:49:18,wait i can clean up the doc or am i off
M01296,G01,studio_2,S076,2026-09-17T16:49:25,ok i think the calendar is the intervention honestly
M01297,G19,studio_2,S018,2026-09-17T16:49:25,hmm should we outline first
M01298,G14,studio_2,S039,2026-09-17T16:49:31,so is that the same as what we said before if that works for everyone
M01299,G10,studio_2,S015,2026-09-17T16:49:32,"oh not sure, but cramming is borrowing from next month does that track"
M01300,G11,studio_2,S046,2026-09-17T16:49:37,"counterpoint, how long you need to remember it should set the gap or am i off"
M01301,G04,studio_2,S090,2026-09-17T16:49:43,wait so how long you need to remember it should set the gap what do you think
M01302,G11,studio_2,S046,2026-09-17T16:49:52,alright this is fun actually
M01303,G12,studio_2,S013,2026-09-17T16:49:57,my wifi dropped sorry
M01304,G02,studio_2,S026,2026-09-17T16:50:01,can we come back to the examples in a sec what do you think
M01305,G23,studio_2,S106,2026-09-17T16:50:23,oh i'm adding the rubric to the doc
M01306,G06,studio_2,S116,2026-09-17T16:50:23,yeah my read is the lag effect is the part i did not know before this week lol
M01307,G09,studio_2,S082,2026-09-17T16:50:26,right no worries
M01308,G11,studio_2,S092,2026-09-17T16:50:26,hmm running two minutes late
M01309,G04,studio_2,S087,2026-09-17T16:50:26,i think our counterexample is the student who cannot control their schedule or am i off
M01310,G17,studio_2,S035,2026-09-17T16:50:35,so how long you need to remember it should set the gap does that track
M01311,G14,studio_2,S039,2026-09-17T16:50:36,oh the lag effect is the part i did not know before this week
M01312,G15,studio_2,S032,2026-09-17T16:50:44,so i'll write up the last section or am i off
M01313,G15,studio_2,S006,2026-09-17T16:50:44,hey someone should own part 2 right
M01314,G09,studio_2,S082,2026-09-17T16:50:50,yeah i lost our notes again sorry
M01315,G05,studio_2,S051,2026-09-17T16:50:56,right sorry can you repeat that what do you think
M01316,G20,studio_2,S119,2026-09-17T16:50:58,maybe how long you need to remember it should set the gap or am i off
M01317,G18,studio_2,S101,2026-09-17T16:51:00,"hmm from the reading, our counterexample is the student who cannot control their schedule?"
M01318,G03,studio_2,S100,2026-09-17T16:51:08,ok which the table are we on
M01319,G15,studio_2,S032,2026-09-17T16:51:21,oh cramming is borrowing from next month
M01320,G22,studio_2,S093,2026-09-17T16:51:25,so maybe the lag effect is the part i did not know before this week
M01321,G16,studio_2,S007,2026-09-17T16:51:26,so where is that in the reading or am i off
M01322,G15,studio_2,S020,2026-09-17T16:51:31,which the reading are we on lol
M01323,G10,studio_2,S009,2026-09-17T16:51:33,ok how long you need to remember it should set the gap does that track
M01324,G24,studio_2,S060,2026-09-17T16:51:36,hmm moving the table into the doc now if that works for everyone
M01325,G16,studio_2,S007,2026-09-17T16:51:40,alright running two minutes late
M01326,G04,studio_2,S090,2026-09-17T16:51:42,hmm i'll write up part 2
M01327,G06,studio_2,S053,2026-09-17T16:51:43,yeah i think cramming is borrowing from next month or am i off
M01328,G07,studio_2,S071,2026-09-17T16:51:45,so are we answering question three or the next one does that track
M01329,G10,studio_2,S009,2026-09-17T16:51:52,"ok counterpoint, blocked practice makes you feel fluent and that is the trap?"
M01330,G01,studio_2,S033,2026-09-17T16:51:57,our counterexample is the student who cannot control their schedule does that track
M01331,G14,studio_2,S039,2026-09-17T16:52:00,alright should we outline first
M01332,G12,studio_2,S095,2026-09-17T16:52:02,wait is that the same as what we said before if that works for everyone
M01333,G23,studio_2,S040,2026-09-17T16:52:12,ok honestly our counterexample is the student who cannot control their schedule
M01334,G03,studio_2,S023,2026-09-17T16:52:13,wait so the lag effect is the part i did not know before this week
M01335,G03,studio_2,S079,2026-09-17T16:52:22,"hey not sure, but cramming is borrowing from next month what do you think"
M01336,G16,studio_2,S109,2026-09-17T16:52:28,honestly the lag effect is the part i did not know before this week sorry if that is obvious
M01337,G12,studio_2,S084,2026-09-17T16:52:35,"ok counterpoint, the calendar is the intervention honestly"
M01338,G02,studio_2,S120,2026-09-17T16:52:39,yeah can someone paste the prompt right
M01339,G18,studio_2,S075,2026-09-17T16:52:59,is that the same as what we said before
M01340,G15,studio_2,S006,2026-09-17T16:53:06,"oh counterpoint, four short sessions beat one long one even at equal time sorry if that is obvious"
M01341,G23,studio_2,S040,2026-09-17T16:53:08,someone should own the second question?
M01342,G15,studio_2,S014,2026-09-17T16:53:24,who is taking notes today
M01343,G12,studio_2,S084,2026-09-17T16:53:26,hmm i'm following now
M01344,G20,studio_2,S113,2026-09-17T16:53:29,really right
M01345,G20,studio_2,S112,2026-09-17T16:53:36,nice sorry if that is obvious
M01346,G16,studio_2,S007,2026-09-17T16:53:36,right running two minutes late
M01347,G10,studio_2,S083,2026-09-17T16:53:44,oh maybe blocked practice makes you feel fluent and that is the trap sorry if that is obvious
M01348,G20,studio_2,S113,2026-09-17T16:53:55,hey should we outline first lol
M01349,G08,studio_2,S108,2026-09-17T16:54:13,should we outline first does that track
M01350,G15,studio_2,S014,2026-09-17T16:54:15,oh i think blocked practice makes you feel fluent and that is the trap what do you think
M01351,G20,studio_2,S113,2026-09-17T16:54:21,ok i lost the table again sorry
M01352,G23,studio_2,S106,2026-09-17T16:54:23,wait that is a great way to put it
M01353,G21,studio_2,S111,2026-09-17T16:54:27,alright i'll write up the second question or am i off
M01354,G14,studio_2,S104,2026-09-17T16:54:31,so let's timebox this to twenty minutes sorry if that is obvious
M01355,G11,studio_2,S081,2026-09-17T16:54:32,"yeah not sure, but how long you need to remember it should set the gap does that track"
M01356,G18,studio_2,S069,2026-09-17T16:54:38,ok i'm not sure i follow or am i off
M01357,G12,studio_2,S084,2026-09-17T16:54:40,hey i think we should say the optimal gap depends on the retention interval does that track
M01358,G21,studio_2,S111,2026-09-17T16:54:45,wait i'll take part 1 if that works for everyone
M01359,G23,studio_2,S106,2026-09-17T16:54:51,so let's timebox this to twenty minutes
M01360,G17,studio_2,S099,2026-09-17T16:54:52,oh can we come back to the wrap up in a sec
M01361,G07,studio_2,S010,2026-09-17T16:54:59,wait thanks for waiting
M01362,G15,studio_2,S020,2026-09-17T16:55:02,ok i'll write up part 2
M01363,G18,studio_2,S075,2026-09-17T16:55:02,right i can open the doc right
M01364,G04,studio_2,S087,2026-09-17T16:55:07,hmm yes exactly
M01365,G21,studio_2,S098,2026-09-17T16:55:09,yeah same here honestly
M01366,G20,studio_2,S113,2026-09-17T16:55:57,i'm convinced
M01367,G16,studio_2,S109,2026-09-17T16:55:58,yeah sharing my screen now lol
M01368,G08,studio_2,S021,2026-09-17T16:56:07,yeah let's timebox this to fifteen minutes sorry if that is obvious
M01369,G22,studio_2,S093,2026-09-17T16:56:17,hmm let's each take four minutes to write first sorry if that is obvious
M01370,G15,studio_2,S032,2026-09-17T16:56:23,no worries
M01371,G16,studio_2,S070,2026-09-17T16:56:23,four short sessions beat one long one even at equal time?
M01372,G08,studio_2,S068,2026-09-17T16:56:24,hmm i'll write up the last section
M01373,G18,studio_2,S054,2026-09-17T16:56:36,alright same here honestly lol
M01374,G15,studio_2,S014,2026-09-17T16:56:37,alright my read is blocked practice makes you feel fluent and that is the trap if that works for everyone
M01375,G01,studio_2,S056,2026-09-17T16:56:38,right brb one sec
M01376,G03,studio_2,S079,2026-09-17T16:56:40,hey four short sessions beat one long one even at equal time
M01377,G21,studio_2,S115,2026-09-17T16:56:43,ok really
M01378,G12,studio_2,S057,2026-09-17T16:56:54,can you say more about that right
M01379,G10,studio_2,S078,2026-09-17T16:56:58,wait honestly how long you need to remember it should set the gap?
M01380,G06,studio_2,S116,2026-09-17T16:56:59,let's split this fifteen ways sorry if that is obvious
M01381,G22,studio_2,S096,2026-09-17T16:57:00,yeah hold on let me reread the doc link does that track
M01382,G22,studio_2,S110,2026-09-17T16:57:04,"oh for the doc, how long you need to remember it should set the gap lol"
M01383,G11,studio_2,S092,2026-09-17T16:57:08,"hey counterpoint, cramming is borrowing from next month sorry if that is obvious"
M01384,G23,studio_2,S106,2026-09-17T16:57:23,oh i'm convinced what do you think
M01385,G11,studio_2,S046,2026-09-17T16:57:23,oh thanks for waiting
M01386,G05,studio_2,S118,2026-09-17T16:57:30,sharing my screen now
M01387,G21,studio_2,S094,2026-09-17T16:57:40,the lag effect is the part i did not know before this week?
M01388,G17,studio_2,S099,2026-09-17T16:57:54,"ok from the reading, we should say the optimal gap depends on the retention interval"
M01389,G10,studio_2,S103,2026-09-17T16:58:25,so i'll write up the wrap up?
M01390,G19,studio_2,S008,2026-09-17T16:58:43,hmm i'm back
M01391,G09,studio_2,S036,2026-09-17T16:58:51,that is a great way to put it
M01392,G23,studio_2,S106,2026-09-17T16:59:02,ok i think our counterexample is the student who cannot control their schedule
M01393,G04,studio_2,S050,2026-09-17T16:59:04,i'll take the intro or am i off
M01394,G15,studio_2,S034,2026-09-17T16:59:23,wait maybe interleaving felt terrible and my scores went up
M01395,G01,studio_2,S056,2026-09-17T16:59:25,right how long you need to remember it should set the gap right
M01396,G07,studio_2,S071,2026-09-17T16:59:28,should we outline first right
M01397,G02,studio_2,S017,2026-09-17T16:59:32,"not sure, but the lag effect is the part i did not know before this week"
M01398,G11,studio_2,S105,2026-09-17T16:59:33,yeah let's each take four minutes to write first if that works for everyone
M01399,G11,studio_2,S046,2026-09-17T16:59:34,do you mean the prompt or the other one lol
M01400,G13,studio_2,S012,2026-09-17T16:59:38,so that made me laugh
M01401,G03,studio_2,S079,2026-09-17T16:59:38,right our counterexample is the student who cannot control their schedule if that works for everyone
M01402,G05,studio_2,S107,2026-09-17T16:59:39,wait no worries
M01403,G16,studio_2,S007,2026-09-17T16:59:46,"wait from the reading, the lag effect is the part i did not know before this week or am i off"
M01404,G07,studio_2,S071,2026-09-17T17:00:03,ok honestly cramming is borrowing from next month sorry if that is obvious
M01405,G14,studio_2,S065,2026-09-17T17:00:17,wait who wants to present back lol
M01406,G02,studio_2,S019,2026-09-17T17:00:40,"from the reading, blocked practice makes you feel fluent and that is the trap does that track"
M01407,G10,studio_2,S009,2026-09-17T17:00:41,so where is that in the table or am i off
M01408,G05,studio_2,S025,2026-09-17T17:00:43,wait putting the reading at the top of the doc lol
M01409,G20,studio_2,S119,2026-09-17T17:00:52,that is a great way to put it
M01410,G17,studio_2,S086,2026-09-17T17:00:54,so oh interesting
M01411,G22,studio_2,S093,2026-09-17T17:01:08,wait i think cramming is borrowing from next month
M01412,G23,studio_2,S024,2026-09-17T17:01:15,oh what does that term mean again lol
M01413,G07,studio_2,S044,2026-09-17T17:01:17,hey what does that term mean again
M01414,G03,studio_2,S055,2026-09-17T17:01:29,oh that is a great way to put it
M01415,G02,studio_2,S120,2026-09-17T17:01:31,right can you say more about that sorry if that is obvious
M01416,G04,studio_2,S090,2026-09-17T17:01:31,wait i'm adding our notes to the doc?
M01417,G21,studio_2,S094,2026-09-17T17:01:31,i'm adding the transcript to the doc
M01418,G23,studio_2,S024,2026-09-17T17:01:32,ok brb one sec
M01419,G03,studio_2,S037,2026-09-17T17:01:35,which the slide are we on if that works for everyone
M01420,G16,studio_2,S052,2026-09-17T17:01:40,hmm thanks for waiting if that works for everyone
M01421,G03,studio_2,S055,2026-09-17T17:01:42,oh my read is cramming is borrowing from next month
M01422,G24,studio_2,S048,2026-09-17T17:01:46,alright how long you need to remember it should set the gap
M01423,G06,studio_2,S116,2026-09-17T17:01:51,hmm i missed that last bit lol
M01424,G20,studio_2,S113,2026-09-17T17:02:09,yeah i'll take the summary
M01425,G15,studio_2,S006,2026-09-17T17:02:09,should we outline first lol
M01426,G15,studio_2,S006,2026-09-17T17:02:14,oh i'll write up part 1 or am i off
M01427,G04,studio_2,S050,2026-09-17T17:02:24,right putting the doc link at the top of the doc what do you think
M01428,G06,studio_2,S073,2026-09-17T17:02:31,"hey not sure, but we should say the optimal gap depends on the retention interval lol"
M01429,G18,studio_2,S069,2026-09-17T17:02:35,alright my read is we should say the optimal gap depends on the retention interval right
M01430,G14,studio_2,S039,2026-09-17T17:02:38,ok that is a great way to put it right
M01431,G14,studio_2,S065,2026-09-17T17:02:39,yeah let's timebox this to fifteen minutes
M01432,G19,studio_2,S066,2026-09-17T17:02:50,hey how long you need to remember it should set the gap sorry if that is obvious
M01433,G12,studio_2,S059,2026-09-17T17:02:52,so can you give an example does that track
M01434,G01,studio_2,S076,2026-09-17T17:02:52,let's each take ten minutes to write first if that works for everyone
M01435,G17,studio_2,S035,2026-09-17T17:03:00,hey i'll write up the last section
M01436,G16,studio_2,S109,2026-09-17T17:03:10,hmm let's each take ten minutes to write first
M01437,G02,studio_2,S019,2026-09-17T17:03:16,ok i'm back
M01438,G19,studio_2,S042,2026-09-17T17:03:23,yeah our counterexample is the student who cannot control their schedule or am i off
M01439,G03,studio_2,S055,2026-09-17T17:03:37,should we outline first?
M01440,G12,studio_2,S095,2026-09-17T17:03:40,hmm i'm adding the example to the doc sorry if that is obvious
M01441,G17,studio_2,S086,2026-09-17T17:03:50,thanks for waiting
M01442,G19,studio_2,S042,2026-09-17T17:03:52,"alright not sure, but the calendar is the intervention honestly does that track"
M01443,G22,studio_2,S093,2026-09-17T17:03:52,maybe interleaving felt terrible and my scores went up does that track
M01444,G02,studio_2,S120,2026-09-17T17:03:52,oh i'll write up part 3 or am i off
M01445,G08,studio_2,S108,2026-09-17T17:03:58,i can start the doc does that track
M01446,G17,studio_2,S062,2026-09-17T17:03:59,so i'll write up the definitions
M01447,G19,studio_2,S066,2026-09-17T17:04:02,i missed that last bit if that works for everyone
M01448,G23,studio_2,S106,2026-09-17T17:04:03,honestly blocked practice makes you feel fluent and that is the trap lol
M01449,G08,studio_2,S108,2026-09-17T17:04:24,yeah nice if that works for everyone
M01450,G16,studio_2,S052,2026-09-17T17:04:27,ok the calendar is the intervention honestly sorry if that is obvious
M01451,G08,studio_2,S068,2026-09-17T17:04:40,"yeah for the doc, the lag effect is the part i did not know before this week"
M01452,G11,studio_2,S046,2026-09-17T17:04:47,wait maybe our counterexample is the student who cannot control their schedule or am i off
M01453,G13,studio_2,S022,2026-09-17T17:04:52,who is taking notes today
M01454,G03,studio_2,S055,2026-09-17T17:04:55,"not sure, but interleaving felt terrible and my scores went up"
M01455,G12,studio_2,S095,2026-09-17T17:05:02,"ok counterpoint, the calendar is the intervention honestly"
M01456,G17,studio_2,S016,2026-09-17T17:05:04,i'm back?
M01457,G17,studio_2,S086,2026-09-17T17:05:18,hey you two are on a roll or am i off
M01458,G10,studio_2,S009,2026-09-17T17:05:35,hmm sharing my screen now does that track
M01459,G24,studio_2,S060,2026-09-17T17:05:44,hmm i can present if nobody else wants to sorry if that is obvious
M01460,G22,studio_2,S097,2026-09-17T17:05:46,wait maybe our counterexample is the student who cannot control their schedule
M01461,G03,studio_2,S079,2026-09-17T17:05:49,wait i think we should say the optimal gap depends on the retention interval right
M01462,G19,studio_2,S066,2026-09-17T17:05:50,ok let's split this two ways
M01463,G08,studio_2,S047,2026-09-17T17:05:52,yeah moving the rubric into the doc now
M01464,G16,studio_2,S052,2026-09-17T17:05:53,hmm can you say more about that sorry if that is obvious
M01465,G03,studio_2,S055,2026-09-17T17:05:57,oh the lag effect is the part i did not know before this week sorry if that is obvious
M01466,G19,studio_2,S042,2026-09-17T17:06:04,sharing my screen now right
M01467,G20,studio_2,S119,2026-09-17T17:06:07,nice
M01468,G01,studio_2,S056,2026-09-17T17:06:25,agreed does that track
M01469,G16,studio_2,S109,2026-09-17T17:06:27,hey i think our counterexample is the student who cannot control their schedule
M01470,G07,studio_2,S010,2026-09-17T17:06:28,is that the same as what we said before
M01471,G08,studio_2,S021,2026-09-17T17:06:37,hmm really
M01472,G22,studio_2,S027,2026-09-17T17:07:06,right where is that in our notes right
M01473,G14,studio_2,S039,2026-09-17T17:07:07,yeah i think four short sessions beat one long one even at equal time
M01474,G20,studio_2,S089,2026-09-17T17:07:08,alright maybe cramming is borrowing from next month
M01475,G06,studio_2,S073,2026-09-17T17:07:19,what does that term mean again if that works for everyone
M01476,G12,studio_2,S057,2026-09-17T17:07:21,oh my wifi dropped sorry
M01477,G12,studio_2,S095,2026-09-17T17:07:28,"oh not sure, but our counterexample is the student who cannot control their schedule sorry if that is obvious"
M01478,G10,studio_2,S015,2026-09-17T17:07:29,ok so four short sessions beat one long one even at equal time right
M01479,G18,studio_2,S004,2026-09-17T17:07:32,hey can you give an example what do you think
M01480,G21,studio_2,S115,2026-09-17T17:07:36,ok i'm convinced
M01481,G14,studio_2,S065,2026-09-17T17:07:36,yeah is that the same as what we said before if that works for everyone
M01482,G02,studio_2,S019,2026-09-17T17:08:05,i'm not sure i follow lol
M01483,G06,studio_2,S011,2026-09-17T17:08:19,"for the doc, our counterexample is the student who cannot control their schedule does that track"
M01484,G13,studio_2,S091,2026-09-17T17:08:25,i'm adding the table to the doc does that track
M01485,G18,studio_2,S075,2026-09-17T17:08:30,"hey counterpoint, our counterexample is the student who cannot control their schedule right"
M01486,G19,studio_2,S003,2026-09-17T17:08:36,i'm following now
M01487,G17,studio_2,S086,2026-09-17T17:08:44,hey i'll write up part 3 sorry if that is obvious
M01488,G19,studio_2,S042,2026-09-17T17:08:45,hey should we outline first?
M01489,G14,studio_2,S039,2026-09-17T17:08:51,yeah let's split this two ways if that works for everyone
M01490,G07,studio_2,S063,2026-09-17T17:08:56,oh hold on let me reread the prompt
M01491,G14,studio_2,S039,2026-09-17T17:09:00,"ok from the reading, how long you need to remember it should set the gap lol"
M01492,G19,studio_2,S018,2026-09-17T17:09:04,wait let's timebox this to five minutes?
M01493,G18,studio_2,S004,2026-09-17T17:09:05,"hey for the doc, interleaving felt terrible and my scores went up sorry if that is obvious"
M01494,G16,studio_2,S070,2026-09-17T17:09:08,can someone paste the slide if that works for everyone
M01495,G22,studio_2,S097,2026-09-17T17:09:30,right i think cramming is borrowing from next month sorry if that is obvious
M01496,G08,studio_2,S068,2026-09-17T17:09:33,wait putting the reading at the top of the doc
M01497,G04,studio_2,S050,2026-09-17T17:09:35,wait my read is four short sessions beat one long one even at equal time
M01498,G04,studio_2,S002,2026-09-17T17:09:35,wait i can start the doc or am i off
M01499,G01,studio_2,S033,2026-09-17T17:09:36,"wait counterpoint, the calendar is the intervention honestly"
M01500,G07,studio_2,S063,2026-09-17T17:09:37,thanks for waiting
M01501,G12,studio_2,S084,2026-09-17T17:09:53,so we have two minutes left sorry if that is obvious
M01502,G17,studio_2,S099,2026-09-17T17:09:58,ok that makes sense what do you think
M01503,G12,studio_2,S057,2026-09-17T17:10:01,"alright not sure, but four short sessions beat one long one even at equal time"
M01504,G22,studio_2,S096,2026-09-17T17:10:03,nice
M01505,G13,studio_2,S012,2026-09-17T17:10:17,"alright from the reading, our counterexample is the student who cannot control their schedule if that works for everyone"
M01506,G11,studio_2,S058,2026-09-17T17:10:27,hmm maybe cramming is borrowing from next month or am i off
M01507,G10,studio_2,S078,2026-09-17T17:10:30,alright no worries
M01508,G17,studio_2,S099,2026-09-17T17:10:42,oh interesting
M01509,G23,studio_2,S024,2026-09-17T17:10:45,"hey from the reading, the lag effect is the part i did not know before this week or am i off"
M01510,G16,studio_2,S080,2026-09-17T17:10:49,alright fair enough
M01511,G06,studio_2,S011,2026-09-17T17:11:11,wait this is fun actually
M01512,G24,studio_2,S028,2026-09-17T17:11:24,yeah how long you need to remember it should set the gap?
M01513,G02,studio_2,S017,2026-09-17T17:11:28,yeah brb one sec
M01514,G08,studio_2,S068,2026-09-17T17:11:32,yeah i missed that last bit
M01515,G12,studio_2,S057,2026-09-17T17:11:35,ok so the calendar is the intervention honestly if that works for everyone
M01516,G10,studio_2,S078,2026-09-17T17:12:00,agreed
M01517,G04,studio_2,S102,2026-09-17T17:12:03,hmm can we come back to part 2 in a sec
M01518,G13,studio_2,S072,2026-09-17T17:12:04,hmm i lost the handout again sorry right
M01519,G16,studio_2,S109,2026-09-17T17:12:05,oh really
M01520,G14,studio_2,S039,2026-09-17T17:12:06,right good point
M01521,G13,studio_2,S091,2026-09-17T17:12:14,right i'm convinced what do you think
M01522,G06,studio_2,S045,2026-09-17T17:12:18,alright so four short sessions beat one long one even at equal time
M01523,G09,studio_2,S082,2026-09-17T17:12:30,brb one sec
M01524,G12,studio_2,S095,2026-09-17T17:12:36,yeah i missed that last bit
M01525,G21,studio_2,S115,2026-09-17T17:12:45,oh i'll take the definitions lol
M01526,G15,studio_2,S034,2026-09-17T17:12:55,wait what does that term mean again
M01527,G09,studio_2,S036,2026-09-17T17:13:05,"ok not sure, but the calendar is the intervention honestly"
M01528,G17,studio_2,S099,2026-09-17T17:13:06,someone should own the examples
M01529,G23,studio_2,S040,2026-09-17T17:13:09,interleaving felt terrible and my scores went up or am i off
M01530,G23,studio_2,S114,2026-09-17T17:13:14,ok i'll write up part 3 does that track
M01531,G01,studio_2,S038,2026-09-17T17:13:22,hmm so four short sessions beat one long one even at equal time
M01532,G17,studio_2,S099,2026-09-17T17:13:23,"oh not sure, but how long you need to remember it should set the gap sorry if that is obvious"
M01533,G12,studio_2,S013,2026-09-17T17:13:24,hey can we come back to part 1 in a sec right
M01534,G22,studio_2,S093,2026-09-17T17:13:26,alright let's timebox this to four minutes or am i off
M01535,G14,studio_2,S039,2026-09-17T17:13:33,hey i'll take the definitions
M01536,G02,studio_2,S017,2026-09-17T17:13:35,hey who wants to present back
M01537,G11,studio_2,S058,2026-09-17T17:13:43,oh can we come back to part 3 in a sec
M01538,G11,studio_2,S058,2026-09-17T17:13:45,love that
M01539,G12,studio_2,S057,2026-09-17T17:13:50,alright putting our notes at the top of the doc
M01540,G07,studio_2,S010,2026-09-17T17:13:51,"ok for the doc, how long you need to remember it should set the gap"
M01541,G15,studio_2,S020,2026-09-17T17:13:51,hey can you say more about that
M01542,G15,studio_2,S006,2026-09-17T17:13:56,hey nice
M01543,G24,studio_2,S028,2026-09-17T17:14:03,can we come back to part 3 in a sec
M01544,G12,studio_2,S095,2026-09-17T17:14:06,"oh counterpoint, blocked practice makes you feel fluent and that is the trap"
M01545,G23,studio_2,S114,2026-09-17T17:14:08,oh hold on let me reread the prompt
M01546,G03,studio_2,S079,2026-09-17T17:14:14,can you say more about that sorry if that is obvious
M01547,G11,studio_2,S046,2026-09-17T17:14:30,"not sure, but we should say the optimal gap depends on the retention interval?"
M01548,G21,studio_2,S094,2026-09-17T17:14:37,"wait for the doc, how long you need to remember it should set the gap"
M01549,G14,studio_2,S104,2026-09-17T17:14:41,ok we should say the optimal gap depends on the retention interval right
M01550,G05,studio_2,S118,2026-09-17T17:14:42,yeah nice
M01551,G15,studio_2,S032,2026-09-17T17:14:53,"hmm from the reading, how long you need to remember it should set the gap does that track"
M01552,G19,studio_2,S018,2026-09-17T17:14:55,hmm let's split this four ways
M01553,G07,studio_2,S071,2026-09-17T17:15:08,so i can present if nobody else wants to does that track
M01554,G09,studio_2,S082,2026-09-17T17:15:10,"right for the doc, we should say the optimal gap depends on the retention interval what do you think"
M01555,G06,studio_2,S045,2026-09-17T17:15:21,ok i missed that last bit or am i off
M01556,G11,studio_2,S092,2026-09-17T17:15:23,alright interleaving felt terrible and my scores went up if that works for everyone
M01557,G02,studio_2,S120,2026-09-17T17:15:25,i'm convinced
M01558,G02,studio_2,S064,2026-09-17T17:15:28,so blocked practice makes you feel fluent and that is the trap
M01559,G19,studio_2,S066,2026-09-17T17:15:29,ok are we answering question two or the next one or am i off
M01560,G24,studio_2,S041,2026-09-17T17:15:34,i'm not sure i follow?
M01561,G02,studio_2,S120,2026-09-17T17:15:36,"from the reading, how long you need to remember it should set the gap"
M01562,G01,studio_2,S033,2026-09-17T17:15:37,yeah my read is blocked practice makes you feel fluent and that is the trap
M01563,G05,studio_2,S025,2026-09-17T17:15:38,do you mean the question or the other one
M01564,G23,studio_2,S114,2026-09-17T17:15:42,so no worries
M01565,G23,studio_2,S114,2026-09-17T17:15:43,oh i'll take the wrap up does that track
M01566,G08,studio_2,S047,2026-09-17T17:15:43,putting the example at the top of the doc does that track
M01567,G12,studio_2,S013,2026-09-17T17:15:49,i think how long you need to remember it should set the gap lol
M01568,G06,studio_2,S053,2026-09-17T17:15:53,wait i'm not sure i follow?
M01569,G06,studio_2,S073,2026-09-17T17:15:58,good point lol
M01570,G23,studio_2,S040,2026-09-17T17:16:09,"hey not sure, but four short sessions beat one long one even at equal time lol"
M01571,G06,studio_2,S053,2026-09-17T17:16:14,honestly the calendar is the intervention honestly
M01572,G22,studio_2,S093,2026-09-17T17:16:19,hmm can someone paste the reading what do you think
M01573,G16,studio_2,S052,2026-09-17T17:16:19,ok you two are on a roll
M01574,G17,studio_2,S062,2026-09-17T17:16:20,oh i'll write up part 1
M01575,G08,studio_2,S068,2026-09-17T17:16:22,hey honestly how long you need to remember it should set the gap right
M01576,G11,studio_2,S058,2026-09-17T17:16:38,hey i'm following now
M01577,G24,studio_2,S060,2026-09-17T17:16:46,cramming is borrowing from next month sorry if that is obvious
M01578,G10,studio_2,S078,2026-09-17T17:16:48,"oh for the doc, the calendar is the intervention honestly"
M01579,G17,studio_2,S016,2026-09-17T17:17:09,alright no worries
M01580,G17,studio_2,S099,2026-09-17T17:17:09,ok can we come back to the intro in a sec does that track
M01581,G08,studio_2,S068,2026-09-17T17:17:14,no worries
M01582,G07,studio_2,S001,2026-09-17T17:17:16,"right counterpoint, how long you need to remember it should set the gap right"
M01583,G08,studio_2,S047,2026-09-17T17:17:22,wait interleaving felt terrible and my scores went up
M01584,G22,studio_2,S027,2026-09-17T17:17:25,hey maybe we should say the optimal gap depends on the retention interval if that works for everyone
M01585,G01,studio_2,S038,2026-09-17T17:17:45,hmm blocked practice makes you feel fluent and that is the trap
M01586,G09,studio_2,S077,2026-09-17T17:17:46,"alright from the reading, four short sessions beat one long one even at equal time"
M01587,G08,studio_2,S068,2026-09-17T17:17:57,"counterpoint, the calendar is the intervention honestly?"
M01588,G24,studio_2,S060,2026-09-17T17:18:11,right our counterexample is the student who cannot control their schedule right
M01589,G22,studio_2,S093,2026-09-17T17:18:22,so can you give an example does that track
M01590,G16,studio_2,S070,2026-09-17T17:18:29,ok thanks for waiting?
M01591,G02,studio_2,S026,2026-09-17T17:18:31,wait brb one sec
M01592,G13,studio_2,S022,2026-09-17T17:18:35,ok what does that term mean again what do you think
M01593,G08,studio_2,S021,2026-09-17T17:18:42,oh four short sessions beat one long one even at equal time
M01594,G12,studio_2,S095,2026-09-17T17:18:45,how long you need to remember it should set the gap if that works for everyone
M01595,G13,studio_2,S022,2026-09-17T17:18:54,yeah moving the rubric into the doc now right
M01596,G09,studio_2,S029,2026-09-17T17:18:54,i'm not sure i follow?
M01597,G19,studio_2,S066,2026-09-17T17:19:13,right interleaving felt terrible and my scores went up
M01598,G08,studio_2,S068,2026-09-17T17:19:17,should we outline first?
M01599,G24,studio_2,S048,2026-09-17T17:19:18,hmm someone should own the summary lol
M01600,G03,studio_2,S037,2026-09-17T17:19:24,yeah the calendar is the intervention honestly sorry if that is obvious
M01601,G21,studio_2,S098,2026-09-17T17:19:30,alright agreed
M01602,G22,studio_2,S027,2026-09-17T17:19:44,yeah yes exactly right
M01603,G10,studio_2,S015,2026-09-17T17:19:47,"alright from the reading, the lag effect is the part i did not know before this week if that works for everyone"
M01604,G19,studio_2,S003,2026-09-17T17:19:52,oh interesting
M01605,G10,studio_2,S078,2026-09-17T17:19:55,thanks for waiting
M01606,G16,studio_2,S070,2026-09-17T17:20:04,alright are we answering question five or the next one lol
M01607,G22,studio_2,S096,2026-09-17T17:20:09,"hmm counterpoint, we should say the optimal gap depends on the retention interval lol"
M01608,G16,studio_2,S109,2026-09-17T17:20:10,so cramming is borrowing from next month right
M01609,G18,studio_2,S069,2026-09-17T17:20:20,ok i'm back
M01610,G10,studio_2,S009,2026-09-17T17:20:31,good point
M01611,G16,studio_2,S070,2026-09-17T17:20:34,wait someone should own the summary?
M01612,G10,studio_2,S009,2026-09-17T17:20:48,wait blocked practice makes you feel fluent and that is the trap or am i off
M01613,G12,studio_2,S084,2026-09-17T17:20:51,i think interleaving felt terrible and my scores went up
M01614,G17,studio_2,S086,2026-09-17T17:21:06,wait four short sessions beat one long one even at equal time right
M01615,G10,studio_2,S083,2026-09-17T17:21:11,yeah so our counterexample is the student who cannot control their schedule?
M01616,G05,studio_2,S118,2026-09-17T17:21:11,let's split this ten ways lol
M01617,G16,studio_2,S109,2026-09-17T17:21:22,so let's split this fifteen ways
M01618,G10,studio_2,S083,2026-09-17T17:21:31,i'm adding the slide to the doc
M01619,G13,studio_2,S072,2026-09-17T17:21:33,ok someone should own the definitions
M01620,G11,studio_2,S058,2026-09-17T17:21:41,"ok for the doc, we should say the optimal gap depends on the retention interval or am i off"
M01621,G15,studio_2,S014,2026-09-17T17:21:46,hey hi all
M01622,G15,studio_2,S032,2026-09-17T17:21:49,"yeah counterpoint, interleaving felt terrible and my scores went up if that works for everyone"
M01623,G23,studio_2,S106,2026-09-17T17:22:06,hmm brb one sec
M01624,G22,studio_2,S110,2026-09-17T17:22:16,ok interleaving felt terrible and my scores went up lol
M01625,G04,studio_2,S090,2026-09-17T17:22:22,right maybe we should say the optimal gap depends on the retention interval or am i off
M01626,G12,studio_2,S057,2026-09-17T17:22:25,are we answering question three or the next one if that works for everyone
M01627,G13,studio_2,S022,2026-09-17T17:22:29,someone should own the second question
M01628,G10,studio_2,S009,2026-09-17T17:22:29,right honestly interleaving felt terrible and my scores went up
M01629,G02,studio_2,S064,2026-09-17T17:22:40,right i think interleaving felt terrible and my scores went up lol
M01630,G17,studio_2,S062,2026-09-17T17:22:54,you two are on a roll
M01631,G03,studio_2,S079,2026-09-17T17:22:56,yeah brb one sec
M01632,G01,studio_2,S038,2026-09-17T17:22:58,we have three minutes left
M01633,G17,studio_2,S016,2026-09-17T17:23:09,alright does everyone have the question open what do you think
M01634,G23,studio_2,S114,2026-09-17T17:23:21,right we should say the optimal gap depends on the retention interval what do you think
M01635,G07,studio_2,S001,2026-09-17T17:23:36,putting the prompt at the top of the doc
M01636,G13,studio_2,S091,2026-09-17T17:23:43,alright can someone paste the doc link sorry if that is obvious
M01637,G16,studio_2,S109,2026-09-17T17:23:51,"not sure, but how long you need to remember it should set the gap or am i off"
M01638,G06,studio_2,S116,2026-09-17T17:23:51,wait i'm back
M01639,G12,studio_2,S084,2026-09-17T17:24:01,hmm interleaving felt terrible and my scores went up
M01640,G10,studio_2,S103,2026-09-17T17:24:05,honestly we should say the optimal gap depends on the retention interval lol
M01641,G16,studio_2,S070,2026-09-17T17:24:05,yeah my read is blocked practice makes you feel fluent and that is the trap sorry if that is obvious
M01642,G16,studio_2,S070,2026-09-17T17:24:06,ok what does that term mean again
M01643,G08,studio_2,S068,2026-09-17T17:24:40,"right not sure, but four short sessions beat one long one even at equal time sorry if that is obvious"
M01644,G08,studio_2,S068,2026-09-17T17:24:46,ok do you mean the doc link or the other one
M01645,G12,studio_2,S059,2026-09-17T17:24:59,ok we have ten minutes left what do you think
M01646,G12,studio_2,S057,2026-09-17T17:25:06,hmm can someone paste the prompt?
M01647,G20,studio_2,S089,2026-09-17T17:25:07,so i think blocked practice makes you feel fluent and that is the trap right
M01648,G05,studio_2,S051,2026-09-17T17:25:10,"oh from the reading, the lag effect is the part i did not know before this week"
M01649,G06,studio_2,S116,2026-09-17T17:25:15,hold on let me reread our notes does that track
M01650,G13,studio_2,S012,2026-09-17T17:25:18,ok moving the example into the doc now
M01651,G01,studio_2,S056,2026-09-17T17:25:19,ok let's each take fifteen minutes to write first
M01652,G06,studio_2,S011,2026-09-17T17:25:28,"so not sure, but our counterexample is the student who cannot control their schedule if that works for everyone"
M01653,G13,studio_2,S072,2026-09-17T17:25:33,"alright for the doc, four short sessions beat one long one even at equal time"
M01654,G10,studio_2,S083,2026-09-17T17:25:39,so the calendar is the intervention honestly or am i off
M01655,G02,studio_2,S120,2026-09-17T17:25:40,hey that made me laugh
M01656,G12,studio_2,S057,2026-09-17T17:25:44,should we outline first what do you think
M01657,G12,studio_2,S095,2026-09-17T17:25:44,do you mean the example or the other one or am i off
M01658,G13,studio_2,S061,2026-09-17T17:25:45,"so counterpoint, interleaving felt terrible and my scores went up"
M01659,G20,studio_2,S119,2026-09-17T17:25:45,yeah you two are on a roll
M01660,G20,studio_2,S117,2026-09-17T17:25:54,so which our notes are we on
M01661,G10,studio_2,S078,2026-09-17T17:25:59,"so from the reading, the calendar is the intervention honestly does that track"
M01662,G16,studio_2,S070,2026-09-17T17:26:01,hey so the calendar is the intervention honestly
M01663,G22,studio_2,S093,2026-09-17T17:26:02,alright no worries
M01664,G15,studio_2,S006,2026-09-17T17:26:04,hey moving the handout into the doc now
M01665,G15,studio_2,S006,2026-09-17T17:26:05,"counterpoint, our counterexample is the student who cannot control their schedule if that works for everyone"
M01666,G06,studio_2,S053,2026-09-17T17:26:12,"right from the reading, the calendar is the intervention honestly or am i off"
M01667,G22,studio_2,S093,2026-09-17T17:26:20,so does everyone have the doc link open what do you think
M01668,G07,studio_2,S071,2026-09-17T17:26:21,"so from the reading, our counterexample is the student who cannot control their schedule does that track"
M01669,G09,studio_2,S029,2026-09-17T17:26:38,oh my read is four short sessions beat one long one even at equal time
M01670,G24,studio_2,S005,2026-09-17T17:26:39,right are we answering question ten or the next one right
M01671,G20,studio_2,S119,2026-09-17T17:26:42,wait can you give an example
M01672,G22,studio_2,S097,2026-09-17T17:26:47,so the lag effect is the part i did not know before this week if that works for everyone
M01673,G14,studio_2,S031,2026-09-17T17:26:49,hey this is fun actually
M01674,G02,studio_2,S017,2026-09-17T17:26:52,alright let's split this fifteen ways or am i off
M01675,G15,studio_2,S032,2026-09-17T17:26:52,nice
M01676,G08,studio_2,S088,2026-09-17T17:27:08,so i lost the transcript again sorry if that works for everyone
M01677,G16,studio_2,S070,2026-09-17T17:27:11,ok i think our counterexample is the student who cannot control their schedule does that track
M01678,G12,studio_2,S059,2026-09-17T17:27:13,oh moving the rubric into the doc now
M01679,G23,studio_2,S114,2026-09-17T17:27:15,right no worries
M01680,G18,studio_2,S069,2026-09-17T17:27:16,hey i can present if nobody else wants to
M01681,G23,studio_2,S106,2026-09-17T17:27:19,right so blocked practice makes you feel fluent and that is the trap right
M01682,G01,studio_2,S038,2026-09-17T17:27:21,honestly interleaving felt terrible and my scores went up?
M01683,G16,studio_2,S109,2026-09-17T17:27:36,wait agreed does that track
M01684,G20,studio_2,S112,2026-09-17T17:27:37,yeah should we outline first
M01685,G05,studio_3,S051,2026-09-24T16:01:11,my read is my confidence ratings were about eight points too high every time lol
M01686,G15,studio_3,S034,2026-09-24T16:01:13,who is taking notes today
M01687,G22,studio_3,S027,2026-09-24T16:01:22,wait you two are on a roll
M01688,G18,studio_3,S069,2026-09-24T16:01:26,ok sharing my screen now
M01689,G10,studio_3,S009,2026-09-24T16:01:29,so moving the rubric into the doc now or am i off
M01690,G22,studio_3,S110,2026-09-24T16:01:31,alright hold on let me reread the prompt?
M01691,G20,studio_3,S112,2026-09-24T16:01:31,hey putting the rubric at the top of the doc right
M01692,G23,studio_3,S024,2026-09-24T16:01:44,yeah hold on let me reread the prompt right
M01693,G06,studio_3,S045,2026-09-24T16:01:47,yeah that made me laugh
M01694,G14,studio_3,S104,2026-09-24T16:01:53,my wifi dropped sorry
M01695,G21,studio_3,S098,2026-09-24T16:01:55,hmm hold on let me reread the doc link
M01696,G15,studio_3,S032,2026-09-24T16:02:04,ok sharing my screen now
M01697,G21,studio_3,S098,2026-09-24T16:02:14,hey hi all
M01698,G23,studio_3,S106,2026-09-24T16:02:21,hey maybe we could ask students to predict their score before submitting sorry if that is obvious
M01699,G21,studio_3,S094,2026-09-24T16:02:30,yeah the illusion of fluency is the whole problem with rereading?
M01700,G07,studio_3,S071,2026-09-24T16:02:34,oh i lost the doc link again sorry if that works for everyone
M01701,G20,studio_3,S089,2026-09-24T16:02:35,so my confidence ratings were about eight points too high every time does that track
M01702,G23,studio_3,S024,2026-09-24T16:02:36,alright what does that term mean again if that works for everyone
M01703,G19,studio_3,S042,2026-09-24T16:02:37,wait can you give an example does that track
M01704,G21,studio_3,S115,2026-09-24T16:02:39,hey hi all
M01705,G23,studio_3,S106,2026-09-24T16:02:44,hmm love that or am i off
M01706,G24,studio_3,S048,2026-09-24T16:02:48,moving the doc link into the doc now
M01707,G19,studio_3,S066,2026-09-24T16:02:49,so brb one sec
M01708,G05,studio_3,S043,2026-09-24T16:02:50,wait honestly my confidence ratings were about eight points too high every time
M01709,G21,studio_3,S115,2026-09-24T16:02:58,oh sharing my screen now sorry if that is obvious
M01710,G10,studio_3,S083,2026-09-24T16:03:10,hey can we come back to part 2 in a sec
M01711,G12,studio_3,S057,2026-09-24T16:03:18,"so not sure, but monitoring only matters if it changes the next action lol"
M01712,G13,studio_3,S012,2026-09-24T16:03:19,which the prompt are we on does that track
M01713,G10,studio_3,S078,2026-09-24T16:03:25,so i'm adding the question to the doc if that works for everyone
M01714,G11,studio_3,S058,2026-09-24T16:03:38,hey i'll take the summary
M01715,G01,studio_3,S056,2026-09-24T16:03:39,"right for the doc, calibration is the word we want in the summary"
M01716,G15,studio_3,S032,2026-09-24T16:03:42,"right from the reading, overconfidence is worst on the material that feels familiar if that works for everyone"
M01717,G15,studio_3,S032,2026-09-24T16:03:42,oh i think monitoring only matters if it changes the next action if that works for everyone
M01718,G13,studio_3,S061,2026-09-24T16:03:47,"wait counterpoint, self report is the measure and also the thing we are trying to fix"
M01719,G22,studio_3,S110,2026-09-24T16:03:50,hey calibration is the word we want in the summary what do you think
M01720,G14,studio_3,S065,2026-09-24T16:03:58,oh hold on let me reread the handout sorry if that is obvious
M01721,G15,studio_3,S020,2026-09-24T16:04:10,which the doc link are we on what do you think
M01722,G16,studio_3,S109,2026-09-24T16:04:14,ok thanks for waiting
M01723,G16,studio_3,S052,2026-09-24T16:04:16,brb one sec
M01724,G20,studio_3,S113,2026-09-24T16:04:24,right overconfidence is worst on the material that feels familiar if that works for everyone
M01725,G12,studio_3,S013,2026-09-24T16:04:47,who wants to present back?
M01726,G24,studio_3,S060,2026-09-24T16:05:08,so honestly calibration is the word we want in the summary right
M01727,G04,studio_3,S090,2026-09-24T16:05:11,right sorry can you repeat that if that works for everyone
M01728,G12,studio_3,S095,2026-09-24T16:05:11,alright nice sorry if that is obvious
M01729,G07,studio_3,S010,2026-09-24T16:05:21,"hmm not sure, but a study plan nobody follows is not a plan"
M01730,G07,studio_3,S010,2026-09-24T16:05:24,"wait for the doc, overconfidence is worst on the material that feels familiar or am i off"
M01731,G18,studio_3,S075,2026-09-24T16:05:25,a study plan nobody follows is not a plan if that works for everyone
M01732,G15,studio_3,S014,2026-09-24T16:05:26,should we outline first what do you think
M01733,G11,studio_3,S058,2026-09-24T16:05:50,i lost our notes again sorry
M01734,G05,studio_3,S025,2026-09-24T16:05:54,so i think self report is the measure and also the thing we are trying to fix
M01735,G03,studio_3,S023,2026-09-24T16:06:05,yeah i think the illusion of fluency is the whole problem with rereading sorry if that is obvious
M01736,G17,studio_3,S062,2026-09-24T16:06:07,do you mean the question or the other one what do you think
M01737,G22,studio_3,S096,2026-09-24T16:06:22,wait moving the table into the doc now
M01738,G17,studio_3,S062,2026-09-24T16:06:25,hmm should we outline first does that track
M01739,G09,studio_3,S082,2026-09-24T16:06:47,wait let's each take two minutes to write first sorry if that is obvious
M01740,G13,studio_3,S072,2026-09-24T16:07:02,agreed
M01741,G22,studio_3,S093,2026-09-24T16:07:10,i'll take part 3 does that track
M01742,G07,studio_3,S071,2026-09-24T16:07:17,yeah a study plan nobody follows is not a plan sorry if that is obvious
M01743,G13,studio_3,S072,2026-09-24T16:07:20,wait that made me laugh
M01744,G21,studio_3,S111,2026-09-24T16:07:29,right honestly my confidence ratings were about eight points too high every time right
M01745,G01,studio_3,S076,2026-09-24T16:07:39,hey someone should own part 3 or am i off
M01746,G12,studio_3,S057,2026-09-24T16:07:46,oh sharing my screen now
M01747,G13,studio_3,S072,2026-09-24T16:07:49,thanks for waiting or am i off
M01748,G19,studio_3,S042,2026-09-24T16:07:54,oh i'm adding the example to the doc if that works for everyone
M01749,G23,studio_3,S049,2026-09-24T16:08:29,alright my read is monitoring only matters if it changes the next action
M01750,G23,studio_3,S049,2026-09-24T16:08:32,so we have four minutes left right
M01751,G01,studio_3,S038,2026-09-24T16:08:36,"yeah counterpoint, a study plan nobody follows is not a plan does that track"
M01752,G02,studio_3,S017,2026-09-24T16:08:44,does everyone have the slide open
M01753,G18,studio_3,S069,2026-09-24T16:08:55,"ok from the reading, the illusion of fluency is the whole problem with rereading"
M01754,G06,studio_3,S073,2026-09-24T16:08:56,wait i'm adding the rubric to the doc if that works for everyone
M01755,G24,studio_3,S060,2026-09-24T16:09:06,oh someone should own the wrap up
M01756,G23,studio_3,S106,2026-09-24T16:09:09,yeah i think self report is the measure and also the thing we are trying to fix
M01757,G19,studio_3,S042,2026-09-24T16:09:11,hmm thanks for waiting
M01758,G08,studio_3,S047,2026-09-24T16:09:38,wait we have ten minutes left what do you think
M01759,G16,studio_3,S052,2026-09-24T16:09:41,can you say more about that sorry if that is obvious
M01760,G01,studio_3,S038,2026-09-24T16:09:41,wait i think the illusion of fluency is the whole problem with rereading?
M01761,G10,studio_3,S015,2026-09-24T16:09:43,so can someone paste the reading does that track
M01762,G11,studio_3,S092,2026-09-24T16:09:59,my wifi dropped sorry
M01763,G13,studio_3,S012,2026-09-24T16:09:59,hmm so my confidence ratings were about eight points too high every time
M01764,G10,studio_3,S083,2026-09-24T16:10:00,"alright counterpoint, we could ask students to predict their score before submitting"
M01765,G01,studio_3,S076,2026-09-24T16:10:03,honestly calibration is the word we want in the summary
M01766,G06,studio_3,S053,2026-09-24T16:10:04,love that
M01767,G05,studio_3,S107,2026-09-24T16:10:10,"alright counterpoint, overconfidence is worst on the material that feels familiar or am i off"
M01768,G23,studio_3,S114,2026-09-24T16:10:10,so the illusion of fluency is the whole problem with rereading lol
M01769,G24,studio_3,S041,2026-09-24T16:10:11,alright fair enough
M01770,G12,studio_3,S057,2026-09-24T16:10:16,yeah hold on let me reread the handout lol
M01771,G20,studio_3,S112,2026-09-24T16:10:17,hey let's timebox this to two minutes does that track
M01772,G02,studio_3,S017,2026-09-24T16:10:17,let's timebox this to ten minutes
M01773,G05,studio_3,S107,2026-09-24T16:10:27,calibration is the word we want in the summary what do you think
M01774,G21,studio_3,S098,2026-09-24T16:10:33,wait yes exactly
M01775,G14,studio_3,S039,2026-09-24T16:10:46,right sorry can you repeat that or am i off
M01776,G11,studio_3,S092,2026-09-24T16:10:54,alright maybe we could ask students to predict their score before submitting if that works for everyone
M01777,G13,studio_3,S061,2026-09-24T16:11:01,wait i think the illusion of fluency is the whole problem with rereading
M01778,G17,studio_3,S086,2026-09-24T16:11:04,"so from the reading, self report is the measure and also the thing we are trying to fix"
M01779,G01,studio_3,S076,2026-09-24T16:11:12,oh a study plan nobody follows is not a plan sorry if that is obvious
M01780,G19,studio_3,S018,2026-09-24T16:11:23,i think calibration is the word we want in the summary
M01781,G16,studio_3,S109,2026-09-24T16:11:41,oh i'll take the wrap up
M01782,G04,studio_3,S050,2026-09-24T16:11:42,"alright for the doc, my confidence ratings were about eight points too high every time"
M01783,G16,studio_3,S070,2026-09-24T16:11:48,"not sure, but we could ask students to predict their score before submitting does that track"
M01784,G19,studio_3,S018,2026-09-24T16:11:52,ok my wifi dropped sorry
M01785,G15,studio_3,S020,2026-09-24T16:12:17,right agreed does that track
M01786,G18,studio_3,S054,2026-09-24T16:12:18,yeah my wifi dropped sorry
M01787,G08,studio_3,S068,2026-09-24T16:12:21,hey i think the illusion of fluency is the whole problem with rereading?
M01788,G16,studio_3,S070,2026-09-24T16:12:30,hey my confidence ratings were about eight points too high every time
M01789,G13,studio_3,S022,2026-09-24T16:12:36,we could ask students to predict their score before submitting or am i off
M01790,G03,studio_3,S023,2026-09-24T16:12:44,alright who is taking notes today
M01791,G13,studio_3,S022,2026-09-24T16:12:44,"ok counterpoint, a study plan nobody follows is not a plan sorry if that is obvious"
M01792,G24,studio_3,S048,2026-09-24T16:13:04,wait maybe calibration is the word we want in the summary sorry if that is obvious
M01793,G18,studio_3,S004,2026-09-24T16:13:04,hmm good point
M01794,G18,studio_3,S069,2026-09-24T16:13:14,"alright not sure, but the illusion of fluency is the whole problem with rereading does that track"
M01795,G12,studio_3,S084,2026-09-24T16:13:23,"so not sure, but my confidence ratings were about eight points too high every time or am i off"
M01796,G14,studio_3,S065,2026-09-24T16:13:27,maybe self report is the measure and also the thing we are trying to fix right
M01797,G20,studio_3,S089,2026-09-24T16:13:28,oh so my confidence ratings were about eight points too high every time what do you think
M01798,G15,studio_3,S014,2026-09-24T16:13:41,"hey not sure, but calibration is the word we want in the summary"
M01799,G22,studio_3,S027,2026-09-24T16:13:44,alright i lost the table again sorry lol
M01800,G22,studio_3,S096,2026-09-24T16:13:50,wait i'm not sure i follow what do you think
M01801,G03,studio_3,S079,2026-09-24T16:14:10,hmm the illusion of fluency is the whole problem with rereading
M01802,G10,studio_3,S009,2026-09-24T16:14:28,calibration is the word we want in the summary?
M01803,G09,studio_3,S067,2026-09-24T16:14:41,running two minutes late
M01804,G21,studio_3,S094,2026-09-24T16:14:43,"hmm for the doc, a study plan nobody follows is not a plan if that works for everyone"
M01805,G05,studio_3,S107,2026-09-24T16:14:49,ok i'm following now
M01806,G08,studio_3,S068,2026-09-24T16:14:51,so i'm adding the slide to the doc sorry if that is obvious
M01807,G01,studio_3,S076,2026-09-24T16:14:55,wait a study plan nobody follows is not a plan or am i off
M01808,G05,studio_3,S107,2026-09-24T16:14:59,hmm monitoring only matters if it changes the next action does that track
M01809,G24,studio_3,S005,2026-09-24T16:15:10,wait are we answering question twenty or the next one right
M01810,G12,studio_3,S095,2026-09-24T16:15:14,"hmm not sure, but self report is the measure and also the thing we are trying to fix"
M01811,G17,studio_3,S062,2026-09-24T16:15:15,my read is my confidence ratings were about eight points too high every time or am i off
M01812,G21,studio_3,S094,2026-09-24T16:15:24,wait that is a great way to put it
M01813,G09,studio_3,S082,2026-09-24T16:15:44,hey where is that in our notes right
M01814,G14,studio_3,S031,2026-09-24T16:15:45,right i'm adding the table to the doc
M01815,G06,studio_3,S053,2026-09-24T16:15:54,right really
M01816,G16,studio_3,S052,2026-09-24T16:15:55,"wait counterpoint, monitoring only matters if it changes the next action sorry if that is obvious"
M01817,G15,studio_3,S032,2026-09-24T16:15:59,hey putting the question at the top of the doc if that works for everyone
M01818,G16,studio_3,S109,2026-09-24T16:15:59,hey calibration is the word we want in the summary if that works for everyone
M01819,G03,studio_3,S055,2026-09-24T16:16:04,oh my read is we could ask students to predict their score before submitting
M01820,G12,studio_3,S095,2026-09-24T16:16:05,"so counterpoint, monitoring only matters if it changes the next action"
M01821,G12,studio_3,S095,2026-09-24T16:16:15,monitoring only matters if it changes the next action
M01822,G14,studio_3,S039,2026-09-24T16:16:17,hey does everyone have the slide open
M01823,G14,studio_3,S039,2026-09-24T16:16:29,overconfidence is worst on the material that feels familiar does that track
M01824,G19,studio_3,S066,2026-09-24T16:16:33,ok we have two minutes left?
M01825,G24,studio_3,S005,2026-09-24T16:16:34,hey calibration is the word we want in the summary right
M01826,G16,studio_3,S052,2026-09-24T16:16:39,hey that makes sense or am i off
M01827,G08,studio_3,S068,2026-09-24T16:16:40,hmm i think self report is the measure and also the thing we are trying to fix
M01828,G01,studio_3,S030,2026-09-24T16:16:46,hey that makes sense
M01829,G17,studio_3,S016,2026-09-24T16:16:56,right yes exactly
M01830,G17,studio_3,S016,2026-09-24T16:16:59,alright brb one sec
M01831,G07,studio_3,S044,2026-09-24T16:17:16,right let's split this ten ways right
M01832,G13,studio_3,S022,2026-09-24T16:17:41,oh is that the same as what we said before
M01833,G05,studio_3,S107,2026-09-24T16:17:44,ok which the rubric are we on
M01834,G23,studio_3,S040,2026-09-24T16:17:59,"wait from the reading, calibration is the word we want in the summary"
M01835,G05,studio_3,S118,2026-09-24T16:18:11,right my confidence ratings were about eight points too high every time or am i off
M01836,G12,studio_3,S013,2026-09-24T16:18:13,really
M01837,G22,studio_3,S110,2026-09-24T16:18:20,you two are on a roll
M01838,G17,studio_3,S016,2026-09-24T16:18:24,wait really
M01839,G10,studio_3,S078,2026-09-24T16:18:27,wait let's split this five ways?
M01840,G20,studio_3,S112,2026-09-24T16:18:39,who is taking notes today sorry if that is obvious
M01841,G04,studio_3,S050,2026-09-24T16:18:39,so i missed that last bit
M01842,G06,studio_3,S116,2026-09-24T16:18:42,hey that made me laugh sorry if that is obvious
M01843,G08,studio_3,S068,2026-09-24T16:18:43,"hmm from the reading, monitoring only matters if it changes the next action does that track"
M01844,G24,studio_3,S048,2026-09-24T16:18:54,"right not sure, but overconfidence is worst on the material that feels familiar"
M01845,G21,studio_3,S098,2026-09-24T16:19:00,i think my confidence ratings were about eight points too high every time does that track
M01846,G11,studio_3,S081,2026-09-24T16:19:07,right does everyone have the slide open
M01847,G12,studio_3,S084,2026-09-24T16:19:09,"alright from the reading, overconfidence is worst on the material that feels familiar what do you think"
M01848,G03,studio_3,S079,2026-09-24T16:19:17,hey good point
M01849,G23,studio_3,S106,2026-09-24T16:19:30,do you mean the reading or the other one
M01850,G10,studio_3,S103,2026-09-24T16:19:43,let's split this fifteen ways what do you think
M01851,G03,studio_3,S055,2026-09-24T16:20:01,ok oh interesting
M01852,G03,studio_3,S037,2026-09-24T16:20:09,oh i'll take the wrap up sorry if that is obvious
M01853,G11,studio_3,S081,2026-09-24T16:20:14,yeah overconfidence is worst on the material that feels familiar
M01854,G11,studio_3,S046,2026-09-24T16:20:22,hmm so calibration is the word we want in the summary lol
M01855,G20,studio_3,S113,2026-09-24T16:20:32,"from the reading, overconfidence is worst on the material that feels familiar"
M01856,G15,studio_3,S006,2026-09-24T16:20:32,my read is a study plan nobody follows is not a plan
M01857,G09,studio_3,S036,2026-09-24T16:20:42,yeah you two are on a roll
M01858,G20,studio_3,S112,2026-09-24T16:20:49,oh are we answering question ten or the next one sorry if that is obvious
M01859,G01,studio_3,S056,2026-09-24T16:20:54,love that lol
M01860,G02,studio_3,S017,2026-09-24T16:21:02,ok are we answering question ten or the next one
M01861,G05,studio_3,S107,2026-09-24T16:21:18,so same here honestly?
M01862,G07,studio_3,S044,2026-09-24T16:21:39,which the slide are we on if that works for everyone
M01863,G12,studio_3,S057,2026-09-24T16:21:43,"ok counterpoint, the illusion of fluency is the whole problem with rereading what do you think"
M01864,G10,studio_3,S078,2026-09-24T16:21:56,self report is the measure and also the thing we are trying to fix
M01865,G22,studio_3,S097,2026-09-24T16:22:04,oh my read is self report is the measure and also the thing we are trying to fix sorry if that is obvious
M01866,G02,studio_3,S026,2026-09-24T16:22:12,"not sure, but we could ask students to predict their score before submitting what do you think"
M01867,G13,studio_3,S072,2026-09-24T16:22:15,yeah putting our notes at the top of the doc does that track
M01868,G16,studio_3,S109,2026-09-24T16:22:27,maybe reflection has to point at something you will actually do right
M01869,G24,studio_3,S028,2026-09-24T16:22:43,alright really
M01870,G03,studio_3,S100,2026-09-24T16:22:45,right is that the same as what we said before
M01871,G03,studio_3,S023,2026-09-24T16:22:47,wait sharing my screen now right
M01872,G02,studio_3,S019,2026-09-24T16:22:47,maybe the illusion of fluency is the whole problem with rereading if that works for everyone
M01873,G16,studio_3,S052,2026-09-24T16:22:53,alright sorry can you repeat that if that works for everyone
M01874,G09,studio_3,S082,2026-09-24T16:23:02,i'm back
M01875,G17,studio_3,S099,2026-09-24T16:23:06,wait i think a study plan nobody follows is not a plan what do you think
M01876,G17,studio_3,S062,2026-09-24T16:23:21,oh i lost the transcript again sorry what do you think
M01877,G15,studio_3,S020,2026-09-24T16:23:32,where is that in our notes or am i off
M01878,G24,studio_3,S048,2026-09-24T16:23:33,"hmm counterpoint, monitoring only matters if it changes the next action"
M01879,G05,studio_3,S025,2026-09-24T16:23:35,"hey for the doc, the illusion of fluency is the whole problem with rereading?"
M01880,G08,studio_3,S068,2026-09-24T16:23:42,hey who is taking notes today?
M01881,G16,studio_3,S007,2026-09-24T16:23:56,oh where is that in the rubric lol
M01882,G22,studio_3,S110,2026-09-24T16:24:00,yeah i'm convinced lol
M01883,G13,studio_3,S012,2026-09-24T16:24:20,so we could ask students to predict their score before submitting lol
M01884,G13,studio_3,S022,2026-09-24T16:24:29,alright who wants to present back if that works for everyone
M01885,G07,studio_3,S010,2026-09-24T16:24:33,so we could ask students to predict their score before submitting
M01886,G15,studio_3,S006,2026-09-24T16:24:36,so honestly calibration is the word we want in the summary
M01887,G11,studio_3,S081,2026-09-24T16:24:36,oh brb one sec
M01888,G05,studio_3,S107,2026-09-24T16:24:38,right my wifi dropped sorry
M01889,G08,studio_3,S021,2026-09-24T16:24:41,oh really
M01890,G15,studio_3,S006,2026-09-24T16:24:44,i'm convinced sorry if that is obvious
M01891,G01,studio_3,S038,2026-09-24T16:24:44,yeah that is a great way to put it
M01892,G07,studio_3,S044,2026-09-24T16:24:47,hmm maybe a study plan nobody follows is not a plan
M01893,G09,studio_3,S036,2026-09-24T16:24:49,yeah i think monitoring only matters if it changes the next action
M01894,G07,studio_3,S001,2026-09-24T16:24:51,"right from the reading, a study plan nobody follows is not a plan or am i off"
M01895,G03,studio_3,S100,2026-09-24T16:24:51,right yes exactly
M01896,G08,studio_3,S068,2026-09-24T16:24:52,oh i can present if nobody else wants to lol
M01897,G13,studio_3,S012,2026-09-24T16:24:59,right i'll take the last section sorry if that is obvious
M01898,G22,studio_3,S110,2026-09-24T16:25:14,ok love that or am i off
M01899,G10,studio_3,S083,2026-09-24T16:25:17,hmm my wifi dropped sorry
M01900,G09,studio_3,S077,2026-09-24T16:25:20,wait can you say more about that
M01901,G14,studio_3,S039,2026-09-24T16:25:21,"yeah not sure, but a study plan nobody follows is not a plan"
M01902,G01,studio_3,S056,2026-09-24T16:25:22,hmm my read is overconfidence is worst on the material that feels familiar lol
M01903,G13,studio_3,S012,2026-09-24T16:25:26,yeah maybe overconfidence is worst on the material that feels familiar what do you think
M01904,G10,studio_3,S009,2026-09-24T16:25:35,yeah honestly overconfidence is worst on the material that feels familiar what do you think
M01905,G21,studio_3,S094,2026-09-24T16:25:46,hmm the illusion of fluency is the whole problem with rereading does that track
M01906,G13,studio_3,S072,2026-09-24T16:25:54,ok can we come back to the definitions in a sec
M01907,G15,studio_3,S006,2026-09-24T16:25:59,so my read is self report is the measure and also the thing we are trying to fix if that works for everyone
M01908,G03,studio_3,S079,2026-09-24T16:26:01,hmm i'm convinced
M01909,G12,studio_3,S084,2026-09-24T16:26:03,hey i missed that last bit right
M01910,G03,studio_3,S079,2026-09-24T16:26:05,"from the reading, self report is the measure and also the thing we are trying to fix does that track"
M01911,G15,studio_3,S006,2026-09-24T16:26:12,"hey counterpoint, my confidence ratings were about eight points too high every time right"
M01912,G04,studio_3,S050,2026-09-24T16:26:17,hey the illusion of fluency is the whole problem with rereading or am i off
M01913,G05,studio_3,S107,2026-09-24T16:26:19,ok can you say more about that
M01914,G16,studio_3,S052,2026-09-24T16:26:19,yeah running two minutes late?
M01915,G07,studio_3,S001,2026-09-24T16:26:36,right can we come back to the intro in a sec does that track
M01916,G22,studio_3,S027,2026-09-24T16:26:41,hmm i'll take the definitions does that track
M01917,G15,studio_3,S020,2026-09-24T16:26:44,alright moving the prompt into the doc now if that works for everyone
M01918,G03,studio_3,S023,2026-09-24T16:26:46,wait where is that in the transcript
M01919,G16,studio_3,S109,2026-09-24T16:26:48,my read is we could ask students to predict their score before submitting
M01920,G21,studio_3,S098,2026-09-24T16:27:06,oh is that the same as what we said before what do you think
M01921,G11,studio_3,S046,2026-09-24T16:27:07,wait is that the same as what we said before
M01922,G15,studio_3,S032,2026-09-24T16:27:09,so i can share the doc or am i off
M01923,G22,studio_3,S110,2026-09-24T16:27:29,"wait not sure, but we could ask students to predict their score before submitting or am i off"
M01924,G12,studio_3,S057,2026-09-24T16:27:31,i'm following now
M01925,G18,studio_3,S004,2026-09-24T16:27:42,same here honestly if that works for everyone
M01926,G18,studio_3,S069,2026-09-24T16:27:52,can you give an example right
M01927,G15,studio_3,S032,2026-09-24T16:27:52,i'll write up part 3
M01928,G22,studio_3,S027,2026-09-24T16:27:58,"right from the reading, calibration is the word we want in the summary right"
M01929,G23,studio_3,S024,2026-09-24T16:28:01,do you mean the doc link or the other one does that track
M01930,G16,studio_3,S080,2026-09-24T16:28:13,hmm i think a study plan nobody follows is not a plan
M01931,G19,studio_3,S003,2026-09-24T16:28:16,alright i lost the handout again sorry
M01932,G08,studio_3,S021,2026-09-24T16:28:32,so this is fun actually
M01933,G13,studio_3,S072,2026-09-24T16:28:35,hey nice?
M01934,G10,studio_3,S083,2026-09-24T16:28:41,hey self report is the measure and also the thing we are trying to fix
M01935,G21,studio_3,S098,2026-09-24T16:28:47,right i'll take the wrap up right
M01936,G09,studio_3,S067,2026-09-24T16:28:49,can you give an example
M01937,G20,studio_3,S113,2026-09-24T16:28:50,right can we come back to the intro in a sec does that track
M01938,G05,studio_3,S025,2026-09-24T16:28:52,maybe reflection has to point at something you will actually do or am i off
M01939,G16,studio_3,S052,2026-09-24T16:28:59,hi all lol
M01940,G14,studio_3,S074,2026-09-24T16:29:00,right a study plan nobody follows is not a plan?
M01941,G10,studio_3,S083,2026-09-24T16:29:02,"right from the reading, reflection has to point at something you will actually do"
M01942,G06,studio_3,S011,2026-09-24T16:29:03,wait my read is we could ask students to predict their score before submitting
M01943,G03,studio_3,S055,2026-09-24T16:29:09,right does everyone have the prompt open what do you think
M01944,G20,studio_3,S119,2026-09-24T16:29:32,hmm i'll write up the wrap up lol
M01945,G04,studio_3,S002,2026-09-24T16:29:39,i can present if nobody else wants to does that track
M01946,G20,studio_3,S112,2026-09-24T16:29:42,"alright for the doc, calibration is the word we want in the summary"
M01947,G10,studio_3,S009,2026-09-24T16:29:52,alright i'll take the second question if that works for everyone
M01948,G20,studio_3,S117,2026-09-24T16:29:53,hey putting the example at the top of the doc?
M01949,G07,studio_3,S010,2026-09-24T16:29:53,hey i'll take part 2
M01950,G14,studio_3,S074,2026-09-24T16:29:59,a study plan nobody follows is not a plan
M01951,G10,studio_3,S078,2026-09-24T16:30:03,yeah who is taking notes today
M01952,G24,studio_3,S028,2026-09-24T16:30:06,same here honestly
M01953,G12,studio_3,S059,2026-09-24T16:30:10,do you mean our notes or the other one
M01954,G16,studio_3,S052,2026-09-24T16:30:15,so should we outline first?
M01955,G15,studio_3,S014,2026-09-24T16:30:21,wait good point
M01956,G10,studio_3,S083,2026-09-24T16:30:24,hey i'll write up part 3 if that works for everyone
M01957,G20,studio_3,S112,2026-09-24T16:30:37,"from the reading, reflection has to point at something you will actually do"
M01958,G05,studio_3,S118,2026-09-24T16:30:47,hmm a study plan nobody follows is not a plan
M01959,G11,studio_3,S058,2026-09-24T16:30:56,ok maybe self report is the measure and also the thing we are trying to fix?
M01960,G08,studio_3,S047,2026-09-24T16:30:56,alright i'm adding the handout to the doc or am i off
M01961,G13,studio_3,S012,2026-09-24T16:30:57,can you give an example lol
M01962,G12,studio_3,S095,2026-09-24T16:31:01,right what does that term mean again does that track
M01963,G06,studio_3,S053,2026-09-24T16:31:05,"alright not sure, but the illusion of fluency is the whole problem with rereading?"
M01964,G08,studio_3,S068,2026-09-24T16:31:07,alright honestly the illusion of fluency is the whole problem with rereading lol
M01965,G16,studio_3,S070,2026-09-24T16:31:08,can you say more about that does that track
M01966,G16,studio_3,S080,2026-09-24T16:31:26,yeah my read is we could ask students to predict their score before submitting?
M01967,G15,studio_3,S032,2026-09-24T16:31:27,hmm sorry can you repeat that
M01968,G15,studio_3,S032,2026-09-24T16:31:39,so self report is the measure and also the thing we are trying to fix if that works for everyone
M01969,G03,studio_3,S037,2026-09-24T16:31:49,oh thanks for waiting if that works for everyone
M01970,G04,studio_3,S090,2026-09-24T16:31:59,hmm putting the example at the top of the doc does that track
M01971,G04,studio_3,S002,2026-09-24T16:32:07,ok i'll take the last section if that works for everyone
M01972,G02,studio_3,S019,2026-09-24T16:32:08,right i think a study plan nobody follows is not a plan what do you think
M01973,G05,studio_3,S025,2026-09-24T16:32:10,hmm which the handout are we on lol
M01974,G23,studio_3,S106,2026-09-24T16:32:11,"yeah for the doc, a study plan nobody follows is not a plan"
M01975,G06,studio_3,S073,2026-09-24T16:32:11,putting the table at the top of the doc if that works for everyone
M01976,G06,studio_3,S045,2026-09-24T16:32:17,so let's split this ten ways
M01977,G17,studio_3,S086,2026-09-24T16:32:21,really if that works for everyone
M01978,G16,studio_3,S007,2026-09-24T16:32:22,yeah where is that in the doc link sorry if that is obvious
M01979,G08,studio_3,S021,2026-09-24T16:32:23,i missed that last bit
M01980,G08,studio_3,S068,2026-09-24T16:32:32,alright we have ten minutes left does that track
M01981,G01,studio_3,S056,2026-09-24T16:32:32,yeah are we answering question ten or the next one or am i off
M01982,G13,studio_3,S022,2026-09-24T16:32:38,hey reflection has to point at something you will actually do
M01983,G08,studio_3,S068,2026-09-24T16:32:38,so really
M01984,G23,studio_3,S114,2026-09-24T16:32:44,alright my read is we could ask students to predict their score before submitting sorry if that is obvious
M01985,G19,studio_3,S003,2026-09-24T16:32:49,hmm that made me laugh
M01986,G14,studio_3,S039,2026-09-24T16:32:53,self report is the measure and also the thing we are trying to fix?
M01987,G16,studio_3,S007,2026-09-24T16:33:00,hey agreed
M01988,G12,studio_3,S013,2026-09-24T16:33:13,ok i think monitoring only matters if it changes the next action lol
M01989,G03,studio_3,S037,2026-09-24T16:33:25,i'm back
M01990,G02,studio_3,S019,2026-09-24T16:33:25,i can share the doc?
M01991,G18,studio_3,S069,2026-09-24T16:33:33,moving the slide into the doc now sorry if that is obvious
M01992,G12,studio_3,S057,2026-09-24T16:33:39,hmm so a study plan nobody follows is not a plan
M01993,G05,studio_3,S025,2026-09-24T16:33:41,brb one sec
M01994,G20,studio_3,S089,2026-09-24T16:33:44,so maybe reflection has to point at something you will actually do?
M01995,G05,studio_3,S107,2026-09-24T16:33:46,alright that made me laugh
M01996,G11,studio_3,S092,2026-09-24T16:33:48,"hmm from the reading, self report is the measure and also the thing we are trying to fix what do you think"
M01997,G10,studio_3,S078,2026-09-24T16:33:49,yeah let's timebox this to fifteen minutes
M01998,G06,studio_3,S053,2026-09-24T16:34:03,we could ask students to predict their score before submitting does that track
M01999,G16,studio_3,S070,2026-09-24T16:34:07,wait my read is a study plan nobody follows is not a plan lol
M02000,G02,studio_3,S120,2026-09-24T16:34:09,hmm fair enough?
M02001,G22,studio_3,S110,2026-09-24T16:34:10,so i lost the doc link again sorry or am i off
M02002,G06,studio_3,S045,2026-09-24T16:34:21,so maybe a study plan nobody follows is not a plan
M02003,G04,studio_3,S050,2026-09-24T16:34:23,right my confidence ratings were about eight points too high every time
M02004,G13,studio_3,S061,2026-09-24T16:34:27,yeah can we come back to the definitions in a sec lol
M02005,G14,studio_3,S039,2026-09-24T16:34:35,hey honestly overconfidence is worst on the material that feels familiar
M02006,G19,studio_3,S042,2026-09-24T16:34:36,alright honestly calibration is the word we want in the summary
M02007,G05,studio_3,S043,2026-09-24T16:34:37,hmm my read is overconfidence is worst on the material that feels familiar what do you think
M02008,G24,studio_3,S028,2026-09-24T16:34:47,alright who wants to present back lol
M02009,G13,studio_3,S061,2026-09-24T16:34:52,yeah i'm not sure i follow
M02010,G02,studio_3,S017,2026-09-24T16:35:00,wait oh interesting does that track
M02011,G10,studio_3,S009,2026-09-24T16:35:07,self report is the measure and also the thing we are trying to fix
M02012,G24,studio_3,S060,2026-09-24T16:35:10,right reflection has to point at something you will actually do?
M02013,G02,studio_3,S120,2026-09-24T16:35:40,ok nice
M02014,G09,studio_3,S082,2026-09-24T16:35:57,i think we could ask students to predict their score before submitting
M02015,G08,studio_3,S108,2026-09-24T16:36:03,hey my wifi dropped sorry
M02016,G18,studio_3,S069,2026-09-24T16:36:19,"alright from the reading, overconfidence is worst on the material that feels familiar sorry if that is obvious"
M02017,G13,studio_3,S012,2026-09-24T16:36:20,running two minutes late what do you think
M02018,G04,studio_3,S050,2026-09-24T16:36:26,alright who wants to present back
M02019,G12,studio_3,S057,2026-09-24T16:36:38,should we outline first
M02020,G11,studio_3,S058,2026-09-24T16:36:50,wait what does that term mean again sorry if that is obvious
M02021,G08,studio_3,S021,2026-09-24T16:36:52,good point
M02022,G06,studio_3,S045,2026-09-24T16:37:06,ok should we outline first does that track
M02023,G05,studio_3,S118,2026-09-24T16:37:10,wait you two are on a roll
M02024,G11,studio_3,S081,2026-09-24T16:37:10,moving the prompt into the doc now
M02025,G10,studio_3,S015,2026-09-24T16:37:12,alright sharing my screen now?
M02026,G03,studio_3,S055,2026-09-24T16:37:22,oh which the example are we on does that track
M02027,G12,studio_3,S084,2026-09-24T16:37:22,so monitoring only matters if it changes the next action
M02028,G23,studio_3,S106,2026-09-24T16:37:23,should we outline first?
M02029,G24,studio_3,S005,2026-09-24T16:37:25,"hmm for the doc, monitoring only matters if it changes the next action?"
M02030,G13,studio_3,S012,2026-09-24T16:37:37,so i'm adding the prompt to the doc
M02031,G11,studio_3,S046,2026-09-24T16:37:42,right sharing my screen now lol
M02032,G12,studio_3,S095,2026-09-24T16:37:49,i think self report is the measure and also the thing we are trying to fix
M02033,G14,studio_3,S104,2026-09-24T16:37:51,yeah can you say more about that does that track
M02034,G17,studio_3,S099,2026-09-24T16:37:51,my read is calibration is the word we want in the summary
M02035,G15,studio_3,S032,2026-09-24T16:37:57,yeah should we outline first?
M02036,G16,studio_3,S070,2026-09-24T16:38:05,alright i'll write up part 3
M02037,G06,studio_3,S045,2026-09-24T16:38:12,"counterpoint, the illusion of fluency is the whole problem with rereading or am i off"
M02038,G18,studio_3,S075,2026-09-24T16:38:16,alright that is a great way to put it
M02039,G17,studio_3,S016,2026-09-24T16:38:29,hmm can we come back to the last section in a sec
M02040,G23,studio_3,S024,2026-09-24T16:38:42,wait my read is my confidence ratings were about eight points too high every time lol
M02041,G01,studio_3,S076,2026-09-24T16:39:06,ok my confidence ratings were about eight points too high every time right
M02042,G07,studio_3,S001,2026-09-24T16:39:17,alright do you mean the example or the other one if that works for everyone
M02043,G02,studio_3,S017,2026-09-24T16:39:31,right we have four minutes left does that track
M02044,G02,studio_3,S026,2026-09-24T16:39:33,ok maybe overconfidence is worst on the material that feels familiar does that track
M02045,G15,studio_3,S032,2026-09-24T16:39:35,so i think the illusion of fluency is the whole problem with rereading what do you think
M02046,G23,studio_3,S106,2026-09-24T16:39:39,maybe we could ask students to predict their score before submitting if that works for everyone
M02047,G08,studio_3,S047,2026-09-24T16:39:44,hey i think my confidence ratings were about eight points too high every time?
M02048,G12,studio_3,S095,2026-09-24T16:39:52,ok i'll take the summary
M02049,G19,studio_3,S066,2026-09-24T16:39:52,hmm honestly reflection has to point at something you will actually do if that works for everyone
M02050,G17,studio_3,S099,2026-09-24T16:40:00,oh that is a great way to put it what do you think
M02051,G03,studio_3,S079,2026-09-24T16:40:05,ok can you give an example
M02052,G24,studio_3,S060,2026-09-24T16:40:17,right moving the example into the doc now
M02053,G22,studio_3,S093,2026-09-24T16:40:23,"hey counterpoint, self report is the measure and also the thing we are trying to fix"
M02054,G02,studio_3,S019,2026-09-24T16:40:24,ok can we come back to the intro in a sec
M02055,G09,studio_3,S082,2026-09-24T16:40:26,hey my wifi dropped sorry
M02056,G08,studio_3,S021,2026-09-24T16:40:32,hey someone should own the summary right
M02057,G10,studio_3,S103,2026-09-24T16:40:33,alright i can present if nobody else wants to if that works for everyone
M02058,G05,studio_3,S043,2026-09-24T16:40:35,ok i'm not sure i follow
M02059,G23,studio_3,S106,2026-09-24T16:40:35,same here honestly?
M02060,G20,studio_3,S113,2026-09-24T16:40:42,alright are we answering question ten or the next one?
M02061,G21,studio_3,S115,2026-09-24T16:40:47,"for the doc, the illusion of fluency is the whole problem with rereading?"
M02062,G03,studio_3,S055,2026-09-24T16:41:02,"ok not sure, but monitoring only matters if it changes the next action"
M02063,G04,studio_3,S050,2026-09-24T16:41:06,so my read is a study plan nobody follows is not a plan what do you think
M02064,G20,studio_3,S089,2026-09-24T16:41:31,"yeah not sure, but overconfidence is worst on the material that feels familiar what do you think"
M02065,G09,studio_3,S036,2026-09-24T16:41:34,i'm adding the prompt to the doc if that works for everyone
M02066,G11,studio_3,S092,2026-09-24T16:41:37,hmm i think monitoring only matters if it changes the next action
M02067,G07,studio_3,S071,2026-09-24T16:41:39,sharing my screen now
M02068,G12,studio_3,S057,2026-09-24T16:41:54,hmm i think we could ask students to predict their score before submitting?
M02069,G21,studio_3,S115,2026-09-24T16:41:58,wait hi all
M02070,G21,studio_3,S085,2026-09-24T16:41:59,oh let's each take two minutes to write first lol
M02071,G01,studio_3,S033,2026-09-24T16:42:17,oh my read is the illusion of fluency is the whole problem with rereading or am i off
M02072,G20,studio_3,S113,2026-09-24T16:42:31,yes exactly
M02073,G01,studio_3,S038,2026-09-24T16:42:32,ok we have three minutes left sorry if that is obvious
M02074,G23,studio_3,S106,2026-09-24T16:42:54,right let's each take five minutes to write first
M02075,G23,studio_3,S106,2026-09-24T16:42:57,i'll write up part 2 does that track
M02076,G03,studio_3,S055,2026-09-24T16:43:03,right let's each take three minutes to write first does that track
M02077,G03,studio_3,S023,2026-09-24T16:43:11,hmm let's split this twenty ways sorry if that is obvious
M02078,G12,studio_3,S059,2026-09-24T16:43:11,hmm my read is overconfidence is worst on the material that feels familiar
M02079,G17,studio_3,S016,2026-09-24T16:43:14,agreed
M02080,G23,studio_3,S106,2026-09-24T16:43:19,sorry can you repeat that what do you think
M02081,G20,studio_3,S089,2026-09-24T16:43:23,ok yes exactly
M02082,G23,studio_3,S040,2026-09-24T16:43:31,"counterpoint, overconfidence is worst on the material that feels familiar lol"
M02083,G10,studio_3,S078,2026-09-24T16:43:35,hmm my read is overconfidence is worst on the material that feels familiar
M02084,G03,studio_3,S037,2026-09-24T16:43:35,wait i'm not sure i follow does that track
M02085,G01,studio_3,S056,2026-09-24T16:43:39,monitoring only matters if it changes the next action sorry if that is obvious
M02086,G04,studio_3,S090,2026-09-24T16:43:45,so maybe overconfidence is worst on the material that feels familiar?
M02087,G19,studio_3,S003,2026-09-24T16:44:06,let's each take ten minutes to write first?
M02088,G03,studio_3,S055,2026-09-24T16:44:07,"wait not sure, but a study plan nobody follows is not a plan if that works for everyone"
M02089,G03,studio_3,S023,2026-09-24T16:44:09,are we answering question fifteen or the next one
M02090,G21,studio_3,S115,2026-09-24T16:44:27,yeah i'll write up the intro?
M02091,G08,studio_3,S068,2026-09-24T16:44:32,hey monitoring only matters if it changes the next action right
M02092,G10,studio_3,S083,2026-09-24T16:44:39,hmm my confidence ratings were about eight points too high every time
M02093,G07,studio_3,S071,2026-09-24T16:44:43,right can someone paste our notes?
M02094,G24,studio_3,S028,2026-09-24T16:44:49,oh that made me laugh
M02095,G05,studio_3,S051,2026-09-24T16:45:00,wait oh interesting
M02096,G23,studio_3,S049,2026-09-24T16:45:07,right i think overconfidence is worst on the material that feels familiar what do you think
M02097,G17,studio_3,S016,2026-09-24T16:45:10,hmm the illusion of fluency is the whole problem with rereading sorry if that is obvious
M02098,G13,studio_3,S012,2026-09-24T16:45:15,wait that is a great way to put it lol
M02099,G07,studio_3,S001,2026-09-24T16:45:19,ok calibration is the word we want in the summary what do you think
M02100,G04,studio_3,S002,2026-09-24T16:45:24,alright self report is the measure and also the thing we are trying to fix sorry if that is obvious
M02101,G23,studio_3,S049,2026-09-24T16:45:30,oh fair enough
M02102,G10,studio_3,S078,2026-09-24T16:45:34,yes exactly sorry if that is obvious
M02103,G24,studio_3,S041,2026-09-24T16:45:35,"from the reading, reflection has to point at something you will actually do if that works for everyone"
M02104,G21,studio_3,S111,2026-09-24T16:45:35,hey where is that in the reading right
M02105,G17,studio_3,S086,2026-09-24T16:45:55,i can present if nobody else wants to?
M02106,G18,studio_3,S101,2026-09-24T16:45:57,hey you two are on a roll lol
M02107,G10,studio_3,S083,2026-09-24T16:46:01,right this is fun actually
M02108,G19,studio_3,S042,2026-09-24T16:46:42,hey we could ask students to predict their score before submitting
M02109,G20,studio_3,S112,2026-09-24T16:46:48,hmm can someone paste the handout if that works for everyone
M02110,G05,studio_3,S118,2026-09-24T16:47:12,"right not sure, but reflection has to point at something you will actually do"
M02111,G11,studio_3,S092,2026-09-24T16:47:12,can someone paste the example what do you think
M02112,G23,studio_3,S106,2026-09-24T16:47:22,i'm back
M02113,G20,studio_3,S112,2026-09-24T16:47:29,oh a study plan nobody follows is not a plan?
M02114,G04,studio_3,S050,2026-09-24T16:47:42,i'm adding the question to the doc right
M02115,G14,studio_3,S031,2026-09-24T16:47:46,wait agreed
M02116,G16,studio_3,S070,2026-09-24T16:47:58,"right counterpoint, the illusion of fluency is the whole problem with rereading sorry if that is obvious"
M02117,G12,studio_3,S013,2026-09-24T16:48:08,wait really
M02118,G20,studio_3,S089,2026-09-24T16:48:30,so you two are on a roll
M02119,G08,studio_3,S088,2026-09-24T16:48:30,right self report is the measure and also the thing we are trying to fix does that track
M02120,G06,studio_3,S053,2026-09-24T16:48:31,ok so we could ask students to predict their score before submitting
M02121,G11,studio_3,S092,2026-09-24T16:48:39,oh sharing my screen now
M02122,G08,studio_3,S047,2026-09-24T16:48:48,so we have ten minutes left
M02123,G03,studio_3,S023,2026-09-24T16:48:53,so so reflection has to point at something you will actually do
M02124,G02,studio_3,S120,2026-09-24T16:48:54,hey my read is reflection has to point at something you will actually do sorry if that is obvious
M02125,G08,studio_3,S021,2026-09-24T16:48:57,should we outline first right
M02126,G20,studio_3,S089,2026-09-24T16:49:00,oh honestly self report is the measure and also the thing we are trying to fix or am i off
M02127,G04,studio_3,S087,2026-09-24T16:49:01,i'll write up the counterargument
M02128,G13,studio_3,S022,2026-09-24T16:49:15,right overconfidence is worst on the material that feels familiar sorry if that is obvious
M02129,G14,studio_3,S074,2026-09-24T16:49:18,"hey not sure, but we could ask students to predict their score before submitting"
M02130,G08,studio_3,S108,2026-09-24T16:49:30,"so not sure, but the illusion of fluency is the whole problem with rereading does that track"
M02131,G11,studio_3,S046,2026-09-24T16:49:35,right who wants to present back or am i off
M02132,G19,studio_3,S018,2026-09-24T16:49:41,"so for the doc, we could ask students to predict their score before submitting lol"
M02133,G11,studio_3,S092,2026-09-24T16:49:41,oh let's split this three ways?
M02134,G08,studio_3,S047,2026-09-24T16:49:46,ok someone should own the intro?
M02135,G20,studio_3,S089,2026-09-24T16:50:13,oh who wants to present back?
M02136,G12,studio_3,S084,2026-09-24T16:50:26,can we come back to the last section in a sec does that track
M02137,G22,studio_3,S093,2026-09-24T16:50:28,"right from the reading, a study plan nobody follows is not a plan"
M02138,G21,studio_3,S111,2026-09-24T16:50:36,really
M02139,G12,studio_3,S095,2026-09-24T16:50:36,so let's each take two minutes to write first right
M02140,G20,studio_3,S117,2026-09-24T16:50:37,alright i can present if nobody else wants to right
M02141,G14,studio_3,S039,2026-09-24T16:50:48,hey someone should own the examples does that track
M02142,G03,studio_3,S100,2026-09-24T16:50:52,do you mean the question or the other one
M02143,G05,studio_3,S118,2026-09-24T16:50:54,do you mean the rubric or the other one lol
M02144,G20,studio_3,S117,2026-09-24T16:50:58,oh i'm adding our notes to the doc right
M02145,G05,studio_3,S043,2026-09-24T16:51:18,hey overconfidence is worst on the material that feels familiar what do you think
M02146,G05,studio_3,S051,2026-09-24T16:51:18,oh let's timebox this to twenty minutes
M02147,G20,studio_3,S112,2026-09-24T16:51:45,wait love that what do you think
M02148,G22,studio_3,S096,2026-09-24T16:51:59,wait calibration is the word we want in the summary
M02149,G08,studio_3,S068,2026-09-24T16:52:27,i'm not sure i follow
M02150,G20,studio_3,S089,2026-09-24T16:52:43,hey you two are on a roll
M02151,G17,studio_3,S062,2026-09-24T16:52:47,we have two minutes left
M02152,G13,studio_3,S012,2026-09-24T16:52:52,so sorry can you repeat that?
M02153,G07,studio_3,S010,2026-09-24T16:53:12,hmm putting the slide at the top of the doc sorry if that is obvious
M02154,G24,studio_3,S048,2026-09-24T16:53:16,hmm can we come back to the second question in a sec right
M02155,G18,studio_3,S101,2026-09-24T16:53:23,hmm overconfidence is worst on the material that feels familiar right
M02156,G05,studio_3,S025,2026-09-24T16:53:23,ok this is fun actually
M02157,G08,studio_3,S021,2026-09-24T16:53:23,yeah are we answering question five or the next one or am i off
M02158,G24,studio_3,S060,2026-09-24T16:53:31,hmm i think calibration is the word we want in the summary or am i off
M02159,G06,studio_3,S053,2026-09-24T16:53:48,someone should own part 2
M02160,G14,studio_3,S039,2026-09-24T16:53:48,hold on let me reread the table right
M02161,G23,studio_3,S106,2026-09-24T16:53:55,hey should we outline first if that works for everyone
M02162,G19,studio_3,S008,2026-09-24T16:53:58,alright i missed that last bit
M02163,G16,studio_3,S052,2026-09-24T16:54:09,oh hold on let me reread the reading?
M02164,G05,studio_3,S107,2026-09-24T16:54:10,oh honestly reflection has to point at something you will actually do or am i off
M02165,G18,studio_3,S075,2026-09-24T16:54:18,hey self report is the measure and also the thing we are trying to fix sorry if that is obvious
M02166,G01,studio_3,S033,2026-09-24T16:54:20,i can open the doc?
M02167,G11,studio_3,S046,2026-09-24T16:54:21,"right for the doc, self report is the measure and also the thing we are trying to fix if that works for everyone"
M02168,G09,studio_3,S029,2026-09-24T16:54:27,i can present if nobody else wants to what do you think
M02169,G15,studio_3,S014,2026-09-24T16:54:27,alright where is that in the reading sorry if that is obvious
M02170,G15,studio_3,S032,2026-09-24T16:54:30,so i'm following now
M02171,G19,studio_3,S003,2026-09-24T16:54:45,let's timebox this to fifteen minutes lol
M02172,G22,studio_3,S096,2026-09-24T16:54:49,hey are we answering question four or the next one sorry if that is obvious
M02173,G21,studio_3,S111,2026-09-24T16:55:00,is that the same as what we said before
M02174,G20,studio_3,S089,2026-09-24T16:55:07,hey my wifi dropped sorry
M02175,G20,studio_3,S089,2026-09-24T16:55:11,wait honestly overconfidence is worst on the material that feels familiar
M02176,G10,studio_3,S083,2026-09-24T16:55:14,hey we have three minutes left
M02177,G04,studio_3,S087,2026-09-24T16:55:47,ok hold on let me reread the rubric what do you think
M02178,G01,studio_3,S056,2026-09-24T16:55:48,alright does everyone have the handout open sorry if that is obvious
M02179,G07,studio_3,S010,2026-09-24T16:55:50,oh i'm adding our notes to the doc or am i off
M02180,G11,studio_3,S092,2026-09-24T16:55:51,hmm a study plan nobody follows is not a plan
M02181,G03,studio_3,S055,2026-09-24T16:55:54,yeah my wifi dropped sorry
M02182,G16,studio_3,S070,2026-09-24T16:56:04,"not sure, but the illusion of fluency is the whole problem with rereading"
M02183,G16,studio_3,S070,2026-09-24T16:56:08,"yeah for the doc, calibration is the word we want in the summary"
M02184,G11,studio_3,S092,2026-09-24T16:56:11,my read is calibration is the word we want in the summary
M02185,G16,studio_3,S052,2026-09-24T16:56:13,right should we outline first
M02186,G22,studio_3,S027,2026-09-24T16:56:17,ok putting the prompt at the top of the doc
M02187,G24,studio_3,S028,2026-09-24T16:56:32,"counterpoint, calibration is the word we want in the summary right"
M02188,G22,studio_3,S096,2026-09-24T16:56:46,yeah calibration is the word we want in the summary
M02189,G16,studio_3,S070,2026-09-24T16:56:49,"so not sure, but the illusion of fluency is the whole problem with rereading?"
M02190,G08,studio_3,S068,2026-09-24T16:56:51,right brb one sec
M02191,G06,studio_3,S116,2026-09-24T16:57:02,hmm we have four minutes left
M02192,G15,studio_3,S014,2026-09-24T16:57:02,alright is that the same as what we said before sorry if that is obvious
M02193,G10,studio_3,S009,2026-09-24T16:57:13,hey i can present if nobody else wants to if that works for everyone
M02194,G12,studio_3,S057,2026-09-24T16:57:17,"counterpoint, self report is the measure and also the thing we are trying to fix sorry if that is obvious"
M02195,G07,studio_3,S071,2026-09-24T16:57:17,right let's each take twenty minutes to write first lol
M02196,G03,studio_3,S100,2026-09-24T16:57:19,really
M02197,G14,studio_3,S031,2026-09-24T16:57:20,so let's timebox this to twenty minutes what do you think
M02198,G21,studio_3,S094,2026-09-24T16:57:21,wait sorry can you repeat that
M02199,G18,studio_3,S075,2026-09-24T16:57:21,"wait from the reading, we could ask students to predict their score before submitting?"
M02200,G05,studio_3,S043,2026-09-24T16:57:43,my confidence ratings were about eight points too high every time
M02201,G14,studio_3,S065,2026-09-24T16:57:58,ok my confidence ratings were about eight points too high every time what do you think
M02202,G06,studio_3,S045,2026-09-24T16:57:59,i'll write up the definitions
M02203,G08,studio_3,S068,2026-09-24T16:58:01,"from the reading, a study plan nobody follows is not a plan sorry if that is obvious"
M02204,G02,studio_3,S017,2026-09-24T16:58:24,alright i'm following now
M02205,G15,studio_3,S020,2026-09-24T16:58:25,alright that makes sense
M02206,G06,studio_3,S116,2026-09-24T16:58:27,i'll write up the examples
M02207,G06,studio_3,S045,2026-09-24T16:58:31,so i can open the doc right
M02208,G11,studio_3,S092,2026-09-24T16:58:31,wait i'll take part 1 what do you think
M02209,G23,studio_3,S106,2026-09-24T16:58:35,"from the reading, we could ask students to predict their score before submitting lol"
M02210,G08,studio_3,S047,2026-09-24T16:58:36,oh let's timebox this to five minutes or am i off
M02211,G22,studio_3,S093,2026-09-24T16:58:38,i'm convinced
M02212,G13,studio_3,S061,2026-09-24T16:58:42,oh really?
M02213,G23,studio_3,S049,2026-09-24T16:58:46,alright can someone paste the reading sorry if that is obvious
M02214,G12,studio_3,S057,2026-09-24T16:58:47,"from the reading, reflection has to point at something you will actually do"
M02215,G20,studio_3,S117,2026-09-24T16:58:59,so we have two minutes left sorry if that is obvious
M02216,G03,studio_3,S023,2026-09-24T16:59:00,my read is the illusion of fluency is the whole problem with rereading right
M02217,G16,studio_3,S070,2026-09-24T16:59:10,so who wants to present back
M02218,G22,studio_3,S093,2026-09-24T16:59:20,alright same here honestly
M02219,G13,studio_3,S012,2026-09-24T16:59:46,hey overconfidence is worst on the material that feels familiar sorry if that is obvious
M02220,G08,studio_3,S021,2026-09-24T16:59:54,maybe the illusion of fluency is the whole problem with rereading right
M02221,G23,studio_3,S114,2026-09-24T16:59:57,"right from the reading, my confidence ratings were about eight points too high every time what do you think"
M02222,G15,studio_3,S034,2026-09-24T17:00:02,hey can we come back to the counterargument in a sec right
M02223,G23,studio_3,S106,2026-09-24T17:00:10,my read is monitoring only matters if it changes the next action lol
M02224,G07,studio_3,S071,2026-09-24T17:00:15,"so counterpoint, we could ask students to predict their score before submitting right"
M02225,G11,studio_3,S105,2026-09-24T17:00:16,wait calibration is the word we want in the summary if that works for everyone
M02226,G11,studio_3,S058,2026-09-24T17:00:19,right that made me laugh
M02227,G19,studio_3,S042,2026-09-24T17:00:21,"yeah from the reading, reflection has to point at something you will actually do what do you think"
M02228,G08,studio_3,S068,2026-09-24T17:00:27,so i'm adding the table to the doc
M02229,G18,studio_3,S075,2026-09-24T17:00:27,ok running two minutes late
M02230,G23,studio_3,S106,2026-09-24T17:00:28,"not sure, but the illusion of fluency is the whole problem with rereading"
M02231,G08,studio_3,S088,2026-09-24T17:00:29,"hey from the reading, calibration is the word we want in the summary right"
M02232,G06,studio_3,S011,2026-09-24T17:00:32,so monitoring only matters if it changes the next action what do you think
M02233,G22,studio_3,S110,2026-09-24T17:00:42,right i'll write up part 1 lol
M02234,G01,studio_3,S038,2026-09-24T17:00:44,running two minutes late sorry if that is obvious
M02235,G22,studio_3,S096,2026-09-24T17:00:45,alright putting the table at the top of the doc if that works for everyone
M02236,G22,studio_3,S097,2026-09-24T17:00:45,so sharing my screen now
M02237,G08,studio_3,S108,2026-09-24T17:00:59,can you say more about that lol
M02238,G08,studio_3,S088,2026-09-24T17:01:01,oh hi all
M02239,G07,studio_3,S063,2026-09-24T17:01:05,right a study plan nobody follows is not a plan right
M02240,G17,studio_3,S099,2026-09-24T17:01:05,running two minutes late right
M02241,G18,studio_3,S069,2026-09-24T17:01:11,yeah should we outline first sorry if that is obvious
M02242,G21,studio_3,S115,2026-09-24T17:01:19,right can you give an example
M02243,G20,studio_3,S119,2026-09-24T17:01:25,right yes exactly
M02244,G02,studio_3,S017,2026-09-24T17:01:25,hmm calibration is the word we want in the summary or am i off
M02245,G13,studio_3,S022,2026-09-24T17:01:36,ok hi all lol
M02246,G15,studio_3,S020,2026-09-24T17:01:47,do you mean the doc link or the other one does that track
M02247,G21,studio_3,S094,2026-09-24T17:01:48,i'm not sure i follow right
M02248,G20,studio_3,S119,2026-09-24T17:01:51,right fair enough
M02249,G22,studio_3,S097,2026-09-24T17:02:01,sharing my screen now lol
M02250,G06,studio_3,S073,2026-09-24T17:02:15,yeah sorry can you repeat that
M02251,G23,studio_3,S040,2026-09-24T17:02:22,oh maybe my confidence ratings were about eight points too high every time what do you think
M02252,G16,studio_3,S109,2026-09-24T17:02:32,"alright counterpoint, self report is the measure and also the thing we are trying to fix?"
M02253,G23,studio_3,S106,2026-09-24T17:02:43,oh my wifi dropped sorry
M02254,G19,studio_3,S003,2026-09-24T17:02:48,hey i'll write up the wrap up or am i off
M02255,G14,studio_3,S039,2026-09-24T17:02:51,ok the illusion of fluency is the whole problem with rereading right
M02256,G03,studio_3,S037,2026-09-24T17:02:51,can we come back to the examples in a sec lol
M02257,G11,studio_3,S058,2026-09-24T17:02:54,hmm hi all right
M02258,G20,studio_3,S112,2026-09-24T17:02:54,yeah do you mean the question or the other one right
M02259,G14,studio_3,S065,2026-09-24T17:03:06,alright let's timebox this to four minutes?
M02260,G22,studio_3,S093,2026-09-24T17:03:11,my wifi dropped sorry
M02261,G22,studio_3,S097,2026-09-24T17:03:20,hmm moving the rubric into the doc now right
M02262,G16,studio_3,S109,2026-09-24T17:03:28,oh monitoring only matters if it changes the next action does that track
M02263,G01,studio_3,S030,2026-09-24T17:03:29,hmm i'm back
M02264,G22,studio_3,S093,2026-09-24T17:03:37,sorry can you repeat that sorry if that is obvious
M02265,G24,studio_3,S028,2026-09-24T17:03:47,right we could ask students to predict their score before submitting what do you think
M02266,G18,studio_3,S101,2026-09-24T17:03:50,"right counterpoint, we could ask students to predict their score before submitting"
M02267,G07,studio_3,S071,2026-09-24T17:03:52,wait i think reflection has to point at something you will actually do lol
M02268,G11,studio_3,S081,2026-09-24T17:04:19,hmm we have twenty minutes left sorry if that is obvious
M02269,G07,studio_3,S010,2026-09-24T17:04:27,oh who wants to present back
M02270,G02,studio_3,S017,2026-09-24T17:04:29,hey i think a study plan nobody follows is not a plan right
M02271,G07,studio_3,S001,2026-09-24T17:04:30,alright let's split this five ways
M02272,G16,studio_3,S080,2026-09-24T17:04:49,ok honestly a study plan nobody follows is not a plan
M02273,G09,studio_3,S036,2026-09-24T17:04:51,hey can you say more about that sorry if that is obvious
M02274,G06,studio_3,S045,2026-09-24T17:05:04,hmm my confidence ratings were about eight points too high every time sorry if that is obvious
M02275,G16,studio_3,S052,2026-09-24T17:05:04,wait can someone paste the question lol
M02276,G19,studio_3,S042,2026-09-24T17:05:15,yeah i think calibration is the word we want in the summary what do you think
M02277,G03,studio_3,S023,2026-09-24T17:05:16,yeah my read is self report is the measure and also the thing we are trying to fix sorry if that is obvious
M02278,G17,studio_3,S062,2026-09-24T17:05:24,honestly my confidence ratings were about eight points too high every time what do you think
M02279,G06,studio_3,S053,2026-09-24T17:05:25,ok this is fun actually
M02280,G13,studio_3,S022,2026-09-24T17:05:30,i can clean up the doc
M02281,G16,studio_3,S070,2026-09-24T17:05:31,hey a study plan nobody follows is not a plan if that works for everyone
M02282,G06,studio_3,S053,2026-09-24T17:05:39,wait which the slide are we on?
M02283,G01,studio_3,S056,2026-09-24T17:05:51,alright who is taking notes today?
M02284,G08,studio_3,S021,2026-09-24T17:05:56,right reflection has to point at something you will actually do right
M02285,G04,studio_3,S090,2026-09-24T17:05:59,hmm let's timebox this to two minutes sorry if that is obvious
M02286,G16,studio_3,S007,2026-09-24T17:06:01,are we answering question two or the next one sorry if that is obvious
M02287,G15,studio_3,S020,2026-09-24T17:06:04,hmm i think a study plan nobody follows is not a plan what do you think
M02288,G20,studio_3,S113,2026-09-24T17:06:06,"ok from the reading, monitoring only matters if it changes the next action lol"
M02289,G06,studio_3,S053,2026-09-24T17:06:15,overconfidence is worst on the material that feels familiar
M02290,G08,studio_3,S088,2026-09-24T17:06:24,alright let's split this ten ways right
M02291,G24,studio_3,S028,2026-09-24T17:06:25,hmm i'm back or am i off
M02292,G11,studio_3,S058,2026-09-24T17:06:33,alright really
M02293,G05,studio_3,S107,2026-09-24T17:06:34,my read is overconfidence is worst on the material that feels familiar or am i off
M02294,G03,studio_3,S100,2026-09-24T17:06:37,ok we could ask students to predict their score before submitting what do you think
M02295,G14,studio_3,S065,2026-09-24T17:06:47,hey can someone paste the example?
M02296,G15,studio_3,S034,2026-09-24T17:06:57,i'll take part 2 or am i off
M02297,G03,studio_3,S100,2026-09-24T17:07:01,hmm that made me laugh
M02298,G16,studio_3,S052,2026-09-24T17:07:02,"for the doc, reflection has to point at something you will actually do sorry if that is obvious"
M02299,G16,studio_3,S070,2026-09-24T17:07:19,are we answering question two or the next one sorry if that is obvious
M02300,G05,studio_3,S051,2026-09-24T17:07:49,i'm following now
M02301,G10,studio_3,S078,2026-09-24T17:07:58,"right from the reading, reflection has to point at something you will actually do right"
M02302,G23,studio_3,S049,2026-09-24T17:08:10,alright let's timebox this to twenty minutes
M02303,G01,studio_3,S076,2026-09-24T17:08:19,"hey from the reading, monitoring only matters if it changes the next action lol"
M02304,G13,studio_3,S012,2026-09-24T17:08:22,so putting the prompt at the top of the doc if that works for everyone
M02305,G10,studio_3,S078,2026-09-24T17:08:46,yeah moving the rubric into the doc now
M02306,G04,studio_3,S102,2026-09-24T17:08:51,hey i think my confidence ratings were about eight points too high every time sorry if that is obvious
M02307,G01,studio_3,S056,2026-09-24T17:08:54,hmm we have ten minutes left?
M02308,G04,studio_3,S090,2026-09-24T17:09:02,same here honestly sorry if that is obvious
M02309,G05,studio_3,S107,2026-09-24T17:09:15,yeah moving the slide into the doc now
M02310,G13,studio_3,S061,2026-09-24T17:09:24,"ok counterpoint, self report is the measure and also the thing we are trying to fix does that track"
M02311,G12,studio_3,S059,2026-09-24T17:09:36,yeah hold on let me reread our notes
M02312,G16,studio_3,S080,2026-09-24T17:09:36,wait we have twenty minutes left
M02313,G09,studio_3,S082,2026-09-24T17:09:38,wait honestly calibration is the word we want in the summary
M02314,G05,studio_3,S025,2026-09-24T17:09:48,can someone paste the example?
M02315,G19,studio_3,S066,2026-09-24T17:09:50,wait agreed
M02316,G01,studio_3,S056,2026-09-24T17:09:57,so what does that term mean again?
M02317,G05,studio_3,S043,2026-09-24T17:10:04,hmm i'm not sure i follow lol
M02318,G14,studio_3,S065,2026-09-24T17:10:11,overconfidence is worst on the material that feels familiar does that track
M02319,G04,studio_3,S050,2026-09-24T17:10:24,"right not sure, but reflection has to point at something you will actually do right"
M02320,G10,studio_3,S009,2026-09-24T17:10:41,oh does everyone have the question open
M02321,G06,studio_3,S073,2026-09-24T17:10:43,should we outline first does that track
M02322,G19,studio_3,S042,2026-09-24T17:10:43,oh i'm adding the rubric to the doc right
M02323,G23,studio_3,S040,2026-09-24T17:10:47,oh so monitoring only matters if it changes the next action
M02324,G10,studio_3,S078,2026-09-24T17:10:51,"yeah for the doc, a study plan nobody follows is not a plan?"
M02325,G06,studio_3,S073,2026-09-24T17:10:53,so running two minutes late if that works for everyone
M02326,G20,studio_3,S113,2026-09-24T17:10:54,who is taking notes today does that track
M02327,G16,studio_3,S070,2026-09-24T17:10:56,wait moving the slide into the doc now or am i off
M02328,G16,studio_3,S070,2026-09-24T17:10:58,alright i lost the reading again sorry right
M02329,G11,studio_3,S058,2026-09-24T17:11:07,hmm a study plan nobody follows is not a plan lol
M02330,G16,studio_3,S070,2026-09-24T17:11:09,yeah maybe reflection has to point at something you will actually do right
M02331,G15,studio_3,S020,2026-09-24T17:11:13,"oh from the reading, reflection has to point at something you will actually do?"
M02332,G04,studio_3,S002,2026-09-24T17:11:16,"ok not sure, but reflection has to point at something you will actually do sorry if that is obvious"
M02333,G13,studio_3,S072,2026-09-24T17:11:24,maybe the illusion of fluency is the whole problem with rereading lol
M02334,G07,studio_3,S071,2026-09-24T17:11:27,i'll take the second question sorry if that is obvious
M02335,G03,studio_3,S100,2026-09-24T17:11:39,i lost the reading again sorry sorry if that is obvious
M02336,G17,studio_3,S016,2026-09-24T17:11:40,oh sorry can you repeat that
M02337,G04,studio_3,S090,2026-09-24T17:11:44,"yeah for the doc, a study plan nobody follows is not a plan"
M02338,G24,studio_3,S041,2026-09-24T17:11:49,my read is monitoring only matters if it changes the next action
M02339,G11,studio_3,S081,2026-09-24T17:11:49,moving the handout into the doc now?
M02340,G23,studio_3,S049,2026-09-24T17:11:52,yeah someone should own the second question does that track
M02341,G22,studio_3,S096,2026-09-24T17:11:59,ok brb one sec
M02342,G16,studio_3,S052,2026-09-24T17:12:09,ok who wants to present back
M02343,G16,studio_3,S080,2026-09-24T17:12:11,alright a study plan nobody follows is not a plan
M02344,G01,studio_3,S038,2026-09-24T17:12:15,oh someone should own the wrap up
M02345,G18,studio_3,S101,2026-09-24T17:12:22,so i'll take the intro what do you think
M02346,G10,studio_3,S015,2026-09-24T17:12:24,alright my read is overconfidence is worst on the material that feels familiar
M02347,G16,studio_3,S109,2026-09-24T17:12:26,yeah can we come back to the last section in a sec
M02348,G01,studio_3,S033,2026-09-24T17:12:30,"hmm for the doc, reflection has to point at something you will actually do?"
M02349,G06,studio_3,S116,2026-09-24T17:12:30,wait i think a study plan nobody follows is not a plan sorry if that is obvious
M02350,G21,studio_3,S115,2026-09-24T17:12:33,ok my wifi dropped sorry
M02351,G01,studio_3,S038,2026-09-24T17:12:35,"from the reading, self report is the measure and also the thing we are trying to fix"
M02352,G08,studio_3,S068,2026-09-24T17:12:41,right i'm adding the handout to the doc
M02353,G01,studio_3,S030,2026-09-24T17:12:43,wait i'm back
M02354,G15,studio_3,S014,2026-09-24T17:12:46,ok let's split this twenty ways?
M02355,G08,studio_3,S068,2026-09-24T17:12:46,can someone paste the doc link lol
M02356,G03,studio_3,S055,2026-09-24T17:12:51,yeah who is taking notes today if that works for everyone
M02357,G12,studio_3,S084,2026-09-24T17:13:10,right yes exactly
M02358,G21,studio_3,S098,2026-09-24T17:13:13,reflection has to point at something you will actually do or am i off
M02359,G17,studio_3,S062,2026-09-24T17:13:15,i think monitoring only matters if it changes the next action?
M02360,G22,studio_3,S096,2026-09-24T17:13:33,alright does everyone have the rubric open?
M02361,G10,studio_3,S103,2026-09-24T17:13:39,hey i think a study plan nobody follows is not a plan
M02362,G15,studio_3,S014,2026-09-24T17:13:43,hey let's split this three ways does that track
M02363,G12,studio_3,S057,2026-09-24T17:13:59,"hey from the reading, self report is the measure and also the thing we are trying to fix sorry if that is obvious"
M02364,G22,studio_3,S096,2026-09-24T17:14:01,hmm i'm not sure i follow
M02365,G12,studio_3,S013,2026-09-24T17:14:03,hmm putting the handout at the top of the doc
M02366,G20,studio_3,S113,2026-09-24T17:14:04,wait i'm adding the slide to the doc
M02367,G13,studio_3,S022,2026-09-24T17:14:15,"so not sure, but a study plan nobody follows is not a plan what do you think"
M02368,G18,studio_3,S004,2026-09-24T17:14:22,sharing my screen now if that works for everyone
M02369,G03,studio_3,S079,2026-09-24T17:14:26,so i'm convinced
M02370,G23,studio_3,S024,2026-09-24T17:14:34,hey honestly calibration is the word we want in the summary
M02371,G09,studio_3,S082,2026-09-24T17:14:56,so same here honestly sorry if that is obvious
M02372,G16,studio_3,S052,2026-09-24T17:15:05,"right not sure, but the illusion of fluency is the whole problem with rereading"
M02373,G15,studio_3,S032,2026-09-24T17:15:24,so i can present if nobody else wants to right
M02374,G12,studio_3,S013,2026-09-24T17:15:28,right does everyone have the example open does that track
M02375,G24,studio_3,S028,2026-09-24T17:15:29,right i'll take the wrap up what do you think
M02376,G23,studio_3,S049,2026-09-24T17:15:36,hey sharing my screen now if that works for everyone
M02377,G13,studio_3,S012,2026-09-24T17:15:54,yeah can someone paste the slide or am i off
M02378,G18,studio_3,S075,2026-09-24T17:16:01,hey i'll take the intro
M02379,G14,studio_3,S039,2026-09-24T17:16:19,"wait not sure, but reflection has to point at something you will actually do if that works for everyone"
M02380,G04,studio_3,S090,2026-09-24T17:16:23,oh what does that term mean again what do you think
M02381,G12,studio_3,S013,2026-09-24T17:16:27,hey the illusion of fluency is the whole problem with rereading lol
M02382,G22,studio_3,S027,2026-09-24T17:16:31,who wants to present back
M02383,G15,studio_3,S020,2026-09-24T17:16:37,hold on let me reread the transcript?
M02384,G23,studio_3,S106,2026-09-24T17:16:42,hmm agreed
M02385,G22,studio_3,S027,2026-09-24T17:16:45,"alright for the doc, the illusion of fluency is the whole problem with rereading what do you think"
M02386,G19,studio_3,S003,2026-09-24T17:16:50,oh i think my confidence ratings were about eight points too high every time what do you think
M02387,G14,studio_3,S039,2026-09-24T17:16:59,hmm monitoring only matters if it changes the next action sorry if that is obvious
M02388,G11,studio_3,S092,2026-09-24T17:17:08,hmm who wants to present back what do you think
M02389,G14,studio_3,S104,2026-09-24T17:17:11,"hey from the reading, my confidence ratings were about eight points too high every time"
M02390,G23,studio_3,S024,2026-09-24T17:17:23,let's split this twenty ways lol
M02391,G22,studio_3,S097,2026-09-24T17:17:24,yeah good point
M02392,G18,studio_3,S004,2026-09-24T17:17:40,alright fair enough
M02393,G01,studio_3,S030,2026-09-24T17:17:42,so i think self report is the measure and also the thing we are trying to fix does that track
M02394,G10,studio_3,S015,2026-09-24T17:17:46,"for the doc, we could ask students to predict their score before submitting what do you think"
M02395,G08,studio_3,S088,2026-09-24T17:17:57,hmm do you mean the slide or the other one lol
M02396,G15,studio_3,S020,2026-09-24T17:17:59,hey are we answering question twenty or the next one?
M02397,G16,studio_3,S109,2026-09-24T17:18:07,ok oh interesting sorry if that is obvious
M02398,G11,studio_3,S058,2026-09-24T17:18:10,"hey for the doc, the illusion of fluency is the whole problem with rereading lol"
M02399,G22,studio_3,S027,2026-09-24T17:18:14,overconfidence is worst on the material that feels familiar
M02400,G03,studio_3,S055,2026-09-24T17:18:15,yeah moving the doc link into the doc now right
M02401,G07,studio_3,S010,2026-09-24T17:18:19,so let's split this twenty ways if that works for everyone
M02402,G11,studio_3,S092,2026-09-24T17:18:26,alright you two are on a roll right
M02403,G04,studio_3,S002,2026-09-24T17:18:35,"so for the doc, the illusion of fluency is the whole problem with rereading?"
M02404,G13,studio_3,S012,2026-09-24T17:18:42,right same here honestly
M02405,G07,studio_3,S071,2026-09-24T17:18:44,hmm same here honestly
M02406,G01,studio_3,S038,2026-09-24T17:18:49,who is taking notes today
M02407,G20,studio_3,S113,2026-09-24T17:18:51,let's timebox this to five minutes or am i off
M02408,G08,studio_3,S021,2026-09-24T17:18:51,"oh for the doc, a study plan nobody follows is not a plan?"
M02409,G09,studio_3,S029,2026-09-24T17:19:00,"counterpoint, reflection has to point at something you will actually do"
M02410,G01,studio_3,S076,2026-09-24T17:19:12,someone should own the intro sorry if that is obvious
M02411,G06,studio_3,S073,2026-09-24T17:19:19,wait let's each take four minutes to write first
M02412,G19,studio_3,S003,2026-09-24T17:19:22,wait monitoring only matters if it changes the next action does that track
M02413,G01,studio_3,S038,2026-09-24T17:19:29,alright honestly overconfidence is worst on the material that feels familiar right
M02414,G19,studio_3,S042,2026-09-24T17:19:57,alright that is a great way to put it
M02415,G07,studio_3,S010,2026-09-24T17:20:05,putting the reading at the top of the doc lol
M02416,G22,studio_3,S096,2026-09-24T17:20:07,so yes exactly?
M02417,G02,studio_3,S019,2026-09-24T17:20:26,yeah thanks for waiting
M02418,G22,studio_3,S110,2026-09-24T17:20:27,so good point
M02419,G20,studio_3,S119,2026-09-24T17:20:27,alright who wants to present back sorry if that is obvious
M02420,G22,studio_3,S097,2026-09-24T17:20:27,so love that
M02421,G10,studio_3,S103,2026-09-24T17:20:28,wait can we come back to the wrap up in a sec does that track
M02422,G23,studio_3,S024,2026-09-24T17:20:35,hey fair enough
M02423,G15,studio_3,S006,2026-09-24T17:20:36,wait i'll write up the definitions?
M02424,G03,studio_3,S079,2026-09-24T17:20:47,nice
M02425,G03,studio_3,S037,2026-09-24T17:20:51,i can present if nobody else wants to
M02426,G16,studio_3,S007,2026-09-24T17:21:09,hey reflection has to point at something you will actually do if that works for everyone
M02427,G05,studio_3,S107,2026-09-24T17:21:14,"hmm not sure, but my confidence ratings were about eight points too high every time"
M02428,G22,studio_3,S096,2026-09-24T17:21:14,i can present if nobody else wants to
M02429,G09,studio_3,S036,2026-09-24T17:21:31,hmm nice if that works for everyone
M02430,G23,studio_3,S024,2026-09-24T17:21:58,so running two minutes late what do you think
M02431,G06,studio_3,S045,2026-09-24T17:22:07,oh can you say more about that or am i off
M02432,G19,studio_3,S042,2026-09-24T17:22:22,alright do you mean the rubric or the other one sorry if that is obvious
M02433,G02,studio_3,S064,2026-09-24T17:22:28,"hmm for the doc, self report is the measure and also the thing we are trying to fix if that works for everyone"
M02434,G20,studio_3,S112,2026-09-24T17:22:28,"for the doc, overconfidence is worst on the material that feels familiar right"
M02435,G17,studio_3,S062,2026-09-24T17:22:42,who wants to present back or am i off
M02436,G08,studio_3,S068,2026-09-24T17:22:47,right we have two minutes left
M02437,G18,studio_3,S069,2026-09-24T17:22:56,ok should we outline first lol
M02438,G19,studio_3,S008,2026-09-24T17:23:06,"so from the reading, overconfidence is worst on the material that feels familiar"
M02439,G21,studio_3,S094,2026-09-24T17:23:11,so oh interesting
M02440,G16,studio_3,S109,2026-09-24T17:23:26,oh really
M02441,G22,studio_3,S093,2026-09-24T17:23:29,hmm we have twenty minutes left
M02442,G16,studio_3,S007,2026-09-24T17:23:30,so a study plan nobody follows is not a plan
M02443,G10,studio_3,S083,2026-09-24T17:23:30,alright what does that term mean again?
M02444,G16,studio_3,S109,2026-09-24T17:23:31,"hey counterpoint, my confidence ratings were about eight points too high every time does that track"
M02445,G22,studio_3,S096,2026-09-24T17:23:32,alright agreed
M02446,G20,studio_3,S089,2026-09-24T17:23:33,so brb one sec
M02447,G08,studio_3,S088,2026-09-24T17:23:39,i'll write up the summary
M02448,G24,studio_3,S005,2026-09-24T17:23:54,right sharing my screen now
M02449,G15,studio_3,S006,2026-09-24T17:23:55,right agreed
M02450,G14,studio_3,S031,2026-09-24T17:24:01,hmm running two minutes late what do you think
M02451,G11,studio_3,S092,2026-09-24T17:24:04,yeah can someone paste the question right
M02452,G18,studio_3,S054,2026-09-24T17:24:17,nice
M02453,G16,studio_3,S052,2026-09-24T17:24:20,right so overconfidence is worst on the material that feels familiar?
M02454,G16,studio_3,S070,2026-09-24T17:24:34,oh let's timebox this to ten minutes what do you think
M02455,G04,studio_3,S090,2026-09-24T17:24:44,wait so monitoring only matters if it changes the next action or am i off
M02456,G16,studio_3,S109,2026-09-24T17:24:48,so my read is we could ask students to predict their score before submitting
M02457,G03,studio_3,S100,2026-09-24T17:24:52,alright hold on let me reread the example right
M02458,G05,studio_3,S051,2026-09-24T17:24:54,so let's timebox this to fifteen minutes or am i off
M02459,G13,studio_3,S012,2026-09-24T17:25:07,can we come back to the intro in a sec or am i off
M02460,G06,studio_3,S073,2026-09-24T17:25:09,alright my wifi dropped sorry
M02461,G07,studio_3,S001,2026-09-24T17:25:09,right is that the same as what we said before or am i off
M02462,G03,studio_3,S100,2026-09-24T17:25:15,wait no worries
M02463,G17,studio_3,S086,2026-09-24T17:25:17,so a study plan nobody follows is not a plan
M02464,G09,studio_3,S082,2026-09-24T17:25:21,do you mean our notes or the other one lol
M02465,G03,studio_3,S100,2026-09-24T17:25:22,oh honestly we could ask students to predict their score before submitting does that track
M02466,G13,studio_3,S072,2026-09-24T17:25:31,so should we outline first or am i off
M02467,G17,studio_3,S035,2026-09-24T17:25:38,ok can you say more about that what do you think
M02468,G08,studio_3,S068,2026-09-24T17:25:43,right a study plan nobody follows is not a plan?
M02469,G16,studio_3,S070,2026-09-24T17:26:02,yeah that made me laugh if that works for everyone
M02470,G19,studio_3,S018,2026-09-24T17:26:09,alright what does that term mean again does that track
M02471,G04,studio_3,S050,2026-09-24T17:26:11,wait can you give an example
M02472,G11,studio_3,S092,2026-09-24T17:26:12,oh we have two minutes left if that works for everyone
M02473,G17,studio_3,S086,2026-09-24T17:26:16,hey fair enough
M02474,G13,studio_3,S022,2026-09-24T17:26:16,yeah i lost the transcript again sorry right
M02475,G14,studio_3,S039,2026-09-24T17:26:29,sorry can you repeat that sorry if that is obvious
M02476,G01,studio_3,S038,2026-09-24T17:26:32,i'm following now
M02477,G01,studio_3,S033,2026-09-24T17:26:34,ok is that the same as what we said before
M02478,G15,studio_3,S014,2026-09-24T17:26:39,wait same here honestly right
M02479,G05,studio_3,S025,2026-09-24T17:26:50,right honestly self report is the measure and also the thing we are trying to fix if that works for everyone
M02480,G23,studio_3,S114,2026-09-24T17:26:58,which the rubric are we on
M02481,G13,studio_3,S072,2026-09-24T17:27:00,ok what does that term mean again?
M02482,G09,studio_3,S036,2026-09-24T17:27:02,oh i'll take the summary does that track
M02483,G15,studio_3,S034,2026-09-24T17:27:08,wait thanks for waiting
M02484,G16,studio_3,S052,2026-09-24T17:27:23,that makes sense does that track
M02485,G10,studio_3,S078,2026-09-24T17:27:49,alright what does that term mean again sorry if that is obvious
M02486,G05,studio_3,S107,2026-09-24T17:27:59,yeah putting our notes at the top of the doc?
M02487,G05,studio_4,S118,2026-10-01T16:01:03,"ok from the reading, utility value and interest are not the same thing if that works for everyone"
M02488,G17,studio_4,S062,2026-10-01T16:01:13,alright maybe cost is the piece everyone skips in expectancy value lol
M02489,G11,studio_4,S105,2026-10-01T16:01:15,alright we should distinguish interest you arrive with from interest you develop
M02490,G05,studio_4,S118,2026-10-01T16:01:21,so that made me laugh
M02491,G04,studio_4,S002,2026-10-01T16:01:27,so this is fun actually
M02492,G14,studio_4,S039,2026-10-01T16:01:30,alright sorry can you repeat that right
M02493,G06,studio_4,S011,2026-10-01T16:01:41,ok self efficacy comes from mastery experiences not pep talks
M02494,G08,studio_4,S068,2026-10-01T16:01:51,i'm not sure i follow
M02495,G15,studio_4,S006,2026-10-01T16:01:54,hmm sharing my screen now lol
M02496,G14,studio_4,S074,2026-10-01T16:01:55,alright can you give an example sorry if that is obvious
M02497,G14,studio_4,S031,2026-10-01T16:01:59,alright agreed
M02498,G16,studio_4,S052,2026-10-01T16:01:59,alright i can open the doc
M02499,G13,studio_4,S012,2026-10-01T16:02:03,autonomy matters most when the task is hard
M02500,G22,studio_4,S110,2026-10-01T16:02:13,hmm sharing my screen now does that track
M02501,G24,studio_4,S048,2026-10-01T16:02:16,hmm i lost the doc link again sorry?
M02502,G15,studio_4,S014,2026-10-01T16:02:17,hey so utility value and interest are not the same thing
M02503,G20,studio_4,S119,2026-10-01T16:02:18,wait honestly utility value and interest are not the same thing right
M02504,G18,studio_4,S004,2026-10-01T16:02:20,honestly we should distinguish interest you arrive with from interest you develop
M02505,G02,studio_4,S120,2026-10-01T16:02:23,i think utility value and interest are not the same thing
M02506,G15,studio_4,S020,2026-10-01T16:02:26,oh agreed
M02507,G06,studio_4,S116,2026-10-01T16:02:36,"yeah not sure, but utility value and interest are not the same thing or am i off"
M02508,G14,studio_4,S065,2026-10-01T16:02:39,right we have three minutes left if that works for everyone
M02509,G21,studio_4,S098,2026-10-01T16:02:56,hmm we should distinguish interest you arrive with from interest you develop right
M02510,G03,studio_4,S079,2026-10-01T16:03:01,who wants to present back lol
M02511,G09,studio_4,S067,2026-10-01T16:03:04,hey our design should let students pick the topic what do you think
M02512,G04,studio_4,S090,2026-10-01T16:03:12,ok who is taking notes today if that works for everyone
M02513,G22,studio_4,S110,2026-10-01T16:03:26,ok sharing my screen now right
M02514,G11,studio_4,S046,2026-10-01T16:03:32,oh attribution after a bad grade is where self efficacy gets decided if that works for everyone
M02515,G15,studio_4,S006,2026-10-01T16:03:44,alright attribution after a bad grade is where self efficacy gets decided?
M02516,G18,studio_4,S075,2026-10-01T16:03:59,hi all
M02517,G13,studio_4,S061,2026-10-01T16:04:00,right that is a great way to put it
M02518,G08,studio_4,S088,2026-10-01T16:04:08,wait autonomy matters most when the task is hard if that works for everyone
M02519,G17,studio_4,S062,2026-10-01T16:04:10,alright i think attribution after a bad grade is where self efficacy gets decided what do you think
M02520,G06,studio_4,S053,2026-10-01T16:04:22,wait putting the slide at the top of the doc
M02521,G10,studio_4,S083,2026-10-01T16:04:22,hmm i can present if nobody else wants to sorry if that is obvious
M02522,G11,studio_4,S081,2026-10-01T16:04:23,maybe our design should let students pick the topic sorry if that is obvious
M02523,G20,studio_4,S119,2026-10-01T16:04:23,yeah i'm adding the slide to the doc lol
M02524,G19,studio_4,S003,2026-10-01T16:04:27,ok i'm convinced right
M02525,G02,studio_4,S120,2026-10-01T16:04:47,so honestly cost is the piece everyone skips in expectancy value lol
M02526,G06,studio_4,S045,2026-10-01T16:04:48,wait i'm following now
M02527,G01,studio_4,S056,2026-10-01T16:04:52,my read is attribution after a bad grade is where self efficacy gets decided or am i off
M02528,G09,studio_4,S082,2026-10-01T16:05:21,nice right
M02529,G07,studio_4,S001,2026-10-01T16:05:22,"wait for the doc, cost is the piece everyone skips in expectancy value if that works for everyone"
M02530,G20,studio_4,S112,2026-10-01T16:05:31,hmm so self efficacy comes from mastery experiences not pep talks?
M02531,G23,studio_4,S114,2026-10-01T16:05:38,so i missed that last bit
M02532,G03,studio_4,S100,2026-10-01T16:05:43,does everyone have the transcript open or am i off
M02533,G08,studio_4,S088,2026-10-01T16:05:48,so thanks for waiting
M02534,G15,studio_4,S006,2026-10-01T16:05:59,so i lost our notes again sorry
M02535,G08,studio_4,S068,2026-10-01T16:06:01,oh do you mean the question or the other one
M02536,G24,studio_4,S028,2026-10-01T16:06:09,hmm performance goals hold up until the first bad grade if that works for everyone
M02537,G22,studio_4,S097,2026-10-01T16:06:12,hey i'm convinced does that track
M02538,G08,studio_4,S108,2026-10-01T16:06:18,right that made me laugh
M02539,G05,studio_4,S107,2026-10-01T16:06:20,ok brb one sec
M02540,G23,studio_4,S106,2026-10-01T16:06:25,hmm we have twenty minutes left sorry if that is obvious
M02541,G02,studio_4,S064,2026-10-01T16:06:31,"alright for the doc, autonomy matters most when the task is hard if that works for everyone"
M02542,G23,studio_4,S106,2026-10-01T16:06:36,ok i missed that last bit right
M02543,G18,studio_4,S075,2026-10-01T16:06:47,hey i'll take the counterargument right
M02544,G12,studio_4,S057,2026-10-01T16:06:49,alright we should distinguish interest you arrive with from interest you develop sorry if that is obvious
M02545,G05,studio_4,S025,2026-10-01T16:06:58,"not sure, but our design should let students pick the topic"
M02546,G14,studio_4,S065,2026-10-01T16:06:59,who wants to present back
M02547,G16,studio_4,S109,2026-10-01T16:07:00,maybe self efficacy comes from mastery experiences not pep talks
M02548,G05,studio_4,S107,2026-10-01T16:07:08,which the handout are we on sorry if that is obvious
M02549,G13,studio_4,S061,2026-10-01T16:07:17,hey fair enough
M02550,G12,studio_4,S095,2026-10-01T16:07:38,so a student working thirty hours is not lacking grit
M02551,G15,studio_4,S020,2026-10-01T16:07:41,are we answering question fifteen or the next one if that works for everyone
M02552,G20,studio_4,S113,2026-10-01T16:07:57,oh running two minutes late
M02553,G13,studio_4,S022,2026-10-01T16:08:04,wait where is that in the rubric
M02554,G13,studio_4,S072,2026-10-01T16:08:14,i'm not sure i follow or am i off
M02555,G23,studio_4,S024,2026-10-01T16:08:19,hey brb one sec
M02556,G21,studio_4,S111,2026-10-01T16:08:27,right so self efficacy comes from mastery experiences not pep talks what do you think
M02557,G06,studio_4,S053,2026-10-01T16:08:28,hmm nice
M02558,G01,studio_4,S038,2026-10-01T16:08:32,hey i'll take the last section sorry if that is obvious
M02559,G17,studio_4,S099,2026-10-01T16:08:41,hmm i can present if nobody else wants to if that works for everyone
M02560,G21,studio_4,S098,2026-10-01T16:08:44,yeah that is a great way to put it
M02561,G22,studio_4,S027,2026-10-01T16:08:45,hey my wifi dropped sorry
M02562,G15,studio_4,S032,2026-10-01T16:08:57,oh are we answering question three or the next one
M02563,G24,studio_4,S028,2026-10-01T16:09:02,alright my read is autonomy matters most when the task is hard
M02564,G24,studio_4,S028,2026-10-01T16:09:04,hmm honestly our design should let students pick the topic or am i off
M02565,G08,studio_4,S021,2026-10-01T16:09:08,ok i'm not sure i follow right
M02566,G06,studio_4,S073,2026-10-01T16:09:14,do you mean the table or the other one lol
M02567,G15,studio_4,S032,2026-10-01T16:09:16,hmm someone should own the counterargument
M02568,G08,studio_4,S068,2026-10-01T16:09:29,i'll write up the wrap up or am i off
M02569,G08,studio_4,S047,2026-10-01T16:09:31,oh sharing my screen now
M02570,G06,studio_4,S045,2026-10-01T16:09:31,so autonomy matters most when the task is hard right
M02571,G24,studio_4,S060,2026-10-01T16:09:33,let's timebox this to two minutes right
M02572,G09,studio_4,S036,2026-10-01T16:09:51,hmm thanks for waiting
M02573,G22,studio_4,S110,2026-10-01T16:09:54,alright can someone paste the doc link
M02574,G04,studio_4,S087,2026-10-01T16:09:57,right nice sorry if that is obvious
M02575,G16,studio_4,S007,2026-10-01T16:10:01,wait which the rubric are we on sorry if that is obvious
M02576,G16,studio_4,S070,2026-10-01T16:10:07,so performance goals hold up until the first bad grade
M02577,G20,studio_4,S113,2026-10-01T16:10:18,right that makes sense
M02578,G13,studio_4,S022,2026-10-01T16:10:20,"yeah counterpoint, autonomy matters most when the task is hard lol"
M02579,G15,studio_4,S020,2026-10-01T16:10:29,"hmm for the doc, a student working thirty hours is not lacking grit?"
M02580,G23,studio_4,S024,2026-10-01T16:10:41,hey honestly utility value and interest are not the same thing?
M02581,G03,studio_4,S100,2026-10-01T16:10:48,hmm which the slide are we on lol
M02582,G16,studio_4,S070,2026-10-01T16:10:57,fair enough
M02583,G19,studio_4,S042,2026-10-01T16:11:05,hey i'm not sure i follow if that works for everyone
M02584,G18,studio_4,S069,2026-10-01T16:11:08,oh i missed that last bit sorry if that is obvious
M02585,G12,studio_4,S095,2026-10-01T16:11:15,oh autonomy matters most when the task is hard right
M02586,G07,studio_4,S001,2026-10-01T16:11:15,yeah attribution after a bad grade is where self efficacy gets decided?
M02587,G07,studio_4,S010,2026-10-01T16:11:23,are we answering question four or the next one or am i off
M02588,G11,studio_4,S092,2026-10-01T16:11:27,can you give an example
M02589,G23,studio_4,S114,2026-10-01T16:11:47,hmm hi all
M02590,G19,studio_4,S018,2026-10-01T16:11:50,hi all what do you think
M02591,G03,studio_4,S037,2026-10-01T16:11:52,alright i'm not sure i follow?
M02592,G13,studio_4,S012,2026-10-01T16:11:53,hey let's timebox this to twenty minutes what do you think
M02593,G20,studio_4,S112,2026-10-01T16:11:56,can someone paste the question?
M02594,G14,studio_4,S039,2026-10-01T16:12:06,hmm putting the rubric at the top of the doc does that track
M02595,G05,studio_4,S043,2026-10-01T16:12:08,"alright for the doc, self efficacy comes from mastery experiences not pep talks or am i off"
M02596,G17,studio_4,S099,2026-10-01T16:12:18,cost is the piece everyone skips in expectancy value
M02597,G18,studio_4,S054,2026-10-01T16:12:25,wait can you give an example or am i off
M02598,G20,studio_4,S112,2026-10-01T16:12:25,who wants to present back
M02599,G04,studio_4,S087,2026-10-01T16:12:29,ok are we answering question ten or the next one sorry if that is obvious
M02600,G09,studio_4,S082,2026-10-01T16:12:31,hey i can share the doc sorry if that is obvious
M02601,G01,studio_4,S076,2026-10-01T16:12:53,i'm convinced right
M02602,G23,studio_4,S049,2026-10-01T16:12:59,hey i'm not sure i follow
M02603,G16,studio_4,S052,2026-10-01T16:13:04,so good point
M02604,G04,studio_4,S087,2026-10-01T16:13:21,ok hi all?
M02605,G22,studio_4,S027,2026-10-01T16:13:28,yeah running two minutes late or am i off
M02606,G07,studio_4,S063,2026-10-01T16:13:32,hey same here honestly if that works for everyone
M02607,G05,studio_4,S051,2026-10-01T16:13:35,so so autonomy matters most when the task is hard lol
M02608,G20,studio_4,S112,2026-10-01T16:13:49,hmm no worries
M02609,G10,studio_4,S009,2026-10-01T16:14:02,right we should distinguish interest you arrive with from interest you develop does that track
M02610,G24,studio_4,S028,2026-10-01T16:14:02,yeah can you give an example what do you think
M02611,G20,studio_4,S089,2026-10-01T16:14:06,ok my read is a student working thirty hours is not lacking grit
M02612,G06,studio_4,S011,2026-10-01T16:14:07,i think utility value and interest are not the same thing
M02613,G20,studio_4,S089,2026-10-01T16:14:16,oh my read is cost is the piece everyone skips in expectancy value
M02614,G12,studio_4,S084,2026-10-01T16:14:32,yeah fair enough
M02615,G18,studio_4,S004,2026-10-01T16:14:34,so my read is performance goals hold up until the first bad grade
M02616,G14,studio_4,S039,2026-10-01T16:14:41,"from the reading, attribution after a bad grade is where self efficacy gets decided sorry if that is obvious"
M02617,G07,studio_4,S001,2026-10-01T16:14:42,so i'm adding the question to the doc
M02618,G03,studio_4,S079,2026-10-01T16:14:42,oh yes exactly
M02619,G03,studio_4,S037,2026-10-01T16:14:44,right sharing my screen now
M02620,G18,studio_4,S004,2026-10-01T16:14:55,alright so autonomy matters most when the task is hard?
M02621,G22,studio_4,S096,2026-10-01T16:14:55,yeah can someone paste the reading does that track
M02622,G18,studio_4,S075,2026-10-01T16:15:07,oh that made me laugh
M02623,G03,studio_4,S100,2026-10-01T16:15:31,my read is attribution after a bad grade is where self efficacy gets decided or am i off
M02624,G07,studio_4,S010,2026-10-01T16:15:34,oh self efficacy comes from mastery experiences not pep talks lol
M02625,G22,studio_4,S096,2026-10-01T16:15:43,oh which the question are we on lol
M02626,G15,studio_4,S020,2026-10-01T16:15:46,i lost the handout again sorry right
M02627,G10,studio_4,S015,2026-10-01T16:15:49,alright that is a great way to put it
M02628,G01,studio_4,S056,2026-10-01T16:15:54,hey can you give an example
M02629,G18,studio_4,S004,2026-10-01T16:16:08,love that
M02630,G05,studio_4,S025,2026-10-01T16:16:22,ok you two are on a roll
M02631,G23,studio_4,S040,2026-10-01T16:16:30,hey can someone paste the slide
M02632,G15,studio_4,S034,2026-10-01T16:16:39,"oh counterpoint, self efficacy comes from mastery experiences not pep talks"
M02633,G02,studio_4,S120,2026-10-01T16:16:42,i think performance goals hold up until the first bad grade right
M02634,G24,studio_4,S028,2026-10-01T16:16:45,so my read is we should distinguish interest you arrive with from interest you develop sorry if that is obvious
M02635,G13,studio_4,S022,2026-10-01T16:16:50,oh interesting
M02636,G20,studio_4,S112,2026-10-01T16:16:51,ok can someone paste the example
M02637,G20,studio_4,S113,2026-10-01T16:16:53,alright cost is the piece everyone skips in expectancy value right
M02638,G15,studio_4,S006,2026-10-01T16:17:19,"yeah counterpoint, utility value and interest are not the same thing sorry if that is obvious"
M02639,G13,studio_4,S022,2026-10-01T16:17:28,oh my read is we should distinguish interest you arrive with from interest you develop right
M02640,G20,studio_4,S117,2026-10-01T16:17:28,nice
M02641,G19,studio_4,S042,2026-10-01T16:17:36,"hmm from the reading, autonomy matters most when the task is hard"
M02642,G20,studio_4,S089,2026-10-01T16:17:36,who is taking notes today does that track
M02643,G06,studio_4,S073,2026-10-01T16:17:47,right i'll take the intro right
M02644,G05,studio_4,S107,2026-10-01T16:17:50,wait which the table are we on or am i off
M02645,G10,studio_4,S083,2026-10-01T16:17:51,does everyone have our notes open right
M02646,G17,studio_4,S062,2026-10-01T16:17:52,so can we come back to the counterargument in a sec?
M02647,G05,studio_4,S051,2026-10-01T16:17:53,ok can someone paste the example lol
M02648,G06,studio_4,S053,2026-10-01T16:17:53,alright what does that term mean again if that works for everyone
M02649,G23,studio_4,S114,2026-10-01T16:18:04,"wait counterpoint, utility value and interest are not the same thing sorry if that is obvious"
M02650,G01,studio_4,S076,2026-10-01T16:18:05,alright hold on let me reread the prompt lol
M02651,G13,studio_4,S022,2026-10-01T16:18:13,"from the reading, our design should let students pick the topic or am i off"
M02652,G11,studio_4,S081,2026-10-01T16:18:14,does everyone have the handout open lol
M02653,G15,studio_4,S020,2026-10-01T16:18:15,hmm yes exactly
M02654,G17,studio_4,S086,2026-10-01T16:18:19,that made me laugh
M02655,G05,studio_4,S043,2026-10-01T16:18:20,"for the doc, a student working thirty hours is not lacking grit?"
M02656,G12,studio_4,S059,2026-10-01T16:18:28,ok who wants to present back right
M02657,G20,studio_4,S089,2026-10-01T16:18:33,oh should we outline first what do you think
M02658,G16,studio_4,S052,2026-10-01T16:18:37,hey yes exactly does that track
M02659,G05,studio_4,S043,2026-10-01T16:18:39,yeah i lost the reading again sorry
M02660,G23,studio_4,S049,2026-10-01T16:19:12,oh what does that term mean again right
M02661,G24,studio_4,S048,2026-10-01T16:19:15,yeah can you give an example sorry if that is obvious
M02662,G01,studio_4,S056,2026-10-01T16:19:21,right i think a student working thirty hours is not lacking grit or am i off
M02663,G09,studio_4,S036,2026-10-01T16:19:23,"for the doc, self efficacy comes from mastery experiences not pep talks does that track"
M02664,G03,studio_4,S079,2026-10-01T16:19:41,which the doc link are we on sorry if that is obvious
M02665,G04,studio_4,S090,2026-10-01T16:19:48,alright that makes sense
M02666,G21,studio_4,S094,2026-10-01T16:20:02,oh i think cost is the piece everyone skips in expectancy value
M02667,G12,studio_4,S057,2026-10-01T16:20:03,right yes exactly right
M02668,G12,studio_4,S084,2026-10-01T16:20:12,hey moving the rubric into the doc now
M02669,G16,studio_4,S080,2026-10-01T16:20:18,"ok from the reading, self efficacy comes from mastery experiences not pep talks lol"
M02670,G05,studio_4,S107,2026-10-01T16:20:24,alright i missed that last bit
M02671,G17,studio_4,S016,2026-10-01T16:20:27,"oh for the doc, self efficacy comes from mastery experiences not pep talks"
M02672,G13,studio_4,S022,2026-10-01T16:20:28,so honestly autonomy matters most when the task is hard
M02673,G10,studio_4,S083,2026-10-01T16:20:35,ok same here honestly
M02674,G16,studio_4,S080,2026-10-01T16:20:40,can we come back to the intro in a sec
M02675,G13,studio_4,S022,2026-10-01T16:20:42,so honestly a student working thirty hours is not lacking grit?
M02676,G01,studio_4,S038,2026-10-01T16:21:05,oh agreed
M02677,G13,studio_4,S012,2026-10-01T16:21:05,alright i'll take part 2 does that track
M02678,G17,studio_4,S035,2026-10-01T16:21:07,oh can you give an example or am i off
M02679,G19,studio_4,S018,2026-10-01T16:21:18,"hey counterpoint, a student working thirty hours is not lacking grit if that works for everyone"
M02680,G21,studio_4,S111,2026-10-01T16:21:23,yeah maybe performance goals hold up until the first bad grade does that track
M02681,G09,studio_4,S077,2026-10-01T16:21:29,"so for the doc, utility value and interest are not the same thing right"
M02682,G02,studio_4,S064,2026-10-01T16:21:34,right that makes sense
M02683,G09,studio_4,S029,2026-10-01T16:21:34,alright running two minutes late does that track
M02684,G10,studio_4,S009,2026-10-01T16:21:41,i'm following now
M02685,G23,studio_4,S106,2026-10-01T16:21:42,my wifi dropped sorry
M02686,G24,studio_4,S048,2026-10-01T16:21:44,so where is that in the rubric right
M02687,G10,studio_4,S103,2026-10-01T16:21:45,wait i think a student working thirty hours is not lacking grit right
M02688,G21,studio_4,S098,2026-10-01T16:21:48,can you give an example what do you think
M02689,G24,studio_4,S060,2026-10-01T16:21:49,so that made me laugh
M02690,G19,studio_4,S042,2026-10-01T16:21:51,this is fun actually does that track
M02691,G08,studio_4,S021,2026-10-01T16:21:52,hey i'm adding the transcript to the doc
M02692,G22,studio_4,S027,2026-10-01T16:21:55,alright someone should own the summary does that track
M02693,G24,studio_4,S041,2026-10-01T16:22:01,my read is cost is the piece everyone skips in expectancy value sorry if that is obvious
M02694,G18,studio_4,S101,2026-10-01T16:22:10,so who is taking notes today sorry if that is obvious
M02695,G14,studio_4,S039,2026-10-01T16:22:16,ok oh interesting does that track
M02696,G03,studio_4,S023,2026-10-01T16:22:21,hey someone should own part 3 sorry if that is obvious
M02697,G19,studio_4,S066,2026-10-01T16:22:22,wait honestly utility value and interest are not the same thing or am i off
M02698,G08,studio_4,S088,2026-10-01T16:22:23,alright where is that in the rubric does that track
M02699,G12,studio_4,S057,2026-10-01T16:22:29,should we outline first if that works for everyone
M02700,G14,studio_4,S039,2026-10-01T16:22:35,ok thanks for waiting or am i off
M02701,G07,studio_4,S044,2026-10-01T16:22:39,yeah can you give an example or am i off
M02702,G12,studio_4,S084,2026-10-01T16:22:47,"wait not sure, but cost is the piece everyone skips in expectancy value if that works for everyone"
M02703,G19,studio_4,S003,2026-10-01T16:22:54,let's timebox this to ten minutes
M02704,G23,studio_4,S114,2026-10-01T16:22:54,oh i think cost is the piece everyone skips in expectancy value does that track
M02705,G14,studio_4,S065,2026-10-01T16:22:59,alright which the example are we on lol
M02706,G21,studio_4,S098,2026-10-01T16:23:14,so maybe we should distinguish interest you arrive with from interest you develop what do you think
M02707,G20,studio_4,S117,2026-10-01T16:23:16,hey utility value and interest are not the same thing sorry if that is obvious
M02708,G19,studio_4,S042,2026-10-01T16:23:16,wait i'll write up part 3
M02709,G09,studio_4,S082,2026-10-01T16:23:17,i can set up the doc?
M02710,G06,studio_4,S045,2026-10-01T16:23:37,maybe cost is the piece everyone skips in expectancy value right
M02711,G22,studio_4,S096,2026-10-01T16:23:41,so self efficacy comes from mastery experiences not pep talks?
M02712,G22,studio_4,S097,2026-10-01T16:23:52,alright really
M02713,G16,studio_4,S080,2026-10-01T16:24:01,hi all
M02714,G06,studio_4,S116,2026-10-01T16:24:03,running two minutes late
M02715,G17,studio_4,S016,2026-10-01T16:24:04,ok can you say more about that or am i off
M02716,G22,studio_4,S096,2026-10-01T16:24:09,"oh for the doc, a student working thirty hours is not lacking grit"
M02717,G16,studio_4,S109,2026-10-01T16:24:09,oh so self efficacy comes from mastery experiences not pep talks what do you think
M02718,G02,studio_4,S019,2026-10-01T16:24:11,oh are we answering question twenty or the next one
M02719,G07,studio_4,S063,2026-10-01T16:24:16,hey let's timebox this to twenty minutes
M02720,G03,studio_4,S100,2026-10-01T16:24:20,wait utility value and interest are not the same thing lol
M02721,G14,studio_4,S031,2026-10-01T16:24:46,wait hi all
M02722,G13,studio_4,S072,2026-10-01T16:24:50,i think a student working thirty hours is not lacking grit
M02723,G21,studio_4,S085,2026-10-01T16:24:50,wait we have four minutes left lol
M02724,G16,studio_4,S070,2026-10-01T16:24:59,i can set up the doc
M02725,G17,studio_4,S035,2026-10-01T16:25:06,we have three minutes left
M02726,G19,studio_4,S008,2026-10-01T16:25:14,can we come back to the examples in a sec
M02727,G05,studio_4,S025,2026-10-01T16:25:25,should we outline first what do you think
M02728,G18,studio_4,S004,2026-10-01T16:25:26,hey i'm back
M02729,G13,studio_4,S022,2026-10-01T16:25:26,wait honestly attribution after a bad grade is where self efficacy gets decided
M02730,G13,studio_4,S012,2026-10-01T16:25:31,hmm let's timebox this to five minutes what do you think
M02731,G01,studio_4,S056,2026-10-01T16:25:49,my read is we should distinguish interest you arrive with from interest you develop right
M02732,G23,studio_4,S114,2026-10-01T16:25:54,wait putting the table at the top of the doc lol
M02733,G12,studio_4,S057,2026-10-01T16:26:05,"right from the reading, performance goals hold up until the first bad grade"
M02734,G05,studio_4,S118,2026-10-01T16:26:14,ok let's split this twenty ways
M02735,G20,studio_4,S119,2026-10-01T16:26:14,yeah we should distinguish interest you arrive with from interest you develop
M02736,G06,studio_4,S011,2026-10-01T16:26:30,alright putting our notes at the top of the doc
M02737,G06,studio_4,S045,2026-10-01T16:26:36,so i'll take part 1 does that track
M02738,G07,studio_4,S063,2026-10-01T16:26:42,oh putting the handout at the top of the doc sorry if that is obvious
M02739,G04,studio_4,S102,2026-10-01T16:26:49,alright i'll take the summary what do you think
M02740,G09,studio_4,S082,2026-10-01T16:26:55,so i'm following now
M02741,G23,studio_4,S114,2026-10-01T16:26:56,autonomy matters most when the task is hard
M02742,G15,studio_4,S032,2026-10-01T16:27:01,ok honestly performance goals hold up until the first bad grade
M02743,G21,studio_4,S098,2026-10-01T16:27:03,our design should let students pick the topic right
M02744,G02,studio_4,S064,2026-10-01T16:27:06,so can we come back to the second question in a sec if that works for everyone
M02745,G06,studio_4,S045,2026-10-01T16:27:08,"not sure, but a student working thirty hours is not lacking grit right"
M02746,G10,studio_4,S015,2026-10-01T16:27:10,"so for the doc, utility value and interest are not the same thing does that track"
M02747,G04,studio_4,S102,2026-10-01T16:27:12,alright should we outline first
M02748,G17,studio_4,S086,2026-10-01T16:27:51,alright fair enough
M02749,G16,studio_4,S052,2026-10-01T16:28:24,right you two are on a roll
M02750,G13,studio_4,S072,2026-10-01T16:28:28,hmm do you mean the table or the other one sorry if that is obvious
M02751,G18,studio_4,S004,2026-10-01T16:28:29,yeah i'll take part 3
M02752,G03,studio_4,S079,2026-10-01T16:28:30,oh does everyone have our notes open sorry if that is obvious
M02753,G16,studio_4,S109,2026-10-01T16:28:34,nice
M02754,G17,studio_4,S086,2026-10-01T16:28:34,wait agreed
M02755,G06,studio_4,S053,2026-10-01T16:28:38,yeah yes exactly
M02756,G03,studio_4,S055,2026-10-01T16:28:39,alright so performance goals hold up until the first bad grade right
M02757,G08,studio_4,S068,2026-10-01T16:28:54,yeah who wants to present back
M02758,G22,studio_4,S096,2026-10-01T16:28:55,"oh counterpoint, utility value and interest are not the same thing"
M02759,G19,studio_4,S042,2026-10-01T16:28:58,oh self efficacy comes from mastery experiences not pep talks?
M02760,G17,studio_4,S099,2026-10-01T16:29:00,hi all
M02761,G17,studio_4,S062,2026-10-01T16:29:09,"wait counterpoint, utility value and interest are not the same thing or am i off"
M02762,G10,studio_4,S078,2026-10-01T16:29:22,so self efficacy comes from mastery experiences not pep talks
M02763,G20,studio_4,S113,2026-10-01T16:29:26,hmm honestly utility value and interest are not the same thing if that works for everyone
M02764,G24,studio_4,S041,2026-10-01T16:29:27,"from the reading, performance goals hold up until the first bad grade?"
M02765,G03,studio_4,S055,2026-10-01T16:29:29,so my read is performance goals hold up until the first bad grade does that track
M02766,G15,studio_4,S020,2026-10-01T16:29:34,hmm i think utility value and interest are not the same thing?
M02767,G10,studio_4,S015,2026-10-01T16:29:35,so good point?
M02768,G08,studio_4,S108,2026-10-01T16:29:39,right agreed
M02769,G10,studio_4,S009,2026-10-01T16:29:40,"hmm not sure, but utility value and interest are not the same thing?"
M02770,G08,studio_4,S047,2026-10-01T16:29:57,hey i can present if nobody else wants to
M02771,G22,studio_4,S027,2026-10-01T16:30:20,"alright from the reading, a student working thirty hours is not lacking grit does that track"
M02772,G05,studio_4,S051,2026-10-01T16:30:29,hey yes exactly
M02773,G12,studio_4,S013,2026-10-01T16:30:41,yeah my read is self efficacy comes from mastery experiences not pep talks
M02774,G11,studio_4,S081,2026-10-01T16:30:52,hmm i think utility value and interest are not the same thing
M02775,G11,studio_4,S081,2026-10-01T16:31:10,so i can clean up the doc lol
M02776,G09,studio_4,S077,2026-10-01T16:31:23,yeah my read is cost is the piece everyone skips in expectancy value
M02777,G20,studio_4,S119,2026-10-01T16:31:36,wait does everyone have the example open if that works for everyone
M02778,G13,studio_4,S012,2026-10-01T16:31:36,right i think self efficacy comes from mastery experiences not pep talks right
M02779,G17,studio_4,S062,2026-10-01T16:31:39,so fair enough
M02780,G02,studio_4,S026,2026-10-01T16:31:48,hey what does that term mean again right
M02781,G17,studio_4,S016,2026-10-01T16:31:50,so my wifi dropped sorry sorry if that is obvious
M02782,G07,studio_4,S071,2026-10-01T16:31:54,my read is a student working thirty hours is not lacking grit or am i off
M02783,G03,studio_4,S100,2026-10-01T16:31:59,so good point what do you think
M02784,G11,studio_4,S081,2026-10-01T16:32:24,"from the reading, cost is the piece everyone skips in expectancy value sorry if that is obvious"
M02785,G20,studio_4,S089,2026-10-01T16:32:30,hmm i'll take the intro or am i off
M02786,G18,studio_4,S101,2026-10-01T16:32:32,my read is attribution after a bad grade is where self efficacy gets decided or am i off
M02787,G16,studio_4,S070,2026-10-01T16:32:34,wait which the example are we on
M02788,G17,studio_4,S062,2026-10-01T16:32:36,yeah i'm not sure i follow lol
M02789,G23,studio_4,S024,2026-10-01T16:32:51,wait sorry can you repeat that
M02790,G07,studio_4,S063,2026-10-01T16:32:52,nice
M02791,G04,studio_4,S090,2026-10-01T16:33:04,wait our design should let students pick the topic lol
M02792,G01,studio_4,S056,2026-10-01T16:33:09,is that the same as what we said before or am i off
M02793,G02,studio_4,S017,2026-10-01T16:33:11,right i'll write up part 2 what do you think
M02794,G10,studio_4,S009,2026-10-01T16:33:16,can you give an example sorry if that is obvious
M02795,G22,studio_4,S027,2026-10-01T16:33:18,are we answering question ten or the next one does that track
M02796,G05,studio_4,S025,2026-10-01T16:33:19,hmm who wants to present back what do you think
M02797,G23,studio_4,S049,2026-10-01T16:33:20,wait i'll take part 3 does that track
M02798,G03,studio_4,S037,2026-10-01T16:33:22,yeah who wants to present back
M02799,G13,studio_4,S012,2026-10-01T16:33:36,alright can you give an example what do you think
M02800,G17,studio_4,S062,2026-10-01T16:34:01,hmm sharing my screen now
M02801,G24,studio_4,S028,2026-10-01T16:34:01,ok same here honestly or am i off
M02802,G17,studio_4,S035,2026-10-01T16:34:05,i'm not sure i follow does that track
M02803,G13,studio_4,S061,2026-10-01T16:34:28,hey can we come back to the examples in a sec sorry if that is obvious
M02804,G09,studio_4,S077,2026-10-01T16:34:37,yeah i'm adding our notes to the doc?
M02805,G04,studio_4,S050,2026-10-01T16:34:39,"from the reading, attribution after a bad grade is where self efficacy gets decided if that works for everyone"
M02806,G19,studio_4,S003,2026-10-01T16:35:25,i'm back
M02807,G24,studio_4,S048,2026-10-01T16:35:28,hey autonomy matters most when the task is hard?
M02808,G16,studio_4,S052,2026-10-01T16:35:46,hmm putting the doc link at the top of the doc sorry if that is obvious
M02809,G07,studio_4,S010,2026-10-01T16:35:54,utility value and interest are not the same thing if that works for everyone
M02810,G10,studio_4,S078,2026-10-01T16:35:56,ok where is that in the transcript?
M02811,G16,studio_4,S109,2026-10-01T16:35:56,cost is the piece everyone skips in expectancy value right
M02812,G08,studio_4,S068,2026-10-01T16:36:02,honestly a student working thirty hours is not lacking grit
M02813,G22,studio_4,S110,2026-10-01T16:36:04,oh nice
M02814,G16,studio_4,S052,2026-10-01T16:36:11,really what do you think
M02815,G20,studio_4,S117,2026-10-01T16:36:14,ok can someone paste the rubric
M02816,G19,studio_4,S018,2026-10-01T16:36:17,maybe self efficacy comes from mastery experiences not pep talks or am i off
M02817,G04,studio_4,S002,2026-10-01T16:36:24,ok which the table are we on does that track
M02818,G07,studio_4,S044,2026-10-01T16:36:40,maybe performance goals hold up until the first bad grade
M02819,G17,studio_4,S086,2026-10-01T16:36:58,oh maybe self efficacy comes from mastery experiences not pep talks
M02820,G15,studio_4,S034,2026-10-01T16:37:21,right my wifi dropped sorry if that works for everyone
M02821,G18,studio_4,S004,2026-10-01T16:37:22,wait i'm convinced
M02822,G11,studio_4,S092,2026-10-01T16:37:29,ok yes exactly
M02823,G10,studio_4,S078,2026-10-01T16:37:51,hmm moving the example into the doc now sorry if that is obvious
M02824,G21,studio_4,S098,2026-10-01T16:38:12,i'm convinced
M02825,G09,studio_4,S082,2026-10-01T16:38:13,that is a great way to put it
M02826,G01,studio_4,S076,2026-10-01T16:38:26,i'm not sure i follow
M02827,G20,studio_4,S112,2026-10-01T16:38:28,"oh counterpoint, a student working thirty hours is not lacking grit sorry if that is obvious"
M02828,G04,studio_4,S050,2026-10-01T16:38:30,"not sure, but utility value and interest are not the same thing"
M02829,G24,studio_4,S060,2026-10-01T16:38:33,so honestly self efficacy comes from mastery experiences not pep talks what do you think
M02830,G19,studio_4,S008,2026-10-01T16:38:34,we should distinguish interest you arrive with from interest you develop right
M02831,G08,studio_4,S068,2026-10-01T16:38:46,who is taking notes today or am i off
M02832,G23,studio_4,S024,2026-10-01T16:38:53,hey who wants to present back
M02833,G05,studio_4,S107,2026-10-01T16:38:53,oh my wifi dropped sorry
M02834,G16,studio_4,S052,2026-10-01T16:39:14,ok maybe we should distinguish interest you arrive with from interest you develop sorry if that is obvious
M02835,G20,studio_4,S112,2026-10-01T16:39:17,alright i'll take the intro
M02836,G15,studio_4,S020,2026-10-01T16:39:22,hey let's split this fifteen ways does that track
M02837,G23,studio_4,S024,2026-10-01T16:39:31,hmm maybe attribution after a bad grade is where self efficacy gets decided does that track
M02838,G11,studio_4,S058,2026-10-01T16:39:42,let's split this five ways
M02839,G08,studio_4,S068,2026-10-01T16:39:44,"hey for the doc, self efficacy comes from mastery experiences not pep talks lol"
M02840,G02,studio_4,S064,2026-10-01T16:39:45,running two minutes late
M02841,G22,studio_4,S110,2026-10-01T16:39:48,honestly we should distinguish interest you arrive with from interest you develop lol
M02842,G15,studio_4,S032,2026-10-01T16:39:58,alright you two are on a roll
M02843,G16,studio_4,S070,2026-10-01T16:40:14,oh i'll take the summary
M02844,G14,studio_4,S074,2026-10-01T16:40:15,alright so we should distinguish interest you arrive with from interest you develop
M02845,G06,studio_4,S053,2026-10-01T16:40:15,so honestly self efficacy comes from mastery experiences not pep talks if that works for everyone
M02846,G19,studio_4,S066,2026-10-01T16:40:16,autonomy matters most when the task is hard?
M02847,G22,studio_4,S093,2026-10-01T16:40:16,right i missed that last bit what do you think
M02848,G11,studio_4,S092,2026-10-01T16:40:16,"counterpoint, cost is the piece everyone skips in expectancy value?"
M02849,G06,studio_4,S116,2026-10-01T16:40:39,alright you two are on a roll
M02850,G11,studio_4,S046,2026-10-01T16:40:39,wait i think autonomy matters most when the task is hard?
M02851,G07,studio_4,S010,2026-10-01T16:40:40,"right for the doc, self efficacy comes from mastery experiences not pep talks or am i off"
M02852,G23,studio_4,S024,2026-10-01T16:40:41,yeah my read is our design should let students pick the topic
M02853,G07,studio_4,S071,2026-10-01T16:40:52,i'm convinced
M02854,G04,studio_4,S002,2026-10-01T16:40:54,do you mean the handout or the other one
M02855,G16,studio_4,S052,2026-10-01T16:40:59,wait that made me laugh
M02856,G14,studio_4,S065,2026-10-01T16:41:02,who wants to present back if that works for everyone
M02857,G11,studio_4,S081,2026-10-01T16:41:03,alright who wants to present back does that track
M02858,G18,studio_4,S101,2026-10-01T16:41:21,so i can share the doc
M02859,G11,studio_4,S081,2026-10-01T16:41:21,i'll write up the last section right
M02860,G09,studio_4,S036,2026-10-01T16:41:21,ok my read is utility value and interest are not the same thing
M02861,G11,studio_4,S081,2026-10-01T16:41:45,"hmm from the reading, a student working thirty hours is not lacking grit or am i off"
M02862,G09,studio_4,S067,2026-10-01T16:41:46,"so for the doc, our design should let students pick the topic if that works for everyone"
M02863,G04,studio_4,S050,2026-10-01T16:41:50,maybe autonomy matters most when the task is hard
M02864,G22,studio_4,S097,2026-10-01T16:41:58,oh nice
M02865,G12,studio_4,S095,2026-10-01T16:41:59,oh who is taking notes today does that track
M02866,G12,studio_4,S013,2026-10-01T16:42:07,so i'm not sure i follow if that works for everyone
M02867,G17,studio_4,S099,2026-10-01T16:42:07,hi all
M02868,G02,studio_4,S064,2026-10-01T16:42:11,hey our design should let students pick the topic or am i off
M02869,G22,studio_4,S027,2026-10-01T16:42:11,so our design should let students pick the topic or am i off
M02870,G10,studio_4,S015,2026-10-01T16:42:12,hey are we answering question four or the next one if that works for everyone
M02871,G21,studio_4,S115,2026-10-01T16:42:15,yeah hold on let me reread the transcript what do you think
M02872,G09,studio_4,S036,2026-10-01T16:42:18,alright honestly attribution after a bad grade is where self efficacy gets decided what do you think
M02873,G10,studio_4,S078,2026-10-01T16:42:20,"yeah not sure, but self efficacy comes from mastery experiences not pep talks"
M02874,G10,studio_4,S078,2026-10-01T16:42:54,honestly cost is the piece everyone skips in expectancy value if that works for everyone
M02875,G05,studio_4,S107,2026-10-01T16:42:57,yeah really
M02876,G17,studio_4,S062,2026-10-01T16:43:02,let's split this three ways or am i off
M02877,G14,studio_4,S039,2026-10-01T16:43:12,let's each take fifteen minutes to write first if that works for everyone
M02878,G21,studio_4,S098,2026-10-01T16:43:15,yeah i'm following now
M02879,G18,studio_4,S075,2026-10-01T16:43:16,oh someone should own the last section lol
M02880,G22,studio_4,S110,2026-10-01T16:43:36,"ok from the reading, our design should let students pick the topic or am i off"
M02881,G17,studio_4,S062,2026-10-01T16:43:39,maybe utility value and interest are not the same thing sorry if that is obvious
M02882,G08,studio_4,S088,2026-10-01T16:43:39,yeah that is a great way to put it
M02883,G23,studio_4,S024,2026-10-01T16:43:42,right fair enough
M02884,G03,studio_4,S079,2026-10-01T16:44:00,hey attribution after a bad grade is where self efficacy gets decided does that track
M02885,G19,studio_4,S008,2026-10-01T16:44:01,"wait from the reading, self efficacy comes from mastery experiences not pep talks"
M02886,G08,studio_4,S108,2026-10-01T16:44:02,ok my wifi dropped sorry what do you think
M02887,G01,studio_4,S056,2026-10-01T16:44:04,so that made me laugh
M02888,G21,studio_4,S098,2026-10-01T16:44:22,right where is that in the rubric
M02889,G03,studio_4,S100,2026-10-01T16:44:35,so sorry can you repeat that
M02890,G03,studio_4,S055,2026-10-01T16:44:39,oh i'm adding the reading to the doc sorry if that is obvious
M02891,G01,studio_4,S056,2026-10-01T16:44:51,oh are we answering question five or the next one sorry if that is obvious
M02892,G17,studio_4,S062,2026-10-01T16:44:53,hmm thanks for waiting
M02893,G21,studio_4,S115,2026-10-01T16:45:07,oh i think attribution after a bad grade is where self efficacy gets decided?
M02894,G07,studio_4,S010,2026-10-01T16:45:09,let's split this three ways sorry if that is obvious
M02895,G16,studio_4,S007,2026-10-01T16:45:12,hi all
M02896,G08,studio_4,S108,2026-10-01T16:45:13,hmm yes exactly
M02897,G07,studio_4,S063,2026-10-01T16:45:22,hold on let me reread the reading sorry if that is obvious
M02898,G17,studio_4,S035,2026-10-01T16:45:24,my wifi dropped sorry
M02899,G10,studio_4,S015,2026-10-01T16:45:25,ok agreed
M02900,G16,studio_4,S109,2026-10-01T16:45:28,wait this is fun actually if that works for everyone
M02901,G20,studio_4,S112,2026-10-01T16:45:32,i can start the doc right
M02902,G09,studio_4,S029,2026-10-01T16:45:32,honestly performance goals hold up until the first bad grade what do you think
M02903,G09,studio_4,S036,2026-10-01T16:45:34,love that
M02904,G08,studio_4,S068,2026-10-01T16:45:41,yeah we should distinguish interest you arrive with from interest you develop or am i off
M02905,G05,studio_4,S118,2026-10-01T16:45:51,so my read is cost is the piece everyone skips in expectancy value if that works for everyone
M02906,G06,studio_4,S116,2026-10-01T16:45:55,that is a great way to put it
M02907,G21,studio_4,S085,2026-10-01T16:45:59,sharing my screen now what do you think
M02908,G23,studio_4,S024,2026-10-01T16:46:06,"hmm not sure, but utility value and interest are not the same thing"
M02909,G05,studio_4,S043,2026-10-01T16:46:16,i think cost is the piece everyone skips in expectancy value or am i off
M02910,G15,studio_4,S006,2026-10-01T16:46:33,"yeah from the reading, a student working thirty hours is not lacking grit does that track"
M02911,G14,studio_4,S039,2026-10-01T16:46:37,yeah i'm not sure i follow lol
M02912,G21,studio_4,S085,2026-10-01T16:46:46,alright are we answering question ten or the next one does that track
M02913,G15,studio_4,S032,2026-10-01T16:46:48,hmm can we come back to the summary in a sec
M02914,G18,studio_4,S101,2026-10-01T16:46:53,brb one sec
M02915,G03,studio_4,S079,2026-10-01T16:46:54,ok honestly a student working thirty hours is not lacking grit right
M02916,G17,studio_4,S035,2026-10-01T16:46:59,right i'm back
M02917,G22,studio_4,S110,2026-10-01T16:47:02,hey do you mean the rubric or the other one
M02918,G16,studio_4,S007,2026-10-01T16:47:04,attribution after a bad grade is where self efficacy gets decided
M02919,G19,studio_4,S066,2026-10-01T16:47:43,wait brb one sec lol
M02920,G24,studio_4,S048,2026-10-01T16:47:52,wait moving the handout into the doc now right
M02921,G08,studio_4,S047,2026-10-01T16:47:54,really
M02922,G21,studio_4,S111,2026-10-01T16:47:57,so maybe attribution after a bad grade is where self efficacy gets decided sorry if that is obvious
M02923,G13,studio_4,S022,2026-10-01T16:48:00,alright which the table are we on or am i off
M02924,G12,studio_4,S057,2026-10-01T16:48:00,hold on let me reread the question
M02925,G06,studio_4,S045,2026-10-01T16:48:09,yeah maybe cost is the piece everyone skips in expectancy value?
M02926,G02,studio_4,S026,2026-10-01T16:48:12,attribution after a bad grade is where self efficacy gets decided does that track
M02927,G18,studio_4,S075,2026-10-01T16:48:18,"alright counterpoint, a student working thirty hours is not lacking grit or am i off"
M02928,G15,studio_4,S014,2026-10-01T16:48:19,let's timebox this to ten minutes
M02929,G17,studio_4,S099,2026-10-01T16:48:28,are we answering question two or the next one does that track
M02930,G21,studio_4,S094,2026-10-01T16:48:54,yeah someone should own the counterargument lol
M02931,G13,studio_4,S012,2026-10-01T16:48:55,alright i'll write up part 3
M02932,G07,studio_4,S010,2026-10-01T16:48:56,wait agreed
M02933,G19,studio_4,S018,2026-10-01T16:49:10,i'll take the intro lol
M02934,G23,studio_4,S114,2026-10-01T16:49:10,hmm oh interesting
M02935,G09,studio_4,S082,2026-10-01T16:49:15,ok i'll write up the second question
M02936,G19,studio_4,S003,2026-10-01T16:49:20,"wait counterpoint, autonomy matters most when the task is hard or am i off"
M02937,G07,studio_4,S071,2026-10-01T16:49:21,alright who is taking notes today
M02938,G03,studio_4,S055,2026-10-01T16:49:21,right i can present if nobody else wants to or am i off
M02939,G21,studio_4,S098,2026-10-01T16:49:26,alright moving the table into the doc now does that track
M02940,G01,studio_4,S056,2026-10-01T16:49:36,does everyone have the slide open
M02941,G02,studio_4,S019,2026-10-01T16:49:38,so cost is the piece everyone skips in expectancy value sorry if that is obvious
M02942,G02,studio_4,S017,2026-10-01T16:49:41,hey you two are on a roll does that track
M02943,G04,studio_4,S090,2026-10-01T16:49:52,hmm who wants to present back sorry if that is obvious
M02944,G03,studio_4,S100,2026-10-01T16:50:04,wait really
M02945,G09,studio_4,S029,2026-10-01T16:50:06,"from the reading, we should distinguish interest you arrive with from interest you develop"
M02946,G08,studio_4,S021,2026-10-01T16:50:26,hey let's timebox this to fifteen minutes if that works for everyone
M02947,G03,studio_4,S055,2026-10-01T16:50:34,"for the doc, self efficacy comes from mastery experiences not pep talks or am i off"
M02948,G11,studio_4,S092,2026-10-01T16:50:38,"yeah for the doc, our design should let students pick the topic sorry if that is obvious"
M02949,G07,studio_4,S010,2026-10-01T16:50:38,hi all right
M02950,G07,studio_4,S001,2026-10-01T16:50:46,so thanks for waiting
M02951,G18,studio_4,S069,2026-10-01T16:50:49,right running two minutes late
M02952,G03,studio_4,S100,2026-10-01T16:50:57,"alright not sure, but cost is the piece everyone skips in expectancy value what do you think"
M02953,G23,studio_4,S106,2026-10-01T16:50:59,maybe our design should let students pick the topic
M02954,G03,studio_4,S055,2026-10-01T16:51:02,ok that is a great way to put it
M02955,G22,studio_4,S093,2026-10-01T16:51:08,maybe utility value and interest are not the same thing?
M02956,G09,studio_4,S077,2026-10-01T16:51:12,yeah who wants to present back if that works for everyone
M02957,G12,studio_4,S057,2026-10-01T16:51:14,so oh interesting right
M02958,G18,studio_4,S075,2026-10-01T16:51:20,that made me laugh
M02959,G12,studio_4,S013,2026-10-01T16:51:27,right agreed
M02960,G23,studio_4,S106,2026-10-01T16:51:33,oh i'll take the wrap up
M02961,G16,studio_4,S070,2026-10-01T16:51:49,hmm moving the transcript into the doc now sorry if that is obvious
M02962,G05,studio_4,S118,2026-10-01T16:51:52,right let's each take two minutes to write first?
M02963,G12,studio_4,S057,2026-10-01T16:51:54,wait where is that in the table does that track
M02964,G05,studio_4,S051,2026-10-01T16:51:56,hey let's each take ten minutes to write first lol
M02965,G01,studio_4,S076,2026-10-01T16:52:01,oh good point lol
M02966,G03,studio_4,S037,2026-10-01T16:52:04,right really does that track
M02967,G20,studio_4,S119,2026-10-01T16:52:18,yeah i can present if nobody else wants to lol
M02968,G06,studio_4,S045,2026-10-01T16:52:28,yeah same here honestly
M02969,G17,studio_4,S062,2026-10-01T16:53:20,alright does everyone have our notes open
M02970,G01,studio_4,S030,2026-10-01T16:53:23,"ok counterpoint, performance goals hold up until the first bad grade"
M02971,G03,studio_4,S023,2026-10-01T16:53:25,self efficacy comes from mastery experiences not pep talks
M02972,G05,studio_4,S025,2026-10-01T16:53:27,"hmm not sure, but utility value and interest are not the same thing does that track"
M02973,G16,studio_4,S052,2026-10-01T16:53:37,i think a student working thirty hours is not lacking grit
M02974,G07,studio_4,S010,2026-10-01T16:53:40,wait my read is attribution after a bad grade is where self efficacy gets decided if that works for everyone
M02975,G16,studio_4,S109,2026-10-01T16:53:47,"so for the doc, utility value and interest are not the same thing or am i off"
M02976,G12,studio_4,S057,2026-10-01T16:53:50,right utility value and interest are not the same thing or am i off
M02977,G11,studio_4,S058,2026-10-01T16:53:52,let's split this three ways does that track
M02978,G20,studio_4,S113,2026-10-01T16:53:54,hmm i'm following now right
M02979,G21,studio_4,S098,2026-10-01T16:54:04,maybe a student working thirty hours is not lacking grit or am i off
M02980,G18,studio_4,S004,2026-10-01T16:54:05,right can someone paste the table?
M02981,G17,studio_4,S086,2026-10-01T16:54:15,hmm that made me laugh what do you think
M02982,G03,studio_4,S079,2026-10-01T16:54:18,right i think our design should let students pick the topic?
M02983,G13,studio_4,S012,2026-10-01T16:54:19,"yeah for the doc, we should distinguish interest you arrive with from interest you develop"
M02984,G14,studio_4,S031,2026-10-01T16:54:23,ok sharing my screen now or am i off
M02985,G12,studio_4,S013,2026-10-01T16:54:24,"hey for the doc, attribution after a bad grade is where self efficacy gets decided"
M02986,G11,studio_4,S081,2026-10-01T16:54:25,alright can you give an example if that works for everyone
M02987,G17,studio_4,S099,2026-10-01T16:54:28,hey i'm adding the rubric to the doc lol
M02988,G07,studio_4,S001,2026-10-01T16:54:30,i'm following now
M02989,G12,studio_4,S013,2026-10-01T16:54:31,a student working thirty hours is not lacking grit or am i off
M02990,G09,studio_4,S067,2026-10-01T16:54:40,let's each take twenty minutes to write first or am i off
M02991,G08,studio_4,S068,2026-10-01T16:54:42,oh i'm following now
M02992,G13,studio_4,S012,2026-10-01T16:54:46,"yeah for the doc, self efficacy comes from mastery experiences not pep talks does that track"
M02993,G03,studio_4,S055,2026-10-01T16:54:52,oh love that
M02994,G12,studio_4,S013,2026-10-01T16:54:55,wait is that the same as what we said before lol
M02995,G05,studio_4,S025,2026-10-01T16:54:56,yeah nice
M02996,G02,studio_4,S017,2026-10-01T16:55:05,ok someone should own the summary what do you think
M02997,G13,studio_4,S072,2026-10-01T16:55:24,"wait from the reading, cost is the piece everyone skips in expectancy value sorry if that is obvious"
M02998,G14,studio_4,S104,2026-10-01T16:55:34,i'm not sure i follow
M02999,G22,studio_4,S027,2026-10-01T16:55:35,alright honestly we should distinguish interest you arrive with from interest you develop right
M03000,G11,studio_4,S092,2026-10-01T16:55:39,alright should we outline first what do you think
M03001,G14,studio_4,S065,2026-10-01T16:55:41,so autonomy matters most when the task is hard
M03002,G17,studio_4,S099,2026-10-01T16:55:45,what does that term mean again
M03003,G10,studio_4,S015,2026-10-01T16:55:46,so you two are on a roll
M03004,G01,studio_4,S030,2026-10-01T16:56:15,really
M03005,G05,studio_4,S118,2026-10-01T16:56:17,let's each take ten minutes to write first right
M03006,G12,studio_4,S013,2026-10-01T16:56:27,hmm self efficacy comes from mastery experiences not pep talks
M03007,G03,studio_4,S055,2026-10-01T16:56:28,where is that in the slide
M03008,G14,studio_4,S104,2026-10-01T16:56:33,"hmm not sure, but self efficacy comes from mastery experiences not pep talks"
M03009,G21,studio_4,S111,2026-10-01T16:56:42,so does everyone have the doc link open lol
M03010,G12,studio_4,S095,2026-10-01T16:56:46,ok that makes sense
M03011,G22,studio_4,S096,2026-10-01T16:56:50,wait you two are on a roll or am i off
M03012,G20,studio_4,S119,2026-10-01T16:56:55,"from the reading, a student working thirty hours is not lacking grit if that works for everyone"
M03013,G16,studio_4,S070,2026-10-01T16:57:00,i'm following now does that track
M03014,G15,studio_4,S006,2026-10-01T16:57:02,can you give an example
M03015,G18,studio_4,S054,2026-10-01T16:57:08,let's split this two ways sorry if that is obvious
M03016,G13,studio_4,S061,2026-10-01T16:57:17,oh that makes sense
M03017,G12,studio_4,S057,2026-10-01T16:57:23,wait brb one sec
M03018,G03,studio_4,S100,2026-10-01T16:57:31,wait my read is we should distinguish interest you arrive with from interest you develop right
M03019,G10,studio_4,S078,2026-10-01T16:57:33,should we outline first?
M03020,G11,studio_4,S081,2026-10-01T16:58:02,right sorry can you repeat that
M03021,G04,studio_4,S050,2026-10-01T16:58:04,"for the doc, self efficacy comes from mastery experiences not pep talks"
M03022,G18,studio_4,S054,2026-10-01T16:58:06,sorry can you repeat that
M03023,G20,studio_4,S119,2026-10-01T16:58:12,thanks for waiting
M03024,G16,studio_4,S109,2026-10-01T16:58:13,right are we answering question four or the next one if that works for everyone
M03025,G17,studio_4,S086,2026-10-01T16:58:14,"so counterpoint, self efficacy comes from mastery experiences not pep talks"
M03026,G11,studio_4,S081,2026-10-01T16:58:14,ok hi all
M03027,G11,studio_4,S046,2026-10-01T16:58:15,hmm someone should own part 1
M03028,G09,studio_4,S067,2026-10-01T16:58:16,i missed that last bit lol
M03029,G21,studio_4,S115,2026-10-01T16:58:37,ok i think self efficacy comes from mastery experiences not pep talks or am i off
M03030,G08,studio_4,S047,2026-10-01T16:58:43,alright let's each take two minutes to write first what do you think
M03031,G18,studio_4,S054,2026-10-01T16:58:48,yeah sorry can you repeat that?
M03032,G22,studio_4,S027,2026-10-01T16:58:50,thanks for waiting?
M03033,G02,studio_4,S120,2026-10-01T16:58:52,hey does everyone have the question open does that track
M03034,G01,studio_4,S033,2026-10-01T16:59:08,alright do you mean our notes or the other one right
M03035,G11,studio_4,S046,2026-10-01T16:59:51,ok who wants to present back
M03036,G14,studio_4,S065,2026-10-01T16:59:55,hey nice does that track
M03037,G19,studio_4,S008,2026-10-01T17:00:04,"wait counterpoint, we should distinguish interest you arrive with from interest you develop?"
M03038,G13,studio_4,S072,2026-10-01T17:00:06,so utility value and interest are not the same thing does that track
M03039,G22,studio_4,S097,2026-10-01T17:00:21,ok can you say more about that or am i off
M03040,G10,studio_4,S015,2026-10-01T17:00:47,wait let's each take twenty minutes to write first
M03041,G13,studio_4,S061,2026-10-01T17:00:49,hmm who wants to present back what do you think
M03042,G19,studio_4,S066,2026-10-01T17:01:15,sorry can you repeat that
M03043,G03,studio_4,S055,2026-10-01T17:01:20,hmm are we answering question four or the next one sorry if that is obvious
M03044,G04,studio_4,S102,2026-10-01T17:01:21,right sharing my screen now what do you think
M03045,G23,studio_4,S114,2026-10-01T17:01:31,wait performance goals hold up until the first bad grade if that works for everyone
M03046,G05,studio_4,S025,2026-10-01T17:01:32,can you say more about that right
M03047,G06,studio_4,S053,2026-10-01T17:01:35,"hmm counterpoint, a student working thirty hours is not lacking grit if that works for everyone"
M03048,G21,studio_4,S111,2026-10-01T17:01:47,right should we outline first does that track
M03049,G08,studio_4,S047,2026-10-01T17:02:01,wait no worries
M03050,G18,studio_4,S101,2026-10-01T17:02:01,"not sure, but performance goals hold up until the first bad grade?"
M03051,G16,studio_4,S109,2026-10-01T17:02:05,self efficacy comes from mastery experiences not pep talks?
M03052,G19,studio_4,S018,2026-10-01T17:02:07,putting our notes at the top of the doc or am i off
M03053,G15,studio_4,S032,2026-10-01T17:02:07,moving the handout into the doc now sorry if that is obvious
M03054,G04,studio_4,S087,2026-10-01T17:02:10,wait someone should own the second question?
M03055,G22,studio_4,S093,2026-10-01T17:02:13,are we answering question four or the next one lol
M03056,G23,studio_4,S106,2026-10-01T17:02:15,hey does everyone have the prompt open?
M03057,G20,studio_4,S112,2026-10-01T17:02:16,yeah should we outline first
M03058,G14,studio_4,S065,2026-10-01T17:02:20,right moving our notes into the doc now
M03059,G12,studio_4,S057,2026-10-01T17:02:26,ok i lost the doc link again sorry
M03060,G03,studio_4,S037,2026-10-01T17:02:28,we should distinguish interest you arrive with from interest you develop
M03061,G21,studio_4,S111,2026-10-01T17:02:28,right this is fun actually
M03062,G20,studio_4,S113,2026-10-01T17:02:28,hmm who is taking notes today what do you think
M03063,G15,studio_4,S032,2026-10-01T17:02:36,hmm our design should let students pick the topic lol
M03064,G18,studio_4,S075,2026-10-01T17:02:40,ok autonomy matters most when the task is hard
M03065,G19,studio_4,S008,2026-10-01T17:03:05,let's timebox this to five minutes does that track
M03066,G21,studio_4,S098,2026-10-01T17:03:06,let's split this two ways
M03067,G11,studio_4,S046,2026-10-01T17:03:12,we have two minutes left?
M03068,G19,studio_4,S066,2026-10-01T17:03:13,so can we come back to the definitions in a sec right
M03069,G08,studio_4,S108,2026-10-01T17:03:21,i'm adding our notes to the doc if that works for everyone
M03070,G08,studio_4,S068,2026-10-01T17:03:38,"ok for the doc, performance goals hold up until the first bad grade right"
M03071,G24,studio_4,S060,2026-10-01T17:03:40,hi all
M03072,G17,studio_4,S086,2026-10-01T17:03:44,maybe utility value and interest are not the same thing
M03073,G20,studio_4,S112,2026-10-01T17:03:44,so i'm not sure i follow
M03074,G15,studio_4,S006,2026-10-01T17:03:47,so a student working thirty hours is not lacking grit what do you think
M03075,G23,studio_4,S114,2026-10-01T17:03:52,so self efficacy comes from mastery experiences not pep talks lol
M03076,G19,studio_4,S018,2026-10-01T17:03:59,no worries
M03077,G02,studio_4,S019,2026-10-01T17:03:59,ok attribution after a bad grade is where self efficacy gets decided?
M03078,G03,studio_4,S023,2026-10-01T17:04:00,right so attribution after a bad grade is where self efficacy gets decided if that works for everyone
M03079,G07,studio_4,S010,2026-10-01T17:04:05,yeah that makes sense
M03080,G09,studio_4,S082,2026-10-01T17:04:07,wait nice
M03081,G20,studio_4,S089,2026-10-01T17:04:12,yeah thanks for waiting lol
M03082,G01,studio_4,S030,2026-10-01T17:04:38,so autonomy matters most when the task is hard what do you think
M03083,G12,studio_4,S057,2026-10-01T17:04:41,let's each take twenty minutes to write first?
M03084,G08,studio_4,S088,2026-10-01T17:04:48,alright do you mean the example or the other one does that track
M03085,G14,studio_4,S039,2026-10-01T17:04:48,hmm i'm back
M03086,G22,studio_4,S096,2026-10-01T17:04:48,oh i'm adding the prompt to the doc what do you think
M03087,G12,studio_4,S013,2026-10-01T17:04:55,oh my wifi dropped sorry
M03088,G22,studio_4,S093,2026-10-01T17:05:09,where is that in the rubric what do you think
M03089,G06,studio_4,S045,2026-10-01T17:05:16,oh i'm adding the prompt to the doc right
M03090,G15,studio_4,S006,2026-10-01T17:05:24,hey we should distinguish interest you arrive with from interest you develop or am i off
M03091,G21,studio_4,S111,2026-10-01T17:05:35,yeah who wants to present back does that track
M03092,G23,studio_4,S040,2026-10-01T17:05:36,right let's each take fifteen minutes to write first or am i off
M03093,G05,studio_4,S118,2026-10-01T17:05:44,"wait not sure, but utility value and interest are not the same thing right"
M03094,G20,studio_4,S113,2026-10-01T17:05:48,wait a student working thirty hours is not lacking grit what do you think
M03095,G09,studio_4,S036,2026-10-01T17:05:49,alright moving our notes into the doc now right
M03096,G16,studio_4,S007,2026-10-01T17:05:52,oh utility value and interest are not the same thing lol
M03097,G16,studio_4,S007,2026-10-01T17:05:56,so fair enough
M03098,G07,studio_4,S010,2026-10-01T17:05:58,i think our design should let students pick the topic
M03099,G22,studio_4,S110,2026-10-01T17:06:05,i'm back
M03100,G03,studio_4,S100,2026-10-01T17:06:05,hmm utility value and interest are not the same thing sorry if that is obvious
M03101,G03,studio_4,S100,2026-10-01T17:06:06,yeah who wants to present back right
M03102,G07,studio_4,S071,2026-10-01T17:06:06,i can clean up the doc if that works for everyone
M03103,G11,studio_4,S081,2026-10-01T17:06:10,ok fair enough
M03104,G20,studio_4,S119,2026-10-01T17:06:16,our design should let students pick the topic if that works for everyone
M03105,G06,studio_4,S116,2026-10-01T17:06:16,wait hi all sorry if that is obvious
M03106,G04,studio_4,S090,2026-10-01T17:06:18,ok i think a student working thirty hours is not lacking grit
M03107,G03,studio_4,S100,2026-10-01T17:06:21,alright that made me laugh lol
M03108,G17,studio_4,S086,2026-10-01T17:06:27,alright i think performance goals hold up until the first bad grade
M03109,G05,studio_4,S107,2026-10-01T17:06:29,so brb one sec what do you think
M03110,G19,studio_4,S066,2026-10-01T17:06:37,ok self efficacy comes from mastery experiences not pep talks?
M03111,G16,studio_4,S070,2026-10-01T17:06:38,yeah i'm back?
M03112,G14,studio_4,S039,2026-10-01T17:06:49,right where is that in the question sorry if that is obvious
M03113,G01,studio_4,S056,2026-10-01T17:06:57,we have four minutes left
M03114,G08,studio_4,S068,2026-10-01T17:07:15,can you say more about that or am i off
M03115,G22,studio_4,S093,2026-10-01T17:07:24,"ok from the reading, a student working thirty hours is not lacking grit what do you think"
M03116,G14,studio_4,S065,2026-10-01T17:07:24,hmm hi all
M03117,G01,studio_4,S038,2026-10-01T17:07:28,hey this is fun actually
M03118,G21,studio_4,S098,2026-10-01T17:07:28,so cost is the piece everyone skips in expectancy value right
M03119,G10,studio_4,S078,2026-10-01T17:07:46,"counterpoint, autonomy matters most when the task is hard or am i off"
M03120,G21,studio_4,S098,2026-10-01T17:07:49,yeah performance goals hold up until the first bad grade sorry if that is obvious
M03121,G02,studio_4,S120,2026-10-01T17:07:49,agreed what do you think
M03122,G07,studio_4,S001,2026-10-01T17:07:50,oh oh interesting
M03123,G17,studio_4,S086,2026-10-01T17:07:59,yeah brb one sec
M03124,G18,studio_4,S004,2026-10-01T17:08:05,"hey for the doc, autonomy matters most when the task is hard"
M03125,G08,studio_4,S108,2026-10-01T17:08:06,so utility value and interest are not the same thing?
M03126,G06,studio_4,S116,2026-10-01T17:08:08,hi all
M03127,G20,studio_4,S113,2026-10-01T17:08:10,"oh from the reading, attribution after a bad grade is where self efficacy gets decided does that track"
M03128,G19,studio_4,S003,2026-10-01T17:08:23,really
M03129,G09,studio_4,S036,2026-10-01T17:08:25,alright someone should own part 2 does that track
M03130,G09,studio_4,S036,2026-10-01T17:08:33,wait sorry can you repeat that?
M03131,G05,studio_4,S107,2026-10-01T17:08:37,ok putting the table at the top of the doc or am i off
M03132,G08,studio_4,S021,2026-10-01T17:08:54,"not sure, but performance goals hold up until the first bad grade?"
M03133,G01,studio_4,S056,2026-10-01T17:08:57,alright does everyone have the transcript open
M03134,G19,studio_4,S003,2026-10-01T17:09:01,hey i'm back
M03135,G16,studio_4,S080,2026-10-01T17:09:04,can you say more about that
M03136,G02,studio_4,S017,2026-10-01T17:09:10,so can you say more about that lol
M03137,G20,studio_4,S089,2026-10-01T17:09:24,yeah utility value and interest are not the same thing
M03138,G23,studio_4,S114,2026-10-01T17:09:25,"right for the doc, autonomy matters most when the task is hard"
M03139,G04,studio_4,S002,2026-10-01T17:09:32,alright i'll take the intro
M03140,G11,studio_4,S081,2026-10-01T17:09:39,ok sharing my screen now or am i off
M03141,G02,studio_4,S026,2026-10-01T17:09:40,"not sure, but utility value and interest are not the same thing"
M03142,G05,studio_4,S043,2026-10-01T17:09:41,alright nice lol
M03143,G09,studio_4,S036,2026-10-01T17:10:10,hmm honestly utility value and interest are not the same thing
M03144,G09,studio_4,S029,2026-10-01T17:10:11,so i'm not sure i follow what do you think
M03145,G01,studio_4,S038,2026-10-01T17:10:33,wait performance goals hold up until the first bad grade
M03146,G19,studio_4,S042,2026-10-01T17:10:37,wait sharing my screen now
M03147,G12,studio_4,S095,2026-10-01T17:10:42,hey i'm convinced
M03148,G08,studio_4,S068,2026-10-01T17:10:44,that makes sense
M03149,G04,studio_4,S102,2026-10-01T17:10:57,ok that is a great way to put it
M03150,G16,studio_4,S007,2026-10-01T17:11:02,oh our design should let students pick the topic
M03151,G05,studio_4,S043,2026-10-01T17:11:37,yeah thanks for waiting
M03152,G12,studio_4,S095,2026-10-01T17:11:38,wait oh interesting
M03153,G05,studio_4,S051,2026-10-01T17:11:39,i'll take part 1
M03154,G08,studio_4,S068,2026-10-01T17:11:41,alright utility value and interest are not the same thing right
M03155,G15,studio_4,S032,2026-10-01T17:11:58,yeah honestly autonomy matters most when the task is hard?
M03156,G08,studio_4,S068,2026-10-01T17:12:02,hey cost is the piece everyone skips in expectancy value if that works for everyone
M03157,G21,studio_4,S094,2026-10-01T17:12:03,so that is a great way to put it
M03158,G04,studio_4,S050,2026-10-01T17:12:09,alright this is fun actually
M03159,G21,studio_4,S111,2026-10-01T17:12:32,right i lost the handout again sorry does that track
M03160,G12,studio_4,S095,2026-10-01T17:12:33,my read is performance goals hold up until the first bad grade
M03161,G13,studio_4,S012,2026-10-01T17:12:36,oh i'm not sure i follow lol
M03162,G09,studio_4,S067,2026-10-01T17:12:36,so so autonomy matters most when the task is hard does that track
M03163,G12,studio_4,S095,2026-10-01T17:12:40,"alright counterpoint, attribution after a bad grade is where self efficacy gets decided"
M03164,G12,studio_4,S084,2026-10-01T17:12:47,that makes sense
M03165,G14,studio_4,S039,2026-10-01T17:12:51,"hey from the reading, utility value and interest are not the same thing lol"
M03166,G04,studio_4,S090,2026-10-01T17:12:56,no worries
M03167,G06,studio_4,S011,2026-10-01T17:12:58,i lost the handout again sorry does that track
M03168,G11,studio_4,S081,2026-10-01T17:13:04,ok is that the same as what we said before right
M03169,G22,studio_4,S097,2026-10-01T17:13:18,alright honestly performance goals hold up until the first bad grade lol
M03170,G15,studio_4,S034,2026-10-01T17:13:18,ok i lost the table again sorry
M03171,G11,studio_4,S092,2026-10-01T17:13:29,yeah hi all
M03172,G14,studio_4,S039,2026-10-01T17:13:41,wait maybe our design should let students pick the topic what do you think
M03173,G21,studio_4,S094,2026-10-01T17:13:43,my read is we should distinguish interest you arrive with from interest you develop
M03174,G09,studio_4,S077,2026-10-01T17:13:52,can you say more about that
M03175,G23,studio_4,S024,2026-10-01T17:13:52,can someone paste the table
M03176,G14,studio_4,S039,2026-10-01T17:14:10,wait utility value and interest are not the same thing does that track
M03177,G14,studio_4,S065,2026-10-01T17:14:17,sharing my screen now?
M03178,G13,studio_4,S022,2026-10-01T17:14:20,"not sure, but a student working thirty hours is not lacking grit sorry if that is obvious"
M03179,G08,studio_4,S021,2026-10-01T17:14:32,so attribution after a bad grade is where self efficacy gets decided?
M03180,G08,studio_4,S047,2026-10-01T17:14:43,brb one sec
M03181,G18,studio_4,S004,2026-10-01T17:14:49,so i'm not sure i follow?
M03182,G03,studio_4,S100,2026-10-01T17:14:50,"so from the reading, a student working thirty hours is not lacking grit"
M03183,G14,studio_4,S039,2026-10-01T17:14:51,"so for the doc, we should distinguish interest you arrive with from interest you develop"
M03184,G07,studio_4,S071,2026-10-01T17:14:53,right is that the same as what we said before
M03185,G23,studio_4,S040,2026-10-01T17:14:56,"from the reading, utility value and interest are not the same thing"
M03186,G13,studio_4,S022,2026-10-01T17:14:59,oh sharing my screen now
M03187,G20,studio_4,S112,2026-10-01T17:15:21,yeah i can reorganize the doc right
M03188,G20,studio_4,S119,2026-10-01T17:15:22,oh good point if that works for everyone
M03189,G05,studio_4,S051,2026-10-01T17:15:37,alright maybe utility value and interest are not the same thing lol
M03190,G16,studio_4,S109,2026-10-01T17:15:43,wait i'll write up the examples right
M03191,G01,studio_4,S038,2026-10-01T17:15:51,ok maybe performance goals hold up until the first bad grade what do you think
M03192,G22,studio_4,S027,2026-10-01T17:15:51,right honestly our design should let students pick the topic lol
M03193,G03,studio_4,S023,2026-10-01T17:15:59,"hmm counterpoint, a student working thirty hours is not lacking grit"
M03194,G14,studio_4,S031,2026-10-01T17:16:05,my wifi dropped sorry
M03195,G16,studio_4,S070,2026-10-01T17:16:10,ok that makes sense sorry if that is obvious
M03196,G09,studio_4,S082,2026-10-01T17:16:10,yeah where is that in the table
M03197,G23,studio_4,S040,2026-10-01T17:16:10,ok i think attribution after a bad grade is where self efficacy gets decided what do you think
M03198,G16,studio_4,S052,2026-10-01T17:16:11,ok oh interesting
M03199,G09,studio_4,S067,2026-10-01T17:16:21,right maybe a student working thirty hours is not lacking grit
M03200,G07,studio_4,S071,2026-10-01T17:16:22,can we come back to the last section in a sec?
M03201,G16,studio_4,S007,2026-10-01T17:16:42,we should distinguish interest you arrive with from interest you develop
M03202,G14,studio_4,S039,2026-10-01T17:16:53,right someone should own the second question lol
M03203,G21,studio_4,S085,2026-10-01T17:16:54,ok i can present if nobody else wants to
M03204,G08,studio_4,S047,2026-10-01T17:16:59,"so counterpoint, we should distinguish interest you arrive with from interest you develop"
M03205,G07,studio_4,S044,2026-10-01T17:17:17,right autonomy matters most when the task is hard or am i off
M03206,G07,studio_4,S044,2026-10-01T17:17:28,right maybe self efficacy comes from mastery experiences not pep talks lol
M03207,G11,studio_4,S058,2026-10-01T17:17:33,"hey from the reading, self efficacy comes from mastery experiences not pep talks right"
M03208,G03,studio_4,S037,2026-10-01T17:17:35,hey my read is attribution after a bad grade is where self efficacy gets decided or am i off
M03209,G21,studio_4,S098,2026-10-01T17:17:37,wait do you mean our notes or the other one sorry if that is obvious
M03210,G09,studio_4,S067,2026-10-01T17:17:39,alright what does that term mean again lol
M03211,G07,studio_4,S071,2026-10-01T17:17:48,ok maybe self efficacy comes from mastery experiences not pep talks sorry if that is obvious
M03212,G21,studio_4,S094,2026-10-01T17:17:50,ok maybe utility value and interest are not the same thing lol
M03213,G10,studio_4,S009,2026-10-01T17:17:59,honestly a student working thirty hours is not lacking grit what do you think
M03214,G01,studio_4,S033,2026-10-01T17:18:24,"right not sure, but autonomy matters most when the task is hard what do you think"
M03215,G12,studio_4,S057,2026-10-01T17:18:25,"for the doc, performance goals hold up until the first bad grade right"
M03216,G22,studio_4,S093,2026-10-01T17:18:27,yeah do you mean the prompt or the other one
M03217,G15,studio_4,S006,2026-10-01T17:18:30,so performance goals hold up until the first bad grade does that track
M03218,G12,studio_4,S084,2026-10-01T17:18:30,i'm not sure i follow right
M03219,G10,studio_4,S103,2026-10-01T17:18:42,wait i missed that last bit sorry if that is obvious
M03220,G22,studio_4,S097,2026-10-01T17:18:46,ok good point
M03221,G03,studio_4,S100,2026-10-01T17:18:47,wait my read is autonomy matters most when the task is hard
M03222,G09,studio_4,S077,2026-10-01T17:18:47,"alright counterpoint, cost is the piece everyone skips in expectancy value"
M03223,G02,studio_4,S019,2026-10-01T17:18:51,wait i'm back
M03224,G05,studio_4,S118,2026-10-01T17:18:54,yeah i'm adding the slide to the doc if that works for everyone
M03225,G07,studio_4,S071,2026-10-01T17:18:58,wait i can present if nobody else wants to?
M03226,G13,studio_4,S022,2026-10-01T17:19:10,wait performance goals hold up until the first bad grade lol
M03227,G15,studio_4,S014,2026-10-01T17:19:10,oh interesting
M03228,G13,studio_4,S012,2026-10-01T17:19:13,so good point if that works for everyone
M03229,G03,studio_4,S055,2026-10-01T17:19:13,hmm we should distinguish interest you arrive with from interest you develop or am i off
M03230,G12,studio_4,S084,2026-10-01T17:19:16,oh so autonomy matters most when the task is hard does that track
M03231,G03,studio_4,S100,2026-10-01T17:19:16,yeah hi all
M03232,G17,studio_4,S099,2026-10-01T17:19:19,ok i'm back
M03233,G19,studio_4,S066,2026-10-01T17:19:21,hmm who wants to present back if that works for everyone
M03234,G23,studio_4,S106,2026-10-01T17:19:22,"ok from the reading, self efficacy comes from mastery experiences not pep talks does that track"
M03235,G13,studio_4,S022,2026-10-01T17:19:51,"so not sure, but self efficacy comes from mastery experiences not pep talks does that track"
M03236,G05,studio_4,S025,2026-10-01T17:19:52,yeah i think autonomy matters most when the task is hard what do you think
M03237,G22,studio_4,S093,2026-10-01T17:20:02,right performance goals hold up until the first bad grade
M03238,G01,studio_4,S038,2026-10-01T17:20:09,cost is the piece everyone skips in expectancy value?
M03239,G02,studio_4,S026,2026-10-01T17:20:11,are we answering question two or the next one
M03240,G03,studio_4,S100,2026-10-01T17:20:14,oh no worries
M03241,G02,studio_4,S017,2026-10-01T17:20:31,a student working thirty hours is not lacking grit or am i off
M03242,G11,studio_4,S081,2026-10-01T17:20:37,yeah are we answering question four or the next one
M03243,G06,studio_4,S053,2026-10-01T17:20:49,"ok not sure, but performance goals hold up until the first bad grade right"
M03244,G13,studio_4,S022,2026-10-01T17:20:52,hmm honestly our design should let students pick the topic
M03245,G02,studio_4,S017,2026-10-01T17:20:58,so let's split this two ways
M03246,G11,studio_4,S058,2026-10-01T17:21:05,ok really
M03247,G08,studio_4,S021,2026-10-01T17:21:05,hey can you say more about that does that track
M03248,G14,studio_4,S065,2026-10-01T17:21:06,oh maybe we should distinguish interest you arrive with from interest you develop
M03249,G20,studio_4,S113,2026-10-01T17:21:38,"so counterpoint, cost is the piece everyone skips in expectancy value"
M03250,G05,studio_4,S118,2026-10-01T17:21:39,can someone paste the transcript what do you think
M03251,G03,studio_4,S079,2026-10-01T17:21:58,wait can we come back to the intro in a sec if that works for everyone
M03252,G12,studio_4,S095,2026-10-01T17:22:17,hmm honestly utility value and interest are not the same thing if that works for everyone
M03253,G05,studio_4,S107,2026-10-01T17:22:36,right oh interesting does that track
M03254,G02,studio_4,S017,2026-10-01T17:22:36,so let's split this four ways what do you think
M03255,G08,studio_4,S068,2026-10-01T17:22:46,yeah maybe performance goals hold up until the first bad grade
M03256,G18,studio_4,S069,2026-10-01T17:22:50,hmm can you give an example right
M03257,G05,studio_4,S107,2026-10-01T17:22:51,so hi all?
M03258,G15,studio_4,S032,2026-10-01T17:22:52,ok who is taking notes today
M03259,G23,studio_4,S049,2026-10-01T17:22:53,ok yes exactly
M03260,G01,studio_4,S056,2026-10-01T17:22:59,right i think we should distinguish interest you arrive with from interest you develop or am i off
M03261,G20,studio_4,S119,2026-10-01T17:23:01,oh maybe autonomy matters most when the task is hard right
M03262,G13,studio_4,S061,2026-10-01T17:23:03,ok i missed that last bit sorry if that is obvious
M03263,G16,studio_4,S052,2026-10-01T17:23:16,"for the doc, cost is the piece everyone skips in expectancy value"
M03264,G06,studio_4,S045,2026-10-01T17:23:16,"for the doc, autonomy matters most when the task is hard?"
M03265,G24,studio_4,S005,2026-10-01T17:23:24,someone should own the summary
M03266,G14,studio_4,S039,2026-10-01T17:23:29,hey i missed that last bit
M03267,G07,studio_4,S001,2026-10-01T17:23:30,so maybe self efficacy comes from mastery experiences not pep talks sorry if that is obvious
M03268,G03,studio_4,S023,2026-10-01T17:23:32,hmm i'll write up the intro lol
M03269,G07,studio_4,S071,2026-10-01T17:23:34,so which the example are we on right
M03270,G16,studio_4,S070,2026-10-01T17:23:39,hey maybe utility value and interest are not the same thing right
M03271,G03,studio_4,S023,2026-10-01T17:23:41,my read is attribution after a bad grade is where self efficacy gets decided lol
M03272,G22,studio_4,S097,2026-10-01T17:23:47,right is that the same as what we said before if that works for everyone
M03273,G16,studio_4,S109,2026-10-01T17:23:51,i'm following now
M03274,G24,studio_4,S028,2026-10-01T17:23:51,hey who wants to present back
M03275,G19,studio_4,S003,2026-10-01T17:23:55,wait i'm back
M03276,G05,studio_4,S025,2026-10-01T17:23:56,so autonomy matters most when the task is hard sorry if that is obvious
M03277,G15,studio_4,S006,2026-10-01T17:23:57,hold on let me reread the example lol
M03278,G10,studio_4,S083,2026-10-01T17:24:05,hmm my wifi dropped sorry
M03279,G22,studio_4,S096,2026-10-01T17:24:14,yeah let's each take twenty minutes to write first
M03280,G10,studio_4,S103,2026-10-01T17:24:16,hmm oh interesting
M03281,G15,studio_4,S034,2026-10-01T17:24:22,hmm can you say more about that
M03282,G08,studio_4,S108,2026-10-01T17:24:32,yeah so a student working thirty hours is not lacking grit or am i off
M03283,G03,studio_4,S037,2026-10-01T17:24:44,honestly a student working thirty hours is not lacking grit right
M03284,G02,studio_4,S120,2026-10-01T17:24:51,i can clean up the doc or am i off
M03285,G19,studio_4,S018,2026-10-01T17:24:53,"so for the doc, utility value and interest are not the same thing?"
M03286,G05,studio_4,S107,2026-10-01T17:24:57,yeah can we come back to the summary in a sec if that works for everyone
M03287,G23,studio_4,S114,2026-10-01T17:24:59,hmm running two minutes late
M03288,G03,studio_4,S037,2026-10-01T17:24:59,alright so our design should let students pick the topic
M03289,G22,studio_4,S097,2026-10-01T17:25:01,right i think our design should let students pick the topic what do you think
M03290,G19,studio_4,S018,2026-10-01T17:25:11,yeah autonomy matters most when the task is hard or am i off
M03291,G02,studio_4,S017,2026-10-01T17:25:12,putting the doc link at the top of the doc or am i off
M03292,G03,studio_4,S055,2026-10-01T17:25:29,"ok not sure, but performance goals hold up until the first bad grade?"
M03293,G23,studio_4,S106,2026-10-01T17:25:43,hmm nice
M03294,G12,studio_4,S013,2026-10-01T17:25:57,ok which the transcript are we on
M03295,G01,studio_4,S056,2026-10-01T17:26:09,yeah let's split this two ways if that works for everyone
M03296,G07,studio_4,S071,2026-10-01T17:26:09,can we come back to the examples in a sec?
M03297,G15,studio_4,S032,2026-10-01T17:26:11,alright fair enough
M03298,G03,studio_4,S100,2026-10-01T17:26:21,right do you mean our notes or the other one
M03299,G13,studio_4,S061,2026-10-01T17:26:27,alright we have fifteen minutes left does that track
M03300,G18,studio_4,S004,2026-10-01T17:26:28,so yes exactly
M03301,G17,studio_4,S062,2026-10-01T17:26:37,so i can present if nobody else wants to
M03302,G23,studio_4,S024,2026-10-01T17:26:37,let's split this four ways does that track
M03303,G22,studio_4,S027,2026-10-01T17:26:38,right so attribution after a bad grade is where self efficacy gets decided sorry if that is obvious
M03304,G16,studio_4,S070,2026-10-01T17:26:47,oh utility value and interest are not the same thing sorry if that is obvious
M03305,G09,studio_4,S036,2026-10-01T17:26:48,right that is a great way to put it sorry if that is obvious
M03306,G01,studio_4,S038,2026-10-01T17:26:52,right that made me laugh?
M03307,G12,studio_4,S013,2026-10-01T17:26:53,hmm love that lol
M03308,G05,studio_4,S118,2026-10-01T17:26:54,yeah that makes sense
M03309,G19,studio_4,S003,2026-10-01T17:26:55,right that is a great way to put it
M03310,G20,studio_4,S089,2026-10-01T17:27:11,yeah can we come back to the wrap up in a sec if that works for everyone
M03311,G22,studio_4,S093,2026-10-01T17:27:26,oh same here honestly
M03312,G08,studio_4,S068,2026-10-01T17:27:44,wait attribution after a bad grade is where self efficacy gets decided sorry if that is obvious
M03313,G20,studio_5,S089,2026-10-08T16:01:02,oh i can set up the doc
M03314,G10,studio_5,S083,2026-10-08T16:01:03,right sharing my screen now
M03315,G08,studio_5,S047,2026-10-08T16:01:13,so hold on let me reread the question lol
M03316,G19,studio_5,S066,2026-10-08T16:01:16,hmm maybe group grades hide huge variation inside the group sorry if that is obvious
M03317,G21,studio_5,S115,2026-10-08T16:01:17,alright can someone paste the rubric?
M03318,G14,studio_5,S065,2026-10-08T16:01:17,oh i'll take the wrap up?
M03319,G10,studio_5,S083,2026-10-08T16:01:19,"alright counterpoint, roles help until people stop listening outside their role what do you think"
M03320,G18,studio_5,S101,2026-10-08T16:01:23,"oh from the reading, group grades hide huge variation inside the group what do you think"
M03321,G14,studio_5,S031,2026-10-08T16:01:24,let's split this three ways does that track
M03322,G21,studio_5,S094,2026-10-08T16:01:39,i'll write up the summary or am i off
M03323,G10,studio_5,S103,2026-10-08T16:01:50,that made me laugh lol
M03324,G16,studio_5,S080,2026-10-08T16:01:50,wait group grades hide huge variation inside the group lol
M03325,G16,studio_5,S070,2026-10-08T16:01:55,"wait counterpoint, who gets listened to is a design question not a personality one sorry if that is obvious"
M03326,G21,studio_5,S085,2026-10-08T16:02:06,oh our dashboard should not rank individuals in the group
M03327,G08,studio_5,S068,2026-10-08T16:02:26,honestly who gets listened to is a design question not a personality one if that works for everyone
M03328,G19,studio_5,S042,2026-10-08T16:02:38,hey my wifi dropped sorry
M03329,G11,studio_5,S092,2026-10-08T16:02:39,hey i missed that last bit lol
M03330,G15,studio_5,S006,2026-10-08T16:02:45,i'll write up part 2 or am i off
M03331,G15,studio_5,S006,2026-10-08T16:02:45,hey sharing my screen now
M03332,G16,studio_5,S109,2026-10-08T16:02:53,ok i missed that last bit does that track
M03333,G18,studio_5,S004,2026-10-08T16:02:56,no worries
M03334,G02,studio_5,S017,2026-10-08T16:03:06,alright is that the same as what we said before
M03335,G09,studio_5,S082,2026-10-08T16:03:20,right sorry can you repeat that what do you think
M03336,G08,studio_5,S068,2026-10-08T16:03:20,yeah i can present if nobody else wants to what do you think
M03337,G05,studio_5,S051,2026-10-08T16:03:21,wait group grades hide huge variation inside the group?
M03338,G04,studio_5,S102,2026-10-08T16:03:22,i'm adding the prompt to the doc
M03339,G16,studio_5,S052,2026-10-08T16:03:27,hmm yes exactly or am i off
M03340,G16,studio_5,S007,2026-10-08T16:03:40,ok moving the slide into the doc now does that track
M03341,G13,studio_5,S061,2026-10-08T16:04:05,"for the doc, group grades hide huge variation inside the group"
M03342,G11,studio_5,S058,2026-10-08T16:04:08,so roles help until people stop listening outside their role sorry if that is obvious
M03343,G02,studio_5,S026,2026-10-08T16:04:15,alright who is taking notes today
M03344,G15,studio_5,S020,2026-10-08T16:04:20,someone should own part 3 sorry if that is obvious
M03345,G13,studio_5,S012,2026-10-08T16:04:20,oh is that the same as what we said before
M03346,G04,studio_5,S087,2026-10-08T16:04:22,hey putting the rubric at the top of the doc sorry if that is obvious
M03347,G10,studio_5,S078,2026-10-08T16:04:37,hey are we answering question two or the next one lol
M03348,G01,studio_5,S076,2026-10-08T16:04:41,hey who is taking notes today what do you think
M03349,G14,studio_5,S039,2026-10-08T16:04:42,sharing my screen now?
M03350,G13,studio_5,S061,2026-10-08T16:04:54,hmm does everyone have the question open lol
M03351,G03,studio_5,S100,2026-10-08T16:04:57,alright is that the same as what we said before what do you think
M03352,G08,studio_5,S047,2026-10-08T16:04:58,can we come back to the wrap up in a sec right
M03353,G12,studio_5,S084,2026-10-08T16:05:01,yeah someone should own the second question what do you think
M03354,G05,studio_5,S118,2026-10-08T16:05:02,hey that made me laugh
M03355,G05,studio_5,S043,2026-10-08T16:05:04,let's split this five ways lol
M03356,G11,studio_5,S058,2026-10-08T16:05:08,oh who is taking notes today
M03357,G23,studio_5,S024,2026-10-08T16:05:09,ok that made me laugh
M03358,G24,studio_5,S005,2026-10-08T16:05:12,hey roles help until people stop listening outside their role
M03359,G09,studio_5,S029,2026-10-08T16:05:24,oh honestly who gets listened to is a design question not a personality one right
M03360,G21,studio_5,S098,2026-10-08T16:05:24,"yeah for the doc, equal talk time is not equal contribution?"
M03361,G11,studio_5,S046,2026-10-08T16:05:29,wait honestly socially shared regulation is the term for what our group does badly sorry if that is obvious
M03362,G22,studio_5,S110,2026-10-08T16:05:42,hey can we come back to the wrap up in a sec if that works for everyone
M03363,G13,studio_5,S012,2026-10-08T16:05:47,alright where is that in the slide
M03364,G13,studio_5,S012,2026-10-08T16:05:56,can someone paste the slide lol
M03365,G06,studio_5,S073,2026-10-08T16:06:03,hey roles help until people stop listening outside their role
M03366,G15,studio_5,S014,2026-10-08T16:06:04,ok i can present if nobody else wants to if that works for everyone
M03367,G15,studio_5,S032,2026-10-08T16:06:10,hey which the example are we on or am i off
M03368,G22,studio_5,S096,2026-10-08T16:06:11,brb one sec
M03369,G09,studio_5,S077,2026-10-08T16:06:14,right running two minutes late
M03370,G14,studio_5,S039,2026-10-08T16:06:17,"right counterpoint, our dashboard should not rank individuals in the group right"
M03371,G16,studio_5,S007,2026-10-08T16:06:42,"alright from the reading, our dashboard should not rank individuals in the group does that track"
M03372,G03,studio_5,S100,2026-10-08T16:06:44,transactive means building on the previous turn not just adding if that works for everyone
M03373,G13,studio_5,S072,2026-10-08T16:07:05,yeah socially shared regulation is the term for what our group does badly
M03374,G05,studio_5,S118,2026-10-08T16:07:09,i can start the doc does that track
M03375,G23,studio_5,S106,2026-10-08T16:07:16,so socially shared regulation is the term for what our group does badly?
M03376,G22,studio_5,S110,2026-10-08T16:07:18,alright so the quietest person had the key objection last week
M03377,G16,studio_5,S052,2026-10-08T16:07:34,hmm we have fifteen minutes left does that track
M03378,G12,studio_5,S095,2026-10-08T16:07:41,alright putting the slide at the top of the doc
M03379,G16,studio_5,S052,2026-10-08T16:07:47,right who wants to present back or am i off
M03380,G01,studio_5,S038,2026-10-08T16:08:10,maybe equal talk time is not equal contribution or am i off
M03381,G21,studio_5,S098,2026-10-08T16:08:20,alright who gets listened to is a design question not a personality one what do you think
M03382,G07,studio_5,S010,2026-10-08T16:08:22,yeah i missed that last bit
M03383,G16,studio_5,S052,2026-10-08T16:08:24,hmm honestly group grades hide huge variation inside the group
M03384,G17,studio_5,S035,2026-10-08T16:08:30,i missed that last bit
M03385,G01,studio_5,S030,2026-10-08T16:08:36,so that made me laugh
M03386,G16,studio_5,S052,2026-10-08T16:08:40,yeah fair enough
M03387,G22,studio_5,S096,2026-10-08T16:08:58,ok who is taking notes today does that track
M03388,G22,studio_5,S027,2026-10-08T16:09:11,yeah transactive means building on the previous turn not just adding what do you think
M03389,G22,studio_5,S097,2026-10-08T16:09:21,wait so the quietest person had the key objection last week
M03390,G01,studio_5,S076,2026-10-08T16:09:24,ok i'm following now or am i off
M03391,G08,studio_5,S068,2026-10-08T16:09:28,hey does everyone have the transcript open sorry if that is obvious
M03392,G20,studio_5,S117,2026-10-08T16:09:39,"hey not sure, but equal talk time is not equal contribution lol"
M03393,G16,studio_5,S052,2026-10-08T16:09:49,oh sharing my screen now
M03394,G09,studio_5,S077,2026-10-08T16:09:50,oh maybe our dashboard should not rank individuals in the group
M03395,G06,studio_5,S045,2026-10-08T16:09:52,oh running two minutes late if that works for everyone
M03396,G10,studio_5,S083,2026-10-08T16:09:53,are we answering question ten or the next one?
M03397,G03,studio_5,S055,2026-10-08T16:10:07,my wifi dropped sorry
M03398,G22,studio_5,S110,2026-10-08T16:10:18,hmm i think socially shared regulation is the term for what our group does badly does that track
M03399,G19,studio_5,S066,2026-10-08T16:10:18,let's split this twenty ways
M03400,G17,studio_5,S099,2026-10-08T16:10:24,i'm following now
M03401,G24,studio_5,S028,2026-10-08T16:10:34,hmm someone should own the wrap up lol
M03402,G03,studio_5,S100,2026-10-08T16:10:41,right do you mean the slide or the other one what do you think
M03403,G12,studio_5,S013,2026-10-08T16:10:50,"hmm counterpoint, group grades hide huge variation inside the group"
M03404,G16,studio_5,S109,2026-10-08T16:10:50,wait can someone paste the handout what do you think
M03405,G09,studio_5,S082,2026-10-08T16:10:55,alright we have fifteen minutes left or am i off
M03406,G07,studio_5,S010,2026-10-08T16:10:57,hmm roles help until people stop listening outside their role lol
M03407,G23,studio_5,S114,2026-10-08T16:11:05,hmm where is that in our notes
M03408,G01,studio_5,S038,2026-10-08T16:11:09,who gets listened to is a design question not a personality one right
M03409,G15,studio_5,S032,2026-10-08T16:11:14,yeah does everyone have the slide open if that works for everyone
M03410,G07,studio_5,S010,2026-10-08T16:11:22,right the quietest person had the key objection last week sorry if that is obvious
M03411,G10,studio_5,S078,2026-10-08T16:11:28,hey maybe we should write silently first then discuss?
M03412,G10,studio_5,S103,2026-10-08T16:11:30,yeah that makes sense what do you think
M03413,G12,studio_5,S013,2026-10-08T16:11:37,hmm fair enough
M03414,G01,studio_5,S030,2026-10-08T16:11:41,yeah i think who gets listened to is a design question not a personality one or am i off
M03415,G01,studio_5,S033,2026-10-08T16:11:41,yeah honestly group grades hide huge variation inside the group
M03416,G20,studio_5,S089,2026-10-08T16:11:56,right the quietest person had the key objection last week?
M03417,G17,studio_5,S086,2026-10-08T16:12:01,wait moving the doc link into the doc now lol
M03418,G15,studio_5,S014,2026-10-08T16:12:06,that made me laugh
M03419,G11,studio_5,S046,2026-10-08T16:12:07,is that the same as what we said before or am i off
M03420,G16,studio_5,S052,2026-10-08T16:12:09,oh someone should own the examples or am i off
M03421,G03,studio_5,S055,2026-10-08T16:12:20,so i'm adding the reading to the doc does that track
M03422,G24,studio_5,S028,2026-10-08T16:12:23,yeah do you mean the table or the other one
M03423,G20,studio_5,S113,2026-10-08T16:12:30,wait i'm following now
M03424,G11,studio_5,S092,2026-10-08T16:12:42,right let's each take ten minutes to write first lol
M03425,G20,studio_5,S112,2026-10-08T16:12:46,so fair enough
M03426,G16,studio_5,S070,2026-10-08T16:12:48,yeah i'll write up the second question
M03427,G17,studio_5,S086,2026-10-08T16:12:56,which the table are we on right
M03428,G04,studio_5,S050,2026-10-08T16:12:58,yeah i lost the slide again sorry what do you think
M03429,G14,studio_5,S039,2026-10-08T16:13:09,yeah my wifi dropped sorry
M03430,G13,studio_5,S061,2026-10-08T16:13:41,same here honestly
M03431,G15,studio_5,S032,2026-10-08T16:13:44,i'll write up part 3?
M03432,G14,studio_5,S065,2026-10-08T16:13:55,hmm that made me laugh
M03433,G11,studio_5,S092,2026-10-08T16:13:56,oh thanks for waiting
M03434,G10,studio_5,S078,2026-10-08T16:13:58,oh we should write silently first then discuss if that works for everyone
M03435,G10,studio_5,S009,2026-10-08T16:14:00,alright nice
M03436,G20,studio_5,S113,2026-10-08T16:14:17,oh love that
M03437,G03,studio_5,S079,2026-10-08T16:14:23,oh brb one sec
M03438,G03,studio_5,S037,2026-10-08T16:14:56,oh brb one sec?
M03439,G11,studio_5,S058,2026-10-08T16:15:02,oh do you mean the example or the other one?
M03440,G17,studio_5,S035,2026-10-08T16:15:04,"oh for the doc, roles help until people stop listening outside their role if that works for everyone"
M03441,G10,studio_5,S009,2026-10-08T16:15:05,so honestly roles help until people stop listening outside their role does that track
M03442,G14,studio_5,S031,2026-10-08T16:15:06,"hmm not sure, but socially shared regulation is the term for what our group does badly or am i off"
M03443,G20,studio_5,S113,2026-10-08T16:15:11,so brb one sec
M03444,G14,studio_5,S074,2026-10-08T16:15:15,"so not sure, but who gets listened to is a design question not a personality one right"
M03445,G14,studio_5,S039,2026-10-08T16:15:16,who gets listened to is a design question not a personality one what do you think
M03446,G19,studio_5,S042,2026-10-08T16:15:35,oh i missed that last bit does that track
M03447,G20,studio_5,S113,2026-10-08T16:15:51,so which the transcript are we on
M03448,G10,studio_5,S015,2026-10-08T16:15:57,ok really or am i off
M03449,G10,studio_5,S009,2026-10-08T16:16:27,alright honestly we should write silently first then discuss sorry if that is obvious
M03450,G22,studio_5,S027,2026-10-08T16:16:28,oh running two minutes late
M03451,G21,studio_5,S098,2026-10-08T16:16:30,i can reorganize the doc does that track
M03452,G07,studio_5,S071,2026-10-08T16:16:39,hmm which the reading are we on
M03453,G01,studio_5,S030,2026-10-08T16:16:44,i can reorganize the doc
M03454,G06,studio_5,S053,2026-10-08T16:16:45,hey my wifi dropped sorry
M03455,G21,studio_5,S115,2026-10-08T16:16:51,the quietest person had the key objection last week
M03456,G22,studio_5,S097,2026-10-08T16:16:57,ok agreed
M03457,G07,studio_5,S071,2026-10-08T16:17:00,so honestly roles help until people stop listening outside their role
M03458,G09,studio_5,S082,2026-10-08T16:17:01,putting the rubric at the top of the doc or am i off
M03459,G09,studio_5,S077,2026-10-08T16:17:04,hmm someone should own the wrap up lol
M03460,G21,studio_5,S115,2026-10-08T16:17:08,oh i'll write up part 2
M03461,G15,studio_5,S006,2026-10-08T16:17:09,yeah we have four minutes left right
M03462,G07,studio_5,S010,2026-10-08T16:17:09,hey which the slide are we on
M03463,G09,studio_5,S067,2026-10-08T16:17:16,alright i can present if nobody else wants to right
M03464,G11,studio_5,S081,2026-10-08T16:17:36,"yeah for the doc, our dashboard should not rank individuals in the group or am i off"
M03465,G22,studio_5,S096,2026-10-08T16:17:37,hey i can start the doc right
M03466,G02,studio_5,S017,2026-10-08T16:17:42,hmm can someone paste our notes?
M03467,G02,studio_5,S017,2026-10-08T16:17:43,so let's timebox this to four minutes if that works for everyone
M03468,G12,studio_5,S057,2026-10-08T16:17:47,hmm should we outline first sorry if that is obvious
M03469,G18,studio_5,S101,2026-10-08T16:17:49,i lost the example again sorry sorry if that is obvious
M03470,G06,studio_5,S011,2026-10-08T16:17:51,yeah i missed that last bit
M03471,G23,studio_5,S106,2026-10-08T16:17:53,should we outline first does that track
M03472,G11,studio_5,S046,2026-10-08T16:17:57,ok let's split this ten ways what do you think
M03473,G09,studio_5,S036,2026-10-08T16:18:04,hey should we outline first
M03474,G16,studio_5,S070,2026-10-08T16:18:05,alright hi all
M03475,G01,studio_5,S076,2026-10-08T16:18:18,so hi all
M03476,G24,studio_5,S028,2026-10-08T16:18:20,alright that makes sense
M03477,G01,studio_5,S033,2026-10-08T16:18:29,ok my wifi dropped sorry
M03478,G08,studio_5,S068,2026-10-08T16:18:30,agreed sorry if that is obvious
M03479,G04,studio_5,S050,2026-10-08T16:18:31,oh i'm not sure i follow
M03480,G01,studio_5,S038,2026-10-08T16:18:58,yeah so who gets listened to is a design question not a personality one or am i off
M03481,G04,studio_5,S002,2026-10-08T16:19:04,oh who wants to present back or am i off
M03482,G16,studio_5,S070,2026-10-08T16:19:05,so group grades hide huge variation inside the group if that works for everyone
M03483,G14,studio_5,S039,2026-10-08T16:19:06,"not sure, but transactive means building on the previous turn not just adding"
M03484,G09,studio_5,S082,2026-10-08T16:19:08,oh running two minutes late
M03485,G21,studio_5,S094,2026-10-08T16:19:09,so can you say more about that?
M03486,G01,studio_5,S056,2026-10-08T16:19:11,hey i'm back
M03487,G16,studio_5,S109,2026-10-08T16:19:17,right so transactive means building on the previous turn not just adding what do you think
M03488,G15,studio_5,S020,2026-10-08T16:19:24,"hmm from the reading, who gets listened to is a design question not a personality one"
M03489,G11,studio_5,S092,2026-10-08T16:19:26,ok sharing my screen now or am i off
M03490,G11,studio_5,S092,2026-10-08T16:19:29,group grades hide huge variation inside the group what do you think
M03491,G19,studio_5,S066,2026-10-08T16:19:32,ok let's timebox this to three minutes right
M03492,G01,studio_5,S076,2026-10-08T16:19:36,hmm can we come back to the second question in a sec does that track
M03493,G07,studio_5,S063,2026-10-08T16:19:37,i'm adding the handout to the doc
M03494,G20,studio_5,S112,2026-10-08T16:19:41,so so our dashboard should not rank individuals in the group?
M03495,G05,studio_5,S025,2026-10-08T16:19:43,yeah love that
M03496,G12,studio_5,S095,2026-10-08T16:19:46,yeah agreed
M03497,G16,studio_5,S007,2026-10-08T16:19:53,group grades hide huge variation inside the group?
M03498,G24,studio_5,S028,2026-10-08T16:19:56,right running two minutes late
M03499,G02,studio_5,S026,2026-10-08T16:20:01,i'm back
M03500,G11,studio_5,S081,2026-10-08T16:20:22,socially shared regulation is the term for what our group does badly right
M03501,G20,studio_5,S113,2026-10-08T16:20:41,agreed if that works for everyone
M03502,G19,studio_5,S066,2026-10-08T16:20:43,ok putting our notes at the top of the doc
M03503,G12,studio_5,S057,2026-10-08T16:20:52,i think group grades hide huge variation inside the group if that works for everyone
M03504,G22,studio_5,S110,2026-10-08T16:20:54,wait honestly our dashboard should not rank individuals in the group?
M03505,G20,studio_5,S117,2026-10-08T16:20:55,so the quietest person had the key objection last week
M03506,G24,studio_5,S048,2026-10-08T16:20:56,hmm i can present if nobody else wants to
M03507,G20,studio_5,S089,2026-10-08T16:21:10,wait can you give an example
M03508,G19,studio_5,S008,2026-10-08T16:21:16,oh i lost the handout again sorry lol
M03509,G18,studio_5,S004,2026-10-08T16:21:29,yeah can you say more about that right
M03510,G17,studio_5,S016,2026-10-08T16:21:33,right brb one sec
M03511,G15,studio_5,S014,2026-10-08T16:21:51,roles help until people stop listening outside their role?
M03512,G15,studio_5,S006,2026-10-08T16:22:01,"for the doc, transactive means building on the previous turn not just adding does that track"
M03513,G12,studio_5,S084,2026-10-08T16:22:18,i can share the doc
M03514,G03,studio_5,S037,2026-10-08T16:22:39,alright i'll write up the intro lol
M03515,G08,studio_5,S021,2026-10-08T16:22:40,that made me laugh
M03516,G17,studio_5,S062,2026-10-08T16:22:41,same here honestly
M03517,G21,studio_5,S085,2026-10-08T16:22:43,hmm you two are on a roll
M03518,G24,studio_5,S060,2026-10-08T16:22:49,hey what does that term mean again
M03519,G18,studio_5,S004,2026-10-08T16:22:58,that makes sense
M03520,G08,studio_5,S088,2026-10-08T16:23:02,oh same here honestly
M03521,G14,studio_5,S031,2026-10-08T16:23:04,hey do you mean the table or the other one
M03522,G13,studio_5,S072,2026-10-08T16:23:10,roles help until people stop listening outside their role
M03523,G20,studio_5,S119,2026-10-08T16:23:14,ok i'll write up the examples what do you think
M03524,G09,studio_5,S077,2026-10-08T16:23:23,yeah i'm following now
M03525,G22,studio_5,S110,2026-10-08T16:23:26,alright roles help until people stop listening outside their role what do you think
M03526,G23,studio_5,S024,2026-10-08T16:23:39,so we have ten minutes left?
M03527,G01,studio_5,S033,2026-10-08T16:23:43,"for the doc, transactive means building on the previous turn not just adding lol"
M03528,G22,studio_5,S096,2026-10-08T16:23:50,right let's split this ten ways
M03529,G14,studio_5,S039,2026-10-08T16:23:54,hey can you say more about that if that works for everyone
M03530,G05,studio_5,S051,2026-10-08T16:23:56,right roles help until people stop listening outside their role right
M03531,G15,studio_5,S020,2026-10-08T16:24:04,hmm putting the prompt at the top of the doc sorry if that is obvious
M03532,G14,studio_5,S031,2026-10-08T16:24:06,yeah are we answering question five or the next one
M03533,G14,studio_5,S065,2026-10-08T16:24:09,oh who gets listened to is a design question not a personality one does that track
M03534,G03,studio_5,S037,2026-10-08T16:24:09,so who wants to present back lol
M03535,G01,studio_5,S033,2026-10-08T16:24:14,"not sure, but roles help until people stop listening outside their role or am i off"
M03536,G15,studio_5,S032,2026-10-08T16:24:15,wait my read is socially shared regulation is the term for what our group does badly
M03537,G13,studio_5,S061,2026-10-08T16:24:19,hey i'm not sure i follow lol
M03538,G21,studio_5,S094,2026-10-08T16:24:21,hey can you give an example
M03539,G06,studio_5,S116,2026-10-08T16:24:24,ok is that the same as what we said before
M03540,G22,studio_5,S027,2026-10-08T16:24:32,sharing my screen now right
M03541,G06,studio_5,S045,2026-10-08T16:24:36,wait so our dashboard should not rank individuals in the group lol
M03542,G17,studio_5,S062,2026-10-08T16:24:45,hmm sharing my screen now
M03543,G23,studio_5,S024,2026-10-08T16:24:47,let's each take three minutes to write first does that track
M03544,G17,studio_5,S099,2026-10-08T16:24:48,hmm moving the handout into the doc now
M03545,G23,studio_5,S114,2026-10-08T16:24:53,"hey not sure, but the quietest person had the key objection last week?"
M03546,G24,studio_5,S028,2026-10-08T16:24:56,yeah that makes sense lol
M03547,G15,studio_5,S032,2026-10-08T16:25:05,oh i'll write up the intro or am i off
M03548,G15,studio_5,S020,2026-10-08T16:25:21,hey sharing my screen now or am i off
M03549,G12,studio_5,S095,2026-10-08T16:25:23,maybe group grades hide huge variation inside the group
M03550,G20,studio_5,S119,2026-10-08T16:25:24,wait maybe transactive means building on the previous turn not just adding?
M03551,G16,studio_5,S070,2026-10-08T16:25:25,my read is roles help until people stop listening outside their role or am i off
M03552,G16,studio_5,S080,2026-10-08T16:25:35,hmm my read is the quietest person had the key objection last week does that track
M03553,G21,studio_5,S098,2026-10-08T16:25:44,yeah running two minutes late
M03554,G06,studio_5,S053,2026-10-08T16:25:44,hmm i'll take the wrap up
M03555,G05,studio_5,S107,2026-10-08T16:25:44,yeah who is taking notes today
M03556,G17,studio_5,S086,2026-10-08T16:25:47,alright let's each take four minutes to write first
M03557,G08,studio_5,S021,2026-10-08T16:25:49,i think equal talk time is not equal contribution lol
M03558,G17,studio_5,S062,2026-10-08T16:25:50,hmm let's split this three ways lol
M03559,G19,studio_5,S042,2026-10-08T16:25:51,hmm nice lol
M03560,G17,studio_5,S062,2026-10-08T16:25:54,"yeah counterpoint, our dashboard should not rank individuals in the group"
M03561,G02,studio_5,S120,2026-10-08T16:25:55,hmm i'm convinced
M03562,G01,studio_5,S038,2026-10-08T16:26:05,alright maybe we should write silently first then discuss if that works for everyone
M03563,G18,studio_5,S054,2026-10-08T16:26:06,"not sure, but we should write silently first then discuss?"
M03564,G23,studio_5,S040,2026-10-08T16:26:07,wait who wants to present back
M03565,G10,studio_5,S078,2026-10-08T16:26:11,ok i can present if nobody else wants to?
M03566,G02,studio_5,S017,2026-10-08T16:26:19,oh i think socially shared regulation is the term for what our group does badly sorry if that is obvious
M03567,G13,studio_5,S072,2026-10-08T16:26:22,oh should we outline first?
M03568,G19,studio_5,S008,2026-10-08T16:26:24,wait which the example are we on or am i off
M03569,G18,studio_5,S069,2026-10-08T16:26:33,ok fair enough or am i off
M03570,G03,studio_5,S037,2026-10-08T16:26:36,ok honestly the quietest person had the key objection last week
M03571,G01,studio_5,S038,2026-10-08T16:26:40,hmm so our dashboard should not rank individuals in the group
M03572,G21,studio_5,S094,2026-10-08T16:26:41,alright we should write silently first then discuss lol
M03573,G01,studio_5,S038,2026-10-08T16:26:49,"oh counterpoint, our dashboard should not rank individuals in the group lol"
M03574,G21,studio_5,S098,2026-10-08T16:26:50,oh interesting
M03575,G14,studio_5,S074,2026-10-08T16:26:50,my read is transactive means building on the previous turn not just adding
M03576,G03,studio_5,S037,2026-10-08T16:26:54,oh can someone paste the question
M03577,G09,studio_5,S036,2026-10-08T16:26:55,yeah i lost the handout again sorry what do you think
M03578,G17,studio_5,S062,2026-10-08T16:26:57,my read is equal talk time is not equal contribution
M03579,G21,studio_5,S115,2026-10-08T16:27:05,hey this is fun actually
M03580,G12,studio_5,S095,2026-10-08T16:27:14,so honestly the quietest person had the key objection last week does that track
M03581,G15,studio_5,S032,2026-10-08T16:27:18,alright can someone paste the slide if that works for everyone
M03582,G22,studio_5,S093,2026-10-08T16:27:37,"so not sure, but our dashboard should not rank individuals in the group"
M03583,G07,studio_5,S001,2026-10-08T16:27:39,wait i lost our notes again sorry right
M03584,G06,studio_5,S116,2026-10-08T16:27:45,putting the slide at the top of the doc
M03585,G22,studio_5,S096,2026-10-08T16:28:02,hey good point or am i off
M03586,G07,studio_5,S010,2026-10-08T16:28:02,no worries
M03587,G01,studio_5,S038,2026-10-08T16:28:09,alright nice
M03588,G12,studio_5,S095,2026-10-08T16:28:15,so i think transactive means building on the previous turn not just adding
M03589,G03,studio_5,S055,2026-10-08T16:28:21,right do you mean the doc link or the other one or am i off
M03590,G19,studio_5,S018,2026-10-08T16:28:28,alright i'll take part 2 sorry if that is obvious
M03591,G09,studio_5,S077,2026-10-08T16:28:32,alright let's split this two ways what do you think
M03592,G22,studio_5,S027,2026-10-08T16:28:33,right i'm not sure i follow what do you think
M03593,G12,studio_5,S057,2026-10-08T16:28:37,ok i missed that last bit does that track
M03594,G10,studio_5,S009,2026-10-08T16:28:41,yeah let's timebox this to five minutes if that works for everyone
M03595,G23,studio_5,S114,2026-10-08T16:28:47,wait where is that in the handout or am i off
M03596,G21,studio_5,S115,2026-10-08T16:28:59,let's split this five ways lol
M03597,G09,studio_5,S029,2026-10-08T16:29:06,"yeah for the doc, roles help until people stop listening outside their role or am i off"
M03598,G02,studio_5,S017,2026-10-08T16:29:07,"not sure, but who gets listened to is a design question not a personality one sorry if that is obvious"
M03599,G11,studio_5,S058,2026-10-08T16:29:09,hey yes exactly
M03600,G10,studio_5,S015,2026-10-08T16:29:10,oh my wifi dropped sorry if that works for everyone
M03601,G01,studio_5,S038,2026-10-08T16:29:13,alright that is a great way to put it
M03602,G09,studio_5,S067,2026-10-08T16:29:20,you two are on a roll
M03603,G05,studio_5,S107,2026-10-08T16:29:25,alright let's each take ten minutes to write first or am i off
M03604,G20,studio_5,S113,2026-10-08T16:29:38,my wifi dropped sorry
M03605,G22,studio_5,S096,2026-10-08T16:29:45,right putting the slide at the top of the doc does that track
M03606,G19,studio_5,S066,2026-10-08T16:29:57,ok sorry can you repeat that
M03607,G20,studio_5,S112,2026-10-08T16:29:57,this is fun actually
M03608,G07,studio_5,S010,2026-10-08T16:29:58,who is taking notes today if that works for everyone
M03609,G07,studio_5,S063,2026-10-08T16:30:11,oh so our dashboard should not rank individuals in the group lol
M03610,G14,studio_5,S039,2026-10-08T16:30:13,"alright not sure, but our dashboard should not rank individuals in the group"
M03611,G24,studio_5,S028,2026-10-08T16:30:18,"right counterpoint, equal talk time is not equal contribution sorry if that is obvious"
M03612,G07,studio_5,S063,2026-10-08T16:30:21,hmm you two are on a roll or am i off
M03613,G05,studio_5,S118,2026-10-08T16:30:22,hey do you mean the prompt or the other one if that works for everyone
M03614,G17,studio_5,S062,2026-10-08T16:30:53,alright my read is socially shared regulation is the term for what our group does badly what do you think
M03615,G02,studio_5,S120,2026-10-08T16:30:58,my read is equal talk time is not equal contribution?
M03616,G23,studio_5,S114,2026-10-08T16:31:02,yeah does everyone have the reading open or am i off
M03617,G04,studio_5,S002,2026-10-08T16:31:04,hey fair enough
M03618,G17,studio_5,S099,2026-10-08T16:31:11,oh let's each take three minutes to write first or am i off
M03619,G04,studio_5,S002,2026-10-08T16:31:15,where is that in the example
M03620,G01,studio_5,S076,2026-10-08T16:31:39,wait equal talk time is not equal contribution does that track
M03621,G01,studio_5,S033,2026-10-08T16:31:42,"ok counterpoint, transactive means building on the previous turn not just adding if that works for everyone"
M03622,G09,studio_5,S082,2026-10-08T16:31:51,are we answering question ten or the next one if that works for everyone
M03623,G18,studio_5,S075,2026-10-08T16:31:54,alright i'm following now lol
M03624,G24,studio_5,S048,2026-10-08T16:31:56,yeah you two are on a roll lol
M03625,G01,studio_5,S056,2026-10-08T16:32:04,i missed that last bit if that works for everyone
M03626,G03,studio_5,S079,2026-10-08T16:32:12,yeah i think transactive means building on the previous turn not just adding
M03627,G10,studio_5,S078,2026-10-08T16:32:19,right i lost the rubric again sorry?
M03628,G04,studio_5,S087,2026-10-08T16:32:19,we should write silently first then discuss does that track
M03629,G20,studio_5,S119,2026-10-08T16:32:28,right my wifi dropped sorry
M03630,G23,studio_5,S114,2026-10-08T16:32:31,alright that is a great way to put it
M03631,G16,studio_5,S070,2026-10-08T16:32:35,oh who wants to present back what do you think
M03632,G16,studio_5,S052,2026-10-08T16:32:47,i think the quietest person had the key objection last week or am i off
M03633,G19,studio_5,S003,2026-10-08T16:32:49,wait that made me laugh
M03634,G16,studio_5,S007,2026-10-08T16:33:06,yeah let's timebox this to two minutes what do you think
M03635,G06,studio_5,S011,2026-10-08T16:33:12,equal talk time is not equal contribution
M03636,G22,studio_5,S110,2026-10-08T16:33:12,"yeah counterpoint, who gets listened to is a design question not a personality one does that track"
M03637,G22,studio_5,S027,2026-10-08T16:33:13,hmm is that the same as what we said before sorry if that is obvious
M03638,G04,studio_5,S002,2026-10-08T16:33:19,good point
M03639,G02,studio_5,S017,2026-10-08T16:33:22,ok hi all
M03640,G09,studio_5,S082,2026-10-08T16:33:23,hmm socially shared regulation is the term for what our group does badly
M03641,G18,studio_5,S004,2026-10-08T16:33:25,"oh counterpoint, equal talk time is not equal contribution right"
M03642,G13,studio_5,S012,2026-10-08T16:33:32,hey is that the same as what we said before
M03643,G16,studio_5,S109,2026-10-08T16:33:41,so oh interesting right
M03644,G21,studio_5,S098,2026-10-08T16:33:42,oh i think transactive means building on the previous turn not just adding what do you think
M03645,G12,studio_5,S084,2026-10-08T16:33:43,brb one sec lol
M03646,G07,studio_5,S001,2026-10-08T16:33:48,we should write silently first then discuss sorry if that is obvious
M03647,G04,studio_5,S090,2026-10-08T16:33:57,hey sorry can you repeat that
M03648,G11,studio_5,S046,2026-10-08T16:33:58,alright i'm not sure i follow
M03649,G19,studio_5,S008,2026-10-08T16:34:02,so fair enough what do you think
M03650,G16,studio_5,S070,2026-10-08T16:34:04,oh maybe socially shared regulation is the term for what our group does badly
M03651,G23,studio_5,S114,2026-10-08T16:34:06,hey can someone paste the handout or am i off
M03652,G08,studio_5,S068,2026-10-08T16:34:14,right i lost the handout again sorry
M03653,G07,studio_5,S044,2026-10-08T16:34:15,hey who wants to present back sorry if that is obvious
M03654,G24,studio_5,S060,2026-10-08T16:34:32,my wifi dropped sorry right
M03655,G13,studio_5,S072,2026-10-08T16:34:33,hmm i think roles help until people stop listening outside their role
M03656,G09,studio_5,S082,2026-10-08T16:34:34,who wants to present back?
M03657,G15,studio_5,S006,2026-10-08T16:34:35,wait brb one sec
M03658,G02,studio_5,S017,2026-10-08T16:34:39,is that the same as what we said before or am i off
M03659,G08,studio_5,S047,2026-10-08T16:34:40,so no worries
M03660,G24,studio_5,S060,2026-10-08T16:34:49,where is that in the table does that track
M03661,G22,studio_5,S097,2026-10-08T16:34:58,oh are we answering question fifteen or the next one what do you think
M03662,G18,studio_5,S075,2026-10-08T16:35:06,ok maybe who gets listened to is a design question not a personality one
M03663,G19,studio_5,S018,2026-10-08T16:35:24,transactive means building on the previous turn not just adding
M03664,G07,studio_5,S001,2026-10-08T16:35:25,i'm back
M03665,G07,studio_5,S071,2026-10-08T16:35:28,wait we have ten minutes left
M03666,G16,studio_5,S070,2026-10-08T16:35:28,hmm equal talk time is not equal contribution?
M03667,G05,studio_5,S025,2026-10-08T16:35:34,"wait counterpoint, we should write silently first then discuss"
M03668,G15,studio_5,S020,2026-10-08T16:35:34,do you mean the rubric or the other one or am i off
M03669,G01,studio_5,S056,2026-10-08T16:35:45,"wait from the reading, we should write silently first then discuss right"
M03670,G13,studio_5,S022,2026-10-08T16:35:45,who is taking notes today sorry if that is obvious
M03671,G10,studio_5,S078,2026-10-08T16:35:47,"alright counterpoint, transactive means building on the previous turn not just adding"
M03672,G22,studio_5,S110,2026-10-08T16:35:57,right let's each take four minutes to write first
M03673,G15,studio_5,S006,2026-10-08T16:36:01,should we outline first lol
M03674,G17,studio_5,S035,2026-10-08T16:36:06,oh transactive means building on the previous turn not just adding
M03675,G02,studio_5,S017,2026-10-08T16:36:08,right can you give an example sorry if that is obvious
M03676,G03,studio_5,S023,2026-10-08T16:36:08,alright do you mean the table or the other one does that track
M03677,G07,studio_5,S010,2026-10-08T16:36:10,hmm hi all
M03678,G20,studio_5,S112,2026-10-08T16:36:11,so i lost the question again sorry
M03679,G23,studio_5,S114,2026-10-08T16:36:31,"yeah counterpoint, who gets listened to is a design question not a personality one if that works for everyone"
M03680,G16,studio_5,S007,2026-10-08T16:36:36,does everyone have the rubric open lol
M03681,G11,studio_5,S058,2026-10-08T16:36:37,yeah thanks for waiting what do you think
M03682,G23,studio_5,S114,2026-10-08T16:36:40,alright oh interesting
M03683,G22,studio_5,S093,2026-10-08T16:36:56,my wifi dropped sorry
M03684,G05,studio_5,S025,2026-10-08T16:37:03,right that made me laugh
M03685,G20,studio_5,S112,2026-10-08T16:37:05,i'm not sure i follow
M03686,G19,studio_5,S042,2026-10-08T16:37:16,right i'm convinced
M03687,G17,studio_5,S099,2026-10-08T16:37:25,alright i missed that last bit lol
M03688,G13,studio_5,S012,2026-10-08T16:37:35,oh can someone paste the prompt?
M03689,G15,studio_5,S032,2026-10-08T16:37:41,let's each take twenty minutes to write first
M03690,G02,studio_5,S120,2026-10-08T16:37:48,right sorry can you repeat that?
M03691,G03,studio_5,S055,2026-10-08T16:37:51,wait i can present if nobody else wants to sorry if that is obvious
M03692,G11,studio_5,S081,2026-10-08T16:37:51,right do you mean the doc link or the other one lol
M03693,G23,studio_5,S114,2026-10-08T16:37:57,honestly socially shared regulation is the term for what our group does badly sorry if that is obvious
M03694,G14,studio_5,S031,2026-10-08T16:38:00,roles help until people stop listening outside their role what do you think
M03695,G12,studio_5,S057,2026-10-08T16:38:02,so does everyone have our notes open
M03696,G13,studio_5,S061,2026-10-08T16:38:14,right let's split this fifteen ways
M03697,G10,studio_5,S083,2026-10-08T16:38:15,i missed that last bit sorry if that is obvious
M03698,G06,studio_5,S116,2026-10-08T16:38:30,"for the doc, socially shared regulation is the term for what our group does badly sorry if that is obvious"
M03699,G14,studio_5,S031,2026-10-08T16:38:32,alright who is taking notes today what do you think
M03700,G15,studio_5,S014,2026-10-08T16:38:37,hey i can reorganize the doc
M03701,G08,studio_5,S088,2026-10-08T16:38:45,good point
M03702,G16,studio_5,S109,2026-10-08T16:38:50,i'll write up the intro?
M03703,G15,studio_5,S014,2026-10-08T16:38:54,we should write silently first then discuss
M03704,G20,studio_5,S113,2026-10-08T16:38:59,ok i missed that last bit right
M03705,G02,studio_5,S026,2026-10-08T16:39:01,hey good point sorry if that is obvious
M03706,G17,studio_5,S086,2026-10-08T16:39:03,my read is our dashboard should not rank individuals in the group what do you think
M03707,G15,studio_5,S006,2026-10-08T16:39:11,alright you two are on a roll or am i off
M03708,G23,studio_5,S114,2026-10-08T16:39:16,hey hi all sorry if that is obvious
M03709,G22,studio_5,S096,2026-10-08T16:39:21,right i think roles help until people stop listening outside their role right
M03710,G18,studio_5,S101,2026-10-08T16:39:26,"yeah not sure, but roles help until people stop listening outside their role lol"
M03711,G06,studio_5,S011,2026-10-08T16:39:34,"counterpoint, equal talk time is not equal contribution right"
M03712,G05,studio_5,S107,2026-10-08T16:39:37,yeah we have four minutes left does that track
M03713,G03,studio_5,S037,2026-10-08T16:39:39,group grades hide huge variation inside the group?
M03714,G17,studio_5,S086,2026-10-08T16:39:44,wait i'll take the examples does that track
M03715,G23,studio_5,S114,2026-10-08T16:39:53,"hmm counterpoint, we should write silently first then discuss sorry if that is obvious"
M03716,G16,studio_5,S109,2026-10-08T16:39:57,oh i'll write up part 2 what do you think
M03717,G10,studio_5,S009,2026-10-08T16:39:59,hey let's timebox this to three minutes lol
M03718,G20,studio_5,S119,2026-10-08T16:40:06,wait is that the same as what we said before what do you think
M03719,G22,studio_5,S096,2026-10-08T16:40:08,"for the doc, who gets listened to is a design question not a personality one?"
M03720,G11,studio_5,S081,2026-10-08T16:40:13,wait that is a great way to put it
M03721,G24,studio_5,S028,2026-10-08T16:40:15,wait i'm adding the doc link to the doc does that track
M03722,G11,studio_5,S105,2026-10-08T16:40:20,wait let's split this two ways right
M03723,G23,studio_5,S114,2026-10-08T16:40:26,hey fair enough
M03724,G24,studio_5,S060,2026-10-08T16:40:30,"so from the reading, our dashboard should not rank individuals in the group?"
M03725,G14,studio_5,S065,2026-10-08T16:40:32,my read is equal talk time is not equal contribution
M03726,G03,studio_5,S100,2026-10-08T16:40:41,wait is that the same as what we said before?
M03727,G06,studio_5,S116,2026-10-08T16:40:49,so so group grades hide huge variation inside the group
M03728,G09,studio_5,S077,2026-10-08T16:40:53,right i can present if nobody else wants to or am i off
M03729,G16,studio_5,S070,2026-10-08T16:40:55,yes exactly
M03730,G17,studio_5,S086,2026-10-08T16:41:12,hmm maybe our dashboard should not rank individuals in the group
M03731,G10,studio_5,S009,2026-10-08T16:41:26,hmm roles help until people stop listening outside their role or am i off
M03732,G22,studio_5,S110,2026-10-08T16:41:30,right are we answering question four or the next one?
M03733,G17,studio_5,S062,2026-10-08T16:41:40,alright who gets listened to is a design question not a personality one right
M03734,G03,studio_5,S055,2026-10-08T16:41:44,hey thanks for waiting
M03735,G11,studio_5,S092,2026-10-08T16:41:46,nice
M03736,G22,studio_5,S093,2026-10-08T16:42:00,oh that made me laugh
M03737,G23,studio_5,S114,2026-10-08T16:42:09,"wait not sure, but socially shared regulation is the term for what our group does badly"
M03738,G01,studio_5,S033,2026-10-08T16:42:17,that makes sense
M03739,G22,studio_5,S096,2026-10-08T16:42:22,wait honestly transactive means building on the previous turn not just adding what do you think
M03740,G15,studio_5,S020,2026-10-08T16:42:27,maybe we should write silently first then discuss if that works for everyone
M03741,G08,studio_5,S088,2026-10-08T16:42:30,i can present if nobody else wants to or am i off
M03742,G23,studio_5,S024,2026-10-08T16:42:30,"for the doc, roles help until people stop listening outside their role or am i off"
M03743,G20,studio_5,S119,2026-10-08T16:42:30,oh which the handout are we on?
M03744,G23,studio_5,S024,2026-10-08T16:42:32,right socially shared regulation is the term for what our group does badly?
M03745,G19,studio_5,S066,2026-10-08T16:42:47,ok i think we should write silently first then discuss sorry if that is obvious
M03746,G24,studio_5,S041,2026-10-08T16:42:47,right socially shared regulation is the term for what our group does badly what do you think
M03747,G20,studio_5,S113,2026-10-08T16:43:01,our dashboard should not rank individuals in the group if that works for everyone
M03748,G07,studio_5,S001,2026-10-08T16:43:09,"counterpoint, group grades hide huge variation inside the group"
M03749,G09,studio_5,S077,2026-10-08T16:43:19,let's each take five minutes to write first?
M03750,G05,studio_5,S118,2026-10-08T16:43:20,right is that the same as what we said before does that track
M03751,G12,studio_5,S013,2026-10-08T16:43:23,"counterpoint, we should write silently first then discuss if that works for everyone"
M03752,G21,studio_5,S098,2026-10-08T16:43:28,what does that term mean again
M03753,G24,studio_5,S060,2026-10-08T16:43:43,so someone should own part 3 does that track
M03754,G08,studio_5,S108,2026-10-08T16:43:46,"not sure, but who gets listened to is a design question not a personality one what do you think"
M03755,G15,studio_5,S006,2026-10-08T16:43:48,hey which the handout are we on lol
M03756,G07,studio_5,S010,2026-10-08T16:43:52,hmm my read is our dashboard should not rank individuals in the group
M03757,G08,studio_5,S021,2026-10-08T16:44:06,hmm which the prompt are we on
M03758,G08,studio_5,S021,2026-10-08T16:44:08,yeah i'll write up the second question or am i off
M03759,G20,studio_5,S113,2026-10-08T16:44:14,so does everyone have the transcript open?
M03760,G17,studio_5,S099,2026-10-08T16:44:16,so i think the quietest person had the key objection last week sorry if that is obvious
M03761,G22,studio_5,S096,2026-10-08T16:44:20,alright is that the same as what we said before if that works for everyone
M03762,G06,studio_5,S045,2026-10-08T16:44:26,yeah i'm convinced
M03763,G10,studio_5,S009,2026-10-08T16:44:26,i think who gets listened to is a design question not a personality one
M03764,G24,studio_5,S028,2026-10-08T16:44:33,hey sorry can you repeat that does that track
M03765,G09,studio_5,S036,2026-10-08T16:44:44,hey let's timebox this to three minutes
M03766,G01,studio_5,S056,2026-10-08T16:44:49,yeah what does that term mean again
M03767,G09,studio_5,S036,2026-10-08T16:44:50,maybe group grades hide huge variation inside the group
M03768,G21,studio_5,S094,2026-10-08T16:44:52,"alright counterpoint, transactive means building on the previous turn not just adding does that track"
M03769,G02,studio_5,S026,2026-10-08T16:44:52,"not sure, but group grades hide huge variation inside the group lol"
M03770,G11,studio_5,S046,2026-10-08T16:45:12,alright which the reading are we on
M03771,G10,studio_5,S015,2026-10-08T16:45:12,yeah so our dashboard should not rank individuals in the group right
M03772,G11,studio_5,S046,2026-10-08T16:45:13,hey sharing my screen now
M03773,G14,studio_5,S065,2026-10-08T16:45:16,hey that is a great way to put it lol
M03774,G08,studio_5,S088,2026-10-08T16:45:29,so can you say more about that lol
M03775,G02,studio_5,S120,2026-10-08T16:45:36,yeah hold on let me reread our notes does that track
M03776,G13,studio_5,S091,2026-10-08T16:45:43,ok who is taking notes today
M03777,G20,studio_5,S119,2026-10-08T16:46:01,ok i'm convinced
M03778,G17,studio_5,S099,2026-10-08T16:46:12,hi all
M03779,G15,studio_5,S020,2026-10-08T16:46:18,hey my wifi dropped sorry
M03780,G15,studio_5,S034,2026-10-08T16:46:26,yeah thanks for waiting
M03781,G22,studio_5,S110,2026-10-08T16:46:30,"hmm for the doc, roles help until people stop listening outside their role"
M03782,G14,studio_5,S031,2026-10-08T16:46:33,wait i'm adding our notes to the doc
M03783,G04,studio_5,S050,2026-10-08T16:46:50,"counterpoint, group grades hide huge variation inside the group or am i off"
M03784,G22,studio_5,S027,2026-10-08T16:46:50,hold on let me reread the prompt what do you think
M03785,G11,studio_5,S081,2026-10-08T16:47:03,alright i'm back
M03786,G19,studio_5,S018,2026-10-08T16:47:03,let's timebox this to fifteen minutes
M03787,G03,studio_5,S023,2026-10-08T16:47:04,i think transactive means building on the previous turn not just adding what do you think
M03788,G23,studio_5,S040,2026-10-08T16:47:12,so i can present if nobody else wants to or am i off
M03789,G03,studio_5,S023,2026-10-08T16:47:16,oh interesting or am i off
M03790,G03,studio_5,S100,2026-10-08T16:47:22,hmm let's timebox this to twenty minutes sorry if that is obvious
M03791,G20,studio_5,S113,2026-10-08T16:47:24,my read is roles help until people stop listening outside their role if that works for everyone
M03792,G11,studio_5,S046,2026-10-08T16:47:40,alright which the prompt are we on
M03793,G05,studio_5,S025,2026-10-08T16:47:41,hey honestly roles help until people stop listening outside their role sorry if that is obvious
M03794,G15,studio_5,S006,2026-10-08T16:47:55,i think roles help until people stop listening outside their role sorry if that is obvious
M03795,G15,studio_5,S006,2026-10-08T16:48:00,same here honestly right
M03796,G16,studio_5,S109,2026-10-08T16:48:06,"so counterpoint, socially shared regulation is the term for what our group does badly what do you think"
M03797,G12,studio_5,S084,2026-10-08T16:48:17,hey does everyone have the table open
M03798,G07,studio_5,S063,2026-10-08T16:48:20,hmm i'm not sure i follow what do you think
M03799,G16,studio_5,S070,2026-10-08T16:48:21,oh someone should own part 3
M03800,G13,studio_5,S022,2026-10-08T16:48:29,wait nice
M03801,G21,studio_5,S115,2026-10-08T16:48:30,sorry can you repeat that does that track
M03802,G02,studio_5,S019,2026-10-08T16:48:32,i lost our notes again sorry if that works for everyone
M03803,G05,studio_5,S025,2026-10-08T16:48:34,where is that in the prompt
M03804,G22,studio_5,S096,2026-10-08T16:48:36,oh hold on let me reread the doc link
M03805,G20,studio_5,S119,2026-10-08T16:48:50,right can we come back to part 1 in a sec sorry if that is obvious
M03806,G05,studio_5,S118,2026-10-08T16:48:55,wait so roles help until people stop listening outside their role sorry if that is obvious
M03807,G21,studio_5,S115,2026-10-08T16:48:55,oh i can set up the doc
M03808,G13,studio_5,S072,2026-10-08T16:48:58,i missed that last bit if that works for everyone
M03809,G06,studio_5,S053,2026-10-08T16:49:03,"yeah for the doc, group grades hide huge variation inside the group sorry if that is obvious"
M03810,G21,studio_5,S098,2026-10-08T16:49:04,alright can you say more about that what do you think
M03811,G20,studio_5,S089,2026-10-08T16:49:11,does everyone have our notes open right
M03812,G12,studio_5,S059,2026-10-08T16:49:19,hey honestly group grades hide huge variation inside the group right
M03813,G07,studio_5,S071,2026-10-08T16:49:19,alright let's each take fifteen minutes to write first sorry if that is obvious
M03814,G23,studio_5,S049,2026-10-08T16:49:24,right i'm convinced sorry if that is obvious
M03815,G20,studio_5,S112,2026-10-08T16:49:28,hmm i'll take the intro or am i off
M03816,G08,studio_5,S108,2026-10-08T16:49:37,wait maybe socially shared regulation is the term for what our group does badly lol
M03817,G23,studio_5,S106,2026-10-08T16:49:42,"not sure, but transactive means building on the previous turn not just adding right"
M03818,G24,studio_5,S060,2026-10-08T16:49:50,wait thanks for waiting
M03819,G13,studio_5,S012,2026-10-08T16:49:50,hey can you say more about that
M03820,G07,studio_5,S010,2026-10-08T16:49:51,oh i'll write up part 3
M03821,G21,studio_5,S098,2026-10-08T16:49:53,really
M03822,G05,studio_5,S025,2026-10-08T16:50:20,alright someone should own the summary
M03823,G19,studio_5,S018,2026-10-08T16:50:21,hey you two are on a roll
M03824,G01,studio_5,S033,2026-10-08T16:50:23,wait let's each take five minutes to write first
M03825,G15,studio_5,S020,2026-10-08T16:50:24,wait brb one sec
M03826,G20,studio_5,S117,2026-10-08T16:50:27,oh i can present if nobody else wants to
M03827,G22,studio_5,S093,2026-10-08T16:50:27,right we have fifteen minutes left
M03828,G04,studio_5,S050,2026-10-08T16:50:33,that makes sense
M03829,G12,studio_5,S095,2026-10-08T16:50:40,good point
M03830,G07,studio_5,S010,2026-10-08T16:50:46,sharing my screen now does that track
M03831,G12,studio_5,S084,2026-10-08T16:50:49,ok i'm following now
M03832,G24,studio_5,S048,2026-10-08T16:50:53,wait our dashboard should not rank individuals in the group right
M03833,G14,studio_5,S031,2026-10-08T16:50:54,ok moving the rubric into the doc now what do you think
M03834,G16,studio_5,S070,2026-10-08T16:51:00,wait same here honestly
M03835,G14,studio_5,S031,2026-10-08T16:51:04,so our dashboard should not rank individuals in the group?
M03836,G04,studio_5,S102,2026-10-08T16:51:04,ok love that
M03837,G22,studio_5,S093,2026-10-08T16:51:04,wait who gets listened to is a design question not a personality one?
M03838,G05,studio_5,S107,2026-10-08T16:51:13,"hmm counterpoint, the quietest person had the key objection last week right"
M03839,G21,studio_5,S111,2026-10-08T16:51:17,so group grades hide huge variation inside the group if that works for everyone
M03840,G17,studio_5,S035,2026-10-08T16:51:18,so maybe the quietest person had the key objection last week
M03841,G03,studio_5,S100,2026-10-08T16:51:18,wait i think who gets listened to is a design question not a personality one if that works for everyone
M03842,G01,studio_5,S056,2026-10-08T16:51:42,"not sure, but our dashboard should not rank individuals in the group"
M03843,G15,studio_5,S032,2026-10-08T16:51:44,hmm running two minutes late what do you think
M03844,G02,studio_5,S064,2026-10-08T16:51:46,wait can you give an example?
M03845,G06,studio_5,S011,2026-10-08T16:51:49,"ok not sure, but our dashboard should not rank individuals in the group"
M03846,G05,studio_5,S118,2026-10-08T16:51:50,oh can you say more about that or am i off
M03847,G16,studio_5,S109,2026-10-08T16:52:03,"ok for the doc, transactive means building on the previous turn not just adding right"
M03848,G05,studio_5,S043,2026-10-08T16:52:09,yeah running two minutes late
M03849,G23,studio_5,S040,2026-10-08T16:52:25,yeah oh interesting
M03850,G10,studio_5,S009,2026-10-08T16:52:28,i'm adding the reading to the doc if that works for everyone
M03851,G24,studio_5,S060,2026-10-08T16:52:31,hmm the quietest person had the key objection last week or am i off
M03852,G12,studio_5,S095,2026-10-08T16:52:31,"wait from the reading, the quietest person had the key objection last week if that works for everyone"
M03853,G24,studio_5,S048,2026-10-08T16:52:34,"ok from the reading, equal talk time is not equal contribution lol"
M03854,G23,studio_5,S114,2026-10-08T16:52:35,hmm what does that term mean again
M03855,G20,studio_5,S113,2026-10-08T16:52:38,yeah i'll write up the last section or am i off
M03856,G15,studio_5,S032,2026-10-08T16:52:43,hey can you say more about that right
M03857,G07,studio_5,S071,2026-10-08T16:52:47,"ok from the reading, socially shared regulation is the term for what our group does badly"
M03858,G04,studio_5,S090,2026-10-08T16:53:04,right does everyone have the doc link open?
M03859,G06,studio_5,S073,2026-10-08T16:53:07,"not sure, but roles help until people stop listening outside their role or am i off"
M03860,G15,studio_5,S034,2026-10-08T16:53:11,let's timebox this to five minutes if that works for everyone
M03861,G22,studio_5,S093,2026-10-08T16:53:11,so group grades hide huge variation inside the group
M03862,G08,studio_5,S021,2026-10-08T16:53:20,oh socially shared regulation is the term for what our group does badly right
M03863,G12,studio_5,S013,2026-10-08T16:53:23,hey who is taking notes today
M03864,G12,studio_5,S013,2026-10-08T16:53:23,wait oh interesting?
M03865,G16,studio_5,S007,2026-10-08T16:53:27,let's timebox this to five minutes
M03866,G19,studio_5,S003,2026-10-08T16:53:33,so does everyone have the reading open
M03867,G02,studio_5,S064,2026-10-08T16:53:37,wait my wifi dropped sorry
M03868,G14,studio_5,S031,2026-10-08T16:53:38,ok i'm back or am i off
M03869,G16,studio_5,S070,2026-10-08T16:53:47,hmm my read is the quietest person had the key objection last week does that track
M03870,G14,studio_5,S065,2026-10-08T16:53:53,moving the prompt into the doc now?
M03871,G19,studio_5,S018,2026-10-08T16:54:01,yeah i'll take the last section?
M03872,G09,studio_5,S077,2026-10-08T16:54:04,right i can set up the doc
M03873,G10,studio_5,S083,2026-10-08T16:54:14,yeah hold on let me reread the example
M03874,G01,studio_5,S038,2026-10-08T16:54:14,alright transactive means building on the previous turn not just adding
M03875,G19,studio_5,S003,2026-10-08T16:54:15,right someone should own the examples
M03876,G06,studio_5,S073,2026-10-08T16:54:30,alright group grades hide huge variation inside the group or am i off
M03877,G05,studio_5,S051,2026-10-08T16:54:52,"ok for the doc, equal talk time is not equal contribution right"
M03878,G22,studio_5,S027,2026-10-08T16:54:56,who gets listened to is a design question not a personality one
M03879,G16,studio_5,S052,2026-10-08T16:55:01,oh socially shared regulation is the term for what our group does badly what do you think
M03880,G16,studio_5,S052,2026-10-08T16:55:05,right group grades hide huge variation inside the group
M03881,G05,studio_5,S107,2026-10-08T16:55:06,can you give an example if that works for everyone
M03882,G06,studio_5,S053,2026-10-08T16:55:08,oh can you give an example?
M03883,G24,studio_5,S048,2026-10-08T16:55:14,wait maybe group grades hide huge variation inside the group
M03884,G06,studio_5,S073,2026-10-08T16:55:30,what does that term mean again
M03885,G20,studio_5,S112,2026-10-08T16:55:54,ok we have twenty minutes left sorry if that is obvious
M03886,G17,studio_5,S086,2026-10-08T16:55:56,the quietest person had the key objection last week sorry if that is obvious
M03887,G05,studio_5,S025,2026-10-08T16:56:04,so can you say more about that right
M03888,G20,studio_5,S112,2026-10-08T16:56:06,alright i'll take the counterargument sorry if that is obvious
M03889,G03,studio_5,S100,2026-10-08T16:56:09,ok honestly transactive means building on the previous turn not just adding does that track
M03890,G08,studio_5,S088,2026-10-08T16:56:09,oh i think who gets listened to is a design question not a personality one
M03891,G11,studio_5,S081,2026-10-08T16:56:09,i think who gets listened to is a design question not a personality one what do you think
M03892,G16,studio_5,S007,2026-10-08T16:56:10,oh sorry can you repeat that
M03893,G18,studio_5,S004,2026-10-08T16:56:17,ok i lost the handout again sorry right
M03894,G14,studio_5,S039,2026-10-08T16:56:21,so who is taking notes today?
M03895,G10,studio_5,S083,2026-10-08T16:56:27,"hey from the reading, who gets listened to is a design question not a personality one what do you think"
M03896,G07,studio_5,S063,2026-10-08T16:56:29,let's each take five minutes to write first does that track
M03897,G17,studio_5,S062,2026-10-08T16:56:34,who is taking notes today lol
M03898,G09,studio_5,S036,2026-10-08T16:56:36,equal talk time is not equal contribution or am i off
M03899,G16,studio_5,S052,2026-10-08T16:56:37,alright honestly our dashboard should not rank individuals in the group?
M03900,G22,studio_5,S093,2026-10-08T16:56:42,hey which our notes are we on does that track
M03901,G23,studio_5,S114,2026-10-08T16:56:46,i'm adding the reading to the doc lol
M03902,G16,studio_5,S052,2026-10-08T16:56:47,wait i can present if nobody else wants to what do you think
M03903,G16,studio_5,S070,2026-10-08T16:57:03,hey you two are on a roll or am i off
M03904,G15,studio_5,S006,2026-10-08T16:57:04,ok love that
M03905,G14,studio_5,S065,2026-10-08T16:57:08,right does everyone have the prompt open if that works for everyone
M03906,G13,studio_5,S072,2026-10-08T16:57:10,right let's split this two ways
M03907,G22,studio_5,S096,2026-10-08T16:57:17,same here honestly
M03908,G18,studio_5,S004,2026-10-08T16:57:20,oh someone should own the summary
M03909,G06,studio_5,S011,2026-10-08T16:57:22,wait honestly who gets listened to is a design question not a personality one or am i off
M03910,G15,studio_5,S032,2026-10-08T16:57:26,yeah our dashboard should not rank individuals in the group lol
M03911,G12,studio_5,S095,2026-10-08T16:57:31,oh so roles help until people stop listening outside their role if that works for everyone
M03912,G23,studio_5,S049,2026-10-08T16:57:33,roles help until people stop listening outside their role
M03913,G13,studio_5,S022,2026-10-08T16:57:42,"so for the doc, socially shared regulation is the term for what our group does badly right"
M03914,G08,studio_5,S108,2026-10-08T16:57:52,ok does everyone have the handout open
M03915,G14,studio_5,S031,2026-10-08T16:57:57,oh where is that in the transcript lol
M03916,G01,studio_5,S030,2026-10-08T16:57:57,yes exactly
M03917,G07,studio_5,S063,2026-10-08T16:58:01,"ok counterpoint, transactive means building on the previous turn not just adding if that works for everyone"
M03918,G24,studio_5,S005,2026-10-08T16:58:16,so love that
M03919,G10,studio_5,S015,2026-10-08T16:58:24,so honestly roles help until people stop listening outside their role
M03920,G20,studio_5,S112,2026-10-08T16:58:30,yeah is that the same as what we said before
M03921,G24,studio_5,S060,2026-10-08T16:58:31,wait maybe who gets listened to is a design question not a personality one
M03922,G01,studio_5,S056,2026-10-08T16:58:35,wait who wants to present back right
M03923,G21,studio_5,S094,2026-10-08T16:58:36,wait that makes sense sorry if that is obvious
M03924,G08,studio_5,S021,2026-10-08T16:58:43,right love that
M03925,G15,studio_5,S006,2026-10-08T16:58:48,yeah we have ten minutes left if that works for everyone
M03926,G17,studio_5,S035,2026-10-08T16:59:06,oh agreed sorry if that is obvious
M03927,G20,studio_5,S117,2026-10-08T16:59:08,hmm moving the rubric into the doc now
M03928,G07,studio_5,S063,2026-10-08T16:59:15,so i can present if nobody else wants to
M03929,G12,studio_5,S084,2026-10-08T16:59:27,ok let's each take four minutes to write first if that works for everyone
M03930,G12,studio_5,S057,2026-10-08T16:59:28,"wait from the reading, we should write silently first then discuss does that track"
M03931,G13,studio_5,S012,2026-10-08T16:59:38,hmm who is taking notes today what do you think
M03932,G11,studio_5,S081,2026-10-08T16:59:44,alright does everyone have our notes open
M03933,G04,studio_5,S002,2026-10-08T16:59:48,ok let's split this ten ways sorry if that is obvious
M03934,G21,studio_5,S098,2026-10-08T16:59:54,so do you mean the doc link or the other one sorry if that is obvious
M03935,G16,studio_5,S070,2026-10-08T16:59:59,hey my wifi dropped sorry
M03936,G19,studio_5,S003,2026-10-08T17:00:10,yeah my read is our dashboard should not rank individuals in the group if that works for everyone
M03937,G14,studio_5,S039,2026-10-08T17:00:13,wait is that the same as what we said before sorry if that is obvious
M03938,G18,studio_5,S069,2026-10-08T17:00:22,"so counterpoint, transactive means building on the previous turn not just adding or am i off"
M03939,G21,studio_5,S094,2026-10-08T17:00:35,alright moving our notes into the doc now?
M03940,G20,studio_5,S113,2026-10-08T17:00:44,"not sure, but group grades hide huge variation inside the group"
M03941,G01,studio_5,S056,2026-10-08T17:00:46,"ok not sure, but the quietest person had the key objection last week lol"
M03942,G02,studio_5,S019,2026-10-08T17:00:48,wait we have five minutes left if that works for everyone
M03943,G22,studio_5,S110,2026-10-08T17:00:50,hmm i'll write up part 2
M03944,G02,studio_5,S120,2026-10-08T17:00:51,"oh not sure, but our dashboard should not rank individuals in the group?"
M03945,G15,studio_5,S006,2026-10-08T17:01:10,oh i'm back
M03946,G02,studio_5,S064,2026-10-08T17:01:15,oh i'm adding the slide to the doc
M03947,G22,studio_5,S093,2026-10-08T17:01:23,"so for the doc, socially shared regulation is the term for what our group does badly what do you think"
M03948,G17,studio_5,S062,2026-10-08T17:01:31,alright yes exactly
M03949,G21,studio_5,S085,2026-10-08T17:01:34,"so not sure, but the quietest person had the key objection last week or am i off"
M03950,G13,studio_5,S091,2026-10-08T17:01:43,oh hi all
M03951,G02,studio_5,S120,2026-10-08T17:01:44,so i think the quietest person had the key objection last week lol
M03952,G10,studio_5,S009,2026-10-08T17:01:50,yeah maybe transactive means building on the previous turn not just adding if that works for everyone
M03953,G13,studio_5,S091,2026-10-08T17:01:57,maybe we should write silently first then discuss or am i off
M03954,G11,studio_5,S081,2026-10-08T17:01:57,ok i think our dashboard should not rank individuals in the group
M03955,G17,studio_5,S062,2026-10-08T17:02:07,ok so socially shared regulation is the term for what our group does badly?
M03956,G08,studio_5,S068,2026-10-08T17:02:14,"alright for the doc, group grades hide huge variation inside the group"
M03957,G01,studio_5,S056,2026-10-08T17:02:16,right agreed
M03958,G18,studio_5,S075,2026-10-08T17:02:17,hey agreed
M03959,G17,studio_5,S035,2026-10-08T17:02:21,alright i can present if nobody else wants to sorry if that is obvious
M03960,G01,studio_5,S038,2026-10-08T17:02:29,alright i can start the doc or am i off
M03961,G12,studio_5,S095,2026-10-08T17:02:33,oh that is a great way to put it
M03962,G21,studio_5,S115,2026-10-08T17:02:37,"counterpoint, who gets listened to is a design question not a personality one"
M03963,G07,studio_5,S071,2026-10-08T17:02:38,wait who gets listened to is a design question not a personality one if that works for everyone
M03964,G19,studio_5,S018,2026-10-08T17:02:41,oh i'll take the second question right
M03965,G20,studio_5,S089,2026-10-08T17:02:45,"not sure, but group grades hide huge variation inside the group"
M03966,G09,studio_5,S082,2026-10-08T17:02:46,so i'm adding the rubric to the doc right
M03967,G14,studio_5,S065,2026-10-08T17:02:47,oh can someone paste the transcript right
M03968,G17,studio_5,S062,2026-10-08T17:02:50,i'll write up the examples
M03969,G21,studio_5,S094,2026-10-08T17:02:52,so let's each take three minutes to write first or am i off
M03970,G13,studio_5,S061,2026-10-08T17:02:57,alright can we come back to the definitions in a sec sorry if that is obvious
M03971,G20,studio_5,S089,2026-10-08T17:02:58,who wants to present back
M03972,G04,studio_5,S090,2026-10-08T17:02:59,does everyone have the doc link open sorry if that is obvious
M03973,G22,studio_5,S093,2026-10-08T17:03:04,ok let's timebox this to fifteen minutes or am i off
M03974,G20,studio_5,S119,2026-10-08T17:03:04,hey let's each take two minutes to write first
M03975,G09,studio_5,S077,2026-10-08T17:03:13,oh let's each take twenty minutes to write first
M03976,G24,studio_5,S041,2026-10-08T17:03:16,alright that makes sense
M03977,G11,studio_5,S092,2026-10-08T17:03:17,yeah the quietest person had the key objection last week if that works for everyone
M03978,G16,studio_5,S070,2026-10-08T17:03:30,ok that makes sense does that track
M03979,G13,studio_5,S022,2026-10-08T17:03:31,we have twenty minutes left
M03980,G08,studio_5,S047,2026-10-08T17:03:35,hold on let me reread the doc link or am i off
M03981,G15,studio_5,S020,2026-10-08T17:03:38,can we come back to part 1 in a sec what do you think
M03982,G03,studio_5,S037,2026-10-08T17:03:42,hmm this is fun actually does that track
M03983,G13,studio_5,S022,2026-10-08T17:03:44,right i'm following now
M03984,G13,studio_5,S022,2026-10-08T17:03:49,right you two are on a roll
M03985,G03,studio_5,S079,2026-10-08T17:04:03,so our dashboard should not rank individuals in the group
M03986,G04,studio_5,S050,2026-10-08T17:04:04,i lost our notes again sorry right
M03987,G08,studio_5,S047,2026-10-08T17:04:14,wait i'm back
M03988,G12,studio_5,S013,2026-10-08T17:04:18,that makes sense
M03989,G13,studio_5,S012,2026-10-08T17:04:21,hey let's timebox this to ten minutes if that works for everyone
M03990,G04,studio_5,S090,2026-10-08T17:04:22,i think equal talk time is not equal contribution sorry if that is obvious
M03991,G08,studio_5,S047,2026-10-08T17:04:31,wait no worries
M03992,G03,studio_5,S055,2026-10-08T17:04:39,someone should own the examples if that works for everyone
M03993,G12,studio_5,S057,2026-10-08T17:04:43,"right counterpoint, group grades hide huge variation inside the group"
M03994,G23,studio_5,S024,2026-10-08T17:04:48,"wait counterpoint, equal talk time is not equal contribution or am i off"
M03995,G18,studio_5,S075,2026-10-08T17:05:07,good point does that track
M03996,G10,studio_5,S015,2026-10-08T17:05:12,that is a great way to put it
M03997,G15,studio_5,S006,2026-10-08T17:05:15,hey i'm adding the slide to the doc does that track
M03998,G03,studio_5,S037,2026-10-08T17:05:22,so can someone paste our notes lol
M03999,G06,studio_5,S045,2026-10-08T17:05:24,wait who wants to present back lol
M04000,G18,studio_5,S069,2026-10-08T17:05:29,yeah what does that term mean again
M04001,G05,studio_5,S025,2026-10-08T17:05:47,that made me laugh if that works for everyone
M04002,G13,studio_5,S012,2026-10-08T17:05:58,ok transactive means building on the previous turn not just adding what do you think
M04003,G22,studio_5,S093,2026-10-08T17:05:58,hey does everyone have the transcript open
M04004,G03,studio_5,S037,2026-10-08T17:06:01,hold on let me reread our notes
M04005,G05,studio_5,S118,2026-10-08T17:06:14,alright who is taking notes today
M04006,G13,studio_5,S072,2026-10-08T17:06:19,honestly group grades hide huge variation inside the group sorry if that is obvious
M04007,G20,studio_5,S119,2026-10-08T17:06:21,alright you two are on a roll
M04008,G24,studio_5,S005,2026-10-08T17:06:34,ok is that the same as what we said before
M04009,G16,studio_5,S007,2026-10-08T17:06:44,wait i'm not sure i follow
M04010,G13,studio_5,S022,2026-10-08T17:06:45,right sorry can you repeat that what do you think
M04011,G24,studio_5,S060,2026-10-08T17:06:48,wait equal talk time is not equal contribution right
M04012,G12,studio_5,S013,2026-10-08T17:06:51,ok who gets listened to is a design question not a personality one if that works for everyone
M04013,G15,studio_5,S006,2026-10-08T17:06:52,transactive means building on the previous turn not just adding or am i off
M04014,G09,studio_5,S077,2026-10-08T17:06:52,alright can you say more about that
M04015,G16,studio_5,S070,2026-10-08T17:06:52,alright i'm following now
M04016,G13,studio_5,S022,2026-10-08T17:07:18,"counterpoint, who gets listened to is a design question not a personality one does that track"
M04017,G13,studio_5,S012,2026-10-08T17:07:21,wait let's timebox this to five minutes
M04018,G09,studio_5,S036,2026-10-08T17:07:25,wait hold on let me reread the transcript
M04019,G23,studio_5,S049,2026-10-08T17:07:26,wait i'm adding the slide to the doc
M04020,G11,studio_5,S092,2026-10-08T17:07:38,oh good point if that works for everyone
M04021,G08,studio_5,S047,2026-10-08T17:07:43,ok hold on let me reread the transcript lol
M04022,G21,studio_5,S098,2026-10-08T17:07:43,hey so socially shared regulation is the term for what our group does badly
M04023,G23,studio_5,S040,2026-10-08T17:07:45,hmm honestly our dashboard should not rank individuals in the group does that track
M04024,G14,studio_5,S031,2026-10-08T17:07:46,yeah my wifi dropped sorry
M04025,G06,studio_5,S011,2026-10-08T17:07:50,alright sorry can you repeat that?
M04026,G07,studio_5,S071,2026-10-08T17:07:57,love that or am i off
M04027,G04,studio_5,S102,2026-10-08T17:07:59,yeah i lost the question again sorry?
M04028,G15,studio_5,S006,2026-10-08T17:08:07,yeah are we answering question two or the next one sorry if that is obvious
M04029,G05,studio_5,S025,2026-10-08T17:08:14,yeah i'll write up the examples does that track
M04030,G22,studio_5,S093,2026-10-08T17:08:15,yeah so group grades hide huge variation inside the group
M04031,G14,studio_5,S074,2026-10-08T17:08:18,right let's split this fifteen ways what do you think
M04032,G18,studio_5,S069,2026-10-08T17:08:18,"oh for the doc, our dashboard should not rank individuals in the group"
M04033,G05,studio_5,S051,2026-10-08T17:08:29,oh that makes sense or am i off
M04034,G09,studio_5,S082,2026-10-08T17:08:40,oh that makes sense
M04035,G09,studio_5,S082,2026-10-08T17:08:41,so transactive means building on the previous turn not just adding sorry if that is obvious
M04036,G05,studio_5,S051,2026-10-08T17:08:43,are we answering question four or the next one
M04037,G18,studio_5,S069,2026-10-08T17:08:46,yeah putting the table at the top of the doc if that works for everyone
M04038,G07,studio_5,S063,2026-10-08T17:08:47,right i think transactive means building on the previous turn not just adding lol
M04039,G06,studio_5,S053,2026-10-08T17:08:54,"yeah counterpoint, roles help until people stop listening outside their role"
M04040,G05,studio_5,S025,2026-10-08T17:09:01,"right counterpoint, roles help until people stop listening outside their role if that works for everyone"
M04041,G16,studio_5,S080,2026-10-08T17:09:21,can we come back to the second question in a sec does that track
M04042,G11,studio_5,S046,2026-10-08T17:09:21,so who is taking notes today what do you think
M04043,G09,studio_5,S082,2026-10-08T17:09:23,hmm can we come back to part 3 in a sec if that works for everyone
M04044,G24,studio_5,S028,2026-10-08T17:09:24,alright maybe transactive means building on the previous turn not just adding what do you think
M04045,G10,studio_5,S078,2026-10-08T17:09:28,"yeah for the doc, our dashboard should not rank individuals in the group?"
M04046,G14,studio_5,S031,2026-10-08T17:09:29,right who wants to present back or am i off
M04047,G08,studio_5,S108,2026-10-08T17:09:41,"so from the reading, transactive means building on the previous turn not just adding"
M04048,G11,studio_5,S058,2026-10-08T17:09:41,thanks for waiting right
M04049,G15,studio_5,S006,2026-10-08T17:09:49,so hold on let me reread the transcript?
M04050,G17,studio_5,S099,2026-10-08T17:09:51,so let's each take five minutes to write first what do you think
M04051,G23,studio_5,S114,2026-10-08T17:09:56,ok where is that in the rubric what do you think
M04052,G04,studio_5,S087,2026-10-08T17:10:02,so the quietest person had the key objection last week what do you think
M04053,G13,studio_5,S022,2026-10-08T17:10:13,transactive means building on the previous turn not just adding what do you think
M04054,G16,studio_5,S052,2026-10-08T17:10:17,alright sorry can you repeat that?
M04055,G20,studio_5,S112,2026-10-08T17:10:26,let's timebox this to three minutes does that track
M04056,G17,studio_5,S099,2026-10-08T17:10:39,wait what does that term mean again what do you think
M04057,G20,studio_5,S113,2026-10-08T17:10:39,right my wifi dropped sorry what do you think
M04058,G19,studio_5,S066,2026-10-08T17:11:03,alright thanks for waiting
M04059,G08,studio_5,S068,2026-10-08T17:11:04,wait i'm back
M04060,G16,studio_5,S109,2026-10-08T17:11:07,oh can we come back to part 2 in a sec what do you think
M04061,G03,studio_5,S100,2026-10-08T17:11:16,"from the reading, equal talk time is not equal contribution what do you think"
M04062,G20,studio_5,S112,2026-10-08T17:11:26,so let's timebox this to five minutes
M04063,G07,studio_5,S010,2026-10-08T17:11:34,who gets listened to is a design question not a personality one
M04064,G19,studio_5,S018,2026-10-08T17:11:42,hey group grades hide huge variation inside the group
M04065,G14,studio_5,S065,2026-10-08T17:11:57,"oh for the doc, who gets listened to is a design question not a personality one or am i off"
M04066,G24,studio_5,S005,2026-10-08T17:12:01,right love that right
M04067,G12,studio_5,S095,2026-10-08T17:12:09,right roles help until people stop listening outside their role does that track
M04068,G22,studio_5,S027,2026-10-08T17:12:15,oh i think transactive means building on the previous turn not just adding
M04069,G17,studio_5,S035,2026-10-08T17:12:16,wait are we answering question five or the next one or am i off
M04070,G15,studio_5,S032,2026-10-08T17:12:28,"not sure, but equal talk time is not equal contribution what do you think"
M04071,G14,studio_5,S039,2026-10-08T17:12:49,right honestly equal talk time is not equal contribution sorry if that is obvious
M04072,G16,studio_5,S070,2026-10-08T17:12:50,wait nice
M04073,G23,studio_5,S114,2026-10-08T17:12:59,let's each take three minutes to write first
M04074,G08,studio_5,S068,2026-10-08T17:13:04,hey hi all
M04075,G02,studio_5,S019,2026-10-08T17:13:06,right i think our dashboard should not rank individuals in the group or am i off
M04076,G10,studio_5,S078,2026-10-08T17:13:09,we have three minutes left
M04077,G11,studio_5,S058,2026-10-08T17:13:10,ok that made me laugh
M04078,G22,studio_5,S027,2026-10-08T17:13:28,"for the doc, equal talk time is not equal contribution?"
M04079,G21,studio_5,S111,2026-10-08T17:13:29,my read is socially shared regulation is the term for what our group does badly what do you think
M04080,G03,studio_5,S100,2026-10-08T17:13:40,hmm i'm back lol
M04081,G22,studio_5,S096,2026-10-08T17:13:44,ok honestly transactive means building on the previous turn not just adding or am i off
M04082,G08,studio_5,S088,2026-10-08T17:13:49,"ok counterpoint, our dashboard should not rank individuals in the group what do you think"
M04083,G10,studio_5,S009,2026-10-08T17:13:57,"so from the reading, the quietest person had the key objection last week if that works for everyone"
M04084,G15,studio_5,S014,2026-10-08T17:14:02,hey brb one sec
M04085,G05,studio_5,S025,2026-10-08T17:14:16,agreed
M04086,G04,studio_5,S102,2026-10-08T17:14:18,oh where is that in the question?
M04087,G03,studio_5,S037,2026-10-08T17:14:26,right who wants to present back
M04088,G06,studio_5,S053,2026-10-08T17:14:41,"right counterpoint, who gets listened to is a design question not a personality one"
M04089,G11,studio_5,S081,2026-10-08T17:14:43,hey this is fun actually
M04090,G22,studio_5,S097,2026-10-08T17:14:46,ok maybe socially shared regulation is the term for what our group does badly sorry if that is obvious
M04091,G14,studio_5,S074,2026-10-08T17:15:23,hey who is taking notes today if that works for everyone
M04092,G10,studio_5,S078,2026-10-08T17:15:29,oh this is fun actually what do you think
M04093,G20,studio_5,S119,2026-10-08T17:15:51,hmm socially shared regulation is the term for what our group does badly
M04094,G08,studio_5,S068,2026-10-08T17:15:54,wait moving the prompt into the doc now
M04095,G16,studio_5,S109,2026-10-08T17:15:59,hmm honestly we should write silently first then discuss
M04096,G16,studio_5,S070,2026-10-08T17:16:05,wait who is taking notes today
M04097,G10,studio_5,S009,2026-10-08T17:16:09,oh hi all does that track
M04098,G07,studio_5,S010,2026-10-08T17:16:16,alright sharing my screen now
M04099,G19,studio_5,S066,2026-10-08T17:16:16,oh i'm not sure i follow
M04100,G23,studio_5,S106,2026-10-08T17:16:16,wait that makes sense what do you think
M04101,G17,studio_5,S086,2026-10-08T17:16:17,so i missed that last bit or am i off
M04102,G20,studio_5,S113,2026-10-08T17:16:19,let's timebox this to four minutes what do you think
M04103,G09,studio_5,S082,2026-10-08T17:16:24,hey i'm not sure i follow right
M04104,G10,studio_5,S103,2026-10-08T17:16:25,so maybe transactive means building on the previous turn not just adding
M04105,G21,studio_5,S085,2026-10-08T17:16:33,oh running two minutes late does that track
M04106,G17,studio_5,S016,2026-10-08T17:16:41,yeah my wifi dropped sorry
M04107,G03,studio_5,S055,2026-10-08T17:16:53,so my read is our dashboard should not rank individuals in the group
M04108,G10,studio_5,S083,2026-10-08T17:16:53,so sharing my screen now what do you think
M04109,G10,studio_5,S078,2026-10-08T17:16:54,someone should own part 2 if that works for everyone
M04110,G22,studio_5,S096,2026-10-08T17:16:55,wait should we outline first
M04111,G23,studio_5,S106,2026-10-08T17:17:10,are we answering question three or the next one lol
M04112,G10,studio_5,S015,2026-10-08T17:17:19,oh socially shared regulation is the term for what our group does badly
M04113,G21,studio_5,S094,2026-10-08T17:17:21,"hmm for the doc, transactive means building on the previous turn not just adding lol"
M04114,G23,studio_5,S040,2026-10-08T17:17:21,maybe our dashboard should not rank individuals in the group?
M04115,G18,studio_5,S004,2026-10-08T17:17:34,yeah let's split this fifteen ways or am i off
M04116,G20,studio_5,S089,2026-10-08T17:17:36,alright someone should own the definitions
M04117,G11,studio_5,S058,2026-10-08T17:17:47,"for the doc, equal talk time is not equal contribution"
M04118,G06,studio_5,S116,2026-10-08T17:17:58,oh honestly who gets listened to is a design question not a personality one if that works for everyone
M04119,G23,studio_5,S114,2026-10-08T17:18:03,our dashboard should not rank individuals in the group lol
M04120,G15,studio_5,S032,2026-10-08T17:18:13,the quietest person had the key objection last week lol
M04121,G13,studio_5,S012,2026-10-08T17:18:18,where is that in the prompt
M04122,G24,studio_5,S048,2026-10-08T17:18:23,hmm putting the slide at the top of the doc what do you think
M04123,G16,studio_5,S007,2026-10-08T17:18:24,should we outline first what do you think
M04124,G09,studio_5,S082,2026-10-08T17:18:25,yeah i think equal talk time is not equal contribution does that track
M04125,G01,studio_5,S030,2026-10-08T17:18:27,hi all
M04126,G24,studio_5,S060,2026-10-08T17:18:36,yeah fair enough
M04127,G07,studio_5,S010,2026-10-08T17:19:01,oh group grades hide huge variation inside the group right
M04128,G02,studio_5,S064,2026-10-08T17:19:09,"alright for the doc, the quietest person had the key objection last week lol"
M04129,G21,studio_5,S098,2026-10-08T17:19:11,"ok from the reading, we should write silently first then discuss what do you think"
M04130,G04,studio_5,S050,2026-10-08T17:19:14,right this is fun actually
M04131,G21,studio_5,S098,2026-10-08T17:19:23,so agreed
M04132,G23,studio_5,S024,2026-10-08T17:19:34,oh who is taking notes today sorry if that is obvious
M04133,G10,studio_5,S083,2026-10-08T17:19:39,"yeah counterpoint, group grades hide huge variation inside the group"
M04134,G03,studio_5,S100,2026-10-08T17:19:41,oh that makes sense
M04135,G08,studio_5,S068,2026-10-08T17:19:43,equal talk time is not equal contribution what do you think
M04136,G17,studio_5,S099,2026-10-08T17:19:45,oh can someone paste the rubric does that track
M04137,G10,studio_5,S009,2026-10-08T17:19:45,transactive means building on the previous turn not just adding lol
M04138,G18,studio_5,S004,2026-10-08T17:19:55,oh putting the slide at the top of the doc
M04139,G14,studio_5,S039,2026-10-08T17:19:55,ok are we answering question twenty or the next one or am i off
M04140,G10,studio_5,S009,2026-10-08T17:19:58,ok i'm not sure i follow what do you think
M04141,G14,studio_5,S039,2026-10-08T17:20:20,so let's split this fifteen ways or am i off
M04142,G05,studio_5,S118,2026-10-08T17:20:26,oh can we come back to the wrap up in a sec
M04143,G15,studio_5,S006,2026-10-08T17:20:30,wait honestly roles help until people stop listening outside their role
M04144,G18,studio_5,S004,2026-10-08T17:20:32,alright so group grades hide huge variation inside the group or am i off
M04145,G09,studio_5,S082,2026-10-08T17:20:38,ok can you say more about that
M04146,G17,studio_5,S035,2026-10-08T17:20:41,"so for the doc, we should write silently first then discuss does that track"
M04147,G23,studio_5,S114,2026-10-08T17:20:43,hmm hi all
M04148,G22,studio_5,S097,2026-10-08T17:20:45,hmm what does that term mean again what do you think
M04149,G19,studio_5,S066,2026-10-08T17:20:46,transactive means building on the previous turn not just adding if that works for everyone
M04150,G04,studio_5,S050,2026-10-08T17:20:46,that is a great way to put it
M04151,G19,studio_5,S066,2026-10-08T17:20:47,oh someone should own the counterargument sorry if that is obvious
M04152,G11,studio_5,S092,2026-10-08T17:20:54,so who gets listened to is a design question not a personality one what do you think
M04153,G05,studio_5,S118,2026-10-08T17:20:57,hey does everyone have the handout open sorry if that is obvious
M04154,G13,studio_5,S022,2026-10-08T17:21:15,hey i can present if nobody else wants to right
M04155,G02,studio_5,S019,2026-10-08T17:21:16,alright i'm not sure i follow what do you think
M04156,G12,studio_5,S013,2026-10-08T17:21:23,oh i'm back
M04157,G02,studio_5,S064,2026-10-08T17:21:30,right maybe transactive means building on the previous turn not just adding
M04158,G08,studio_5,S108,2026-10-08T17:21:32,wait no worries
M04159,G23,studio_5,S106,2026-10-08T17:21:43,who is taking notes today right
M04160,G15,studio_5,S020,2026-10-08T17:21:50,oh i can start the doc
M04161,G08,studio_5,S068,2026-10-08T17:22:07,ok who is taking notes today lol
M04162,G24,studio_5,S060,2026-10-08T17:22:14,ok honestly we should write silently first then discuss?
M04163,G23,studio_5,S114,2026-10-08T17:22:16,"alright counterpoint, transactive means building on the previous turn not just adding?"
M04164,G17,studio_5,S062,2026-10-08T17:22:40,i'll take the wrap up does that track
M04165,G11,studio_5,S105,2026-10-08T17:22:57,wait that made me laugh
M04166,G02,studio_5,S120,2026-10-08T17:23:12,"counterpoint, the quietest person had the key objection last week does that track"
M04167,G04,studio_5,S050,2026-10-08T17:23:25,yeah does everyone have the example open
M04168,G16,studio_5,S109,2026-10-08T17:23:35,hmm so our dashboard should not rank individuals in the group?
M04169,G04,studio_5,S102,2026-10-08T17:23:40,right my read is socially shared regulation is the term for what our group does badly does that track
M04170,G11,studio_5,S058,2026-10-08T17:23:43,hey let's timebox this to twenty minutes
M04171,G18,studio_5,S069,2026-10-08T17:24:01,yeah i'm convinced
M04172,G17,studio_5,S099,2026-10-08T17:24:08,wait agreed
M04173,G16,studio_5,S007,2026-10-08T17:24:10,hey i think the quietest person had the key objection last week right
M04174,G09,studio_5,S077,2026-10-08T17:24:16,ok can you say more about that does that track
M04175,G06,studio_5,S011,2026-10-08T17:24:34,hmm putting the doc link at the top of the doc right
M04176,G22,studio_5,S093,2026-10-08T17:24:35,maybe socially shared regulation is the term for what our group does badly right
M04177,G08,studio_5,S068,2026-10-08T17:24:44,alright my read is socially shared regulation is the term for what our group does badly what do you think
M04178,G11,studio_5,S081,2026-10-08T17:24:52,wait who wants to present back or am i off
M04179,G03,studio_5,S079,2026-10-08T17:24:54,yeah that made me laugh does that track
M04180,G20,studio_5,S113,2026-10-08T17:24:56,alright let's split this ten ways?
M04181,G20,studio_5,S119,2026-10-08T17:24:58,can you say more about that what do you think
M04182,G15,studio_5,S006,2026-10-08T17:25:04,wait let's timebox this to five minutes
M04183,G04,studio_5,S002,2026-10-08T17:25:09,hey group grades hide huge variation inside the group what do you think
M04184,G05,studio_5,S025,2026-10-08T17:25:11,ok that is a great way to put it
M04185,G24,studio_5,S048,2026-10-08T17:25:24,hmm transactive means building on the previous turn not just adding
M04186,G11,studio_5,S092,2026-10-08T17:25:28,which the transcript are we on right
M04187,G24,studio_5,S060,2026-10-08T17:25:30,hmm good point
M04188,G20,studio_5,S119,2026-10-08T17:25:35,right let's split this five ways what do you think
M04189,G20,studio_5,S113,2026-10-08T17:25:37,yeah maybe our dashboard should not rank individuals in the group
M04190,G02,studio_5,S120,2026-10-08T17:25:40,hmm i lost our notes again sorry?
M04191,G05,studio_5,S025,2026-10-08T17:25:47,right hi all
M04192,G20,studio_5,S119,2026-10-08T17:25:48,fair enough lol
M04193,G04,studio_5,S090,2026-10-08T17:25:48,hey our dashboard should not rank individuals in the group?
M04194,G24,studio_5,S041,2026-10-08T17:25:50,right sorry can you repeat that?
M04195,G22,studio_5,S093,2026-10-08T17:25:51,my read is who gets listened to is a design question not a personality one right
M04196,G08,studio_5,S047,2026-10-08T17:26:00,so so we should write silently first then discuss does that track
M04197,G05,studio_5,S118,2026-10-08T17:26:07,hmm oh interesting
M04198,G07,studio_5,S071,2026-10-08T17:26:12,oh which the example are we on or am i off
M04199,G11,studio_5,S046,2026-10-08T17:26:13,so someone should own part 1
M04200,G20,studio_5,S112,2026-10-08T17:26:14,alright i'm following now right
M04201,G13,studio_5,S022,2026-10-08T17:26:16,yeah nice
M04202,G21,studio_5,S098,2026-10-08T17:26:19,wait which the example are we on
M04203,G24,studio_5,S005,2026-10-08T17:26:21,can we come back to the second question in a sec if that works for everyone
M04204,G13,studio_5,S061,2026-10-08T17:26:24,"counterpoint, equal talk time is not equal contribution"
M04205,G01,studio_5,S038,2026-10-08T17:26:28,"alright counterpoint, roles help until people stop listening outside their role"
M04206,G15,studio_5,S032,2026-10-08T17:26:34,hey does everyone have the example open or am i off
M04207,G04,studio_5,S090,2026-10-08T17:26:34,alright we have four minutes left
M04208,G17,studio_5,S062,2026-10-08T17:27:01,so transactive means building on the previous turn not just adding sorry if that is obvious
M04209,G23,studio_5,S049,2026-10-08T17:27:19,alright maybe roles help until people stop listening outside their role
M04210,G05,studio_5,S118,2026-10-08T17:27:20,yeah agreed lol
M04211,G24,studio_5,S041,2026-10-08T17:27:34,"alright counterpoint, transactive means building on the previous turn not just adding"
M04212,G01,studio_5,S033,2026-10-08T17:27:42,wait oh interesting
M04213,G21,studio_5,S111,2026-10-08T17:27:46,yeah love that
M04214,G12,studio_6,S095,2026-10-15T16:01:04,wait i lost the question again sorry
M04215,G07,studio_6,S010,2026-10-15T16:01:21,alright brb one sec what do you think
M04216,G07,studio_6,S010,2026-10-15T16:01:28,alright do you mean the rubric or the other one lol
M04217,G08,studio_6,S068,2026-10-15T16:01:32,"ok counterpoint, the margin questions became my whole study guide does that track"
M04218,G04,studio_6,S002,2026-10-15T16:01:32,alright so the encoding benefit happens while you write?
M04219,G23,studio_6,S114,2026-10-15T16:01:39,maybe selectivity while listening is the actual skill or am i off
M04220,G18,studio_6,S054,2026-10-15T16:01:44,really
M04221,G16,studio_6,S070,2026-10-15T16:01:50,ok let's split this four ways if that works for everyone
M04222,G08,studio_6,S108,2026-10-15T16:01:50,"ok not sure, but the concept map showed two ideas i had kept separate lol"
M04223,G24,studio_6,S005,2026-10-15T16:01:52,oh sharing my screen now
M04224,G15,studio_6,S006,2026-10-15T16:01:54,my read is the encoding benefit happens while you write what do you think
M04225,G20,studio_6,S119,2026-10-15T16:02:04,yeah what does that term mean again lol
M04226,G16,studio_6,S080,2026-10-15T16:02:19,ok same here honestly
M04227,G02,studio_6,S026,2026-10-15T16:02:23,yeah this is fun actually does that track
M04228,G06,studio_6,S073,2026-10-15T16:02:38,wait my read is the concept map showed two ideas i had kept separate sorry if that is obvious
M04229,G15,studio_6,S034,2026-10-15T16:02:46,right one page per lecture forced me to choose if that works for everyone
M04230,G15,studio_6,S006,2026-10-15T16:03:10,wait so we should recommend a revision pass not just a format if that works for everyone
M04231,G22,studio_6,S027,2026-10-15T16:03:10,nice
M04232,G18,studio_6,S069,2026-10-15T16:03:23,"counterpoint, we should ask what the notes are for before we recommend a format does that track"
M04233,G09,studio_6,S029,2026-10-15T16:03:29,yeah hold on let me reread the reading
M04234,G10,studio_6,S009,2026-10-15T16:03:32,ok one page per lecture forced me to choose if that works for everyone
M04235,G04,studio_6,S090,2026-10-15T16:03:34,hmm brb one sec
M04236,G10,studio_6,S015,2026-10-15T16:03:41,right running two minutes late
M04237,G24,studio_6,S048,2026-10-15T16:03:44,my read is selectivity while listening is the actual skill does that track
M04238,G15,studio_6,S032,2026-10-15T16:03:50,right who wants to present back sorry if that is obvious
M04239,G14,studio_6,S065,2026-10-15T16:03:54,should we outline first if that works for everyone
M04240,G02,studio_6,S064,2026-10-15T16:04:08,alright fair enough
M04241,G21,studio_6,S098,2026-10-15T16:04:11,oh i lost the question again sorry or am i off
M04242,G15,studio_6,S014,2026-10-15T16:04:14,oh what does that term mean again
M04243,G23,studio_6,S040,2026-10-15T16:04:27,yeah thanks for waiting?
M04244,G15,studio_6,S032,2026-10-15T16:04:37,i'm back
M04245,G06,studio_6,S053,2026-10-15T16:04:38,alright someone should own part 1 does that track
M04246,G05,studio_6,S118,2026-10-15T16:04:39,wait we should ask what the notes are for before we recommend a format does that track
M04247,G10,studio_6,S103,2026-10-15T16:04:41,alright let's split this ten ways?
M04248,G22,studio_6,S110,2026-10-15T16:04:50,this is fun actually
M04249,G14,studio_6,S074,2026-10-15T16:04:51,i'm not sure i follow does that track
M04250,G18,studio_6,S075,2026-10-15T16:05:09,so yes exactly
M04251,G14,studio_6,S074,2026-10-15T16:05:18,"so not sure, but if slides are posted the note strategy should change if that works for everyone"
M04252,G20,studio_6,S112,2026-10-15T16:05:20,yeah running two minutes late
M04253,G10,studio_6,S103,2026-10-15T16:05:30,yeah i'll take part 3
M04254,G07,studio_6,S010,2026-10-15T16:06:05,yeah if slides are posted the note strategy should change if that works for everyone
M04255,G05,studio_6,S107,2026-10-15T16:06:06,oh selectivity while listening is the actual skill right
M04256,G19,studio_6,S042,2026-10-15T16:06:15,alright complete notes usually mean unprocessed notes what do you think
M04257,G24,studio_6,S041,2026-10-15T16:06:33,"from the reading, if slides are posted the note strategy should change"
M04258,G13,studio_6,S061,2026-10-15T16:06:38,alright agreed what do you think
M04259,G03,studio_6,S023,2026-10-15T16:06:47,yeah moving the slide into the doc now?
M04260,G13,studio_6,S022,2026-10-15T16:06:49,"from the reading, one page per lecture forced me to choose if that works for everyone"
M04261,G20,studio_6,S112,2026-10-15T16:06:50,the encoding benefit happens while you write if that works for everyone
M04262,G10,studio_6,S078,2026-10-15T16:07:07,alright can you say more about that lol
M04263,G22,studio_6,S096,2026-10-15T16:07:07,same here honestly
M04264,G19,studio_6,S066,2026-10-15T16:07:08,is that the same as what we said before
M04265,G18,studio_6,S075,2026-10-15T16:07:09,that made me laugh does that track
M04266,G09,studio_6,S077,2026-10-15T16:07:14,let's split this three ways sorry if that is obvious
M04267,G11,studio_6,S046,2026-10-15T16:07:17,yeah really
M04268,G02,studio_6,S019,2026-10-15T16:07:18,alright i'll take the second question
M04269,G20,studio_6,S113,2026-10-15T16:07:19,"right counterpoint, we should recommend a revision pass not just a format if that works for everyone"
M04270,G08,studio_6,S088,2026-10-15T16:07:25,alright so the concept map showed two ideas i had kept separate
M04271,G08,studio_6,S021,2026-10-15T16:07:45,hey maybe if slides are posted the note strategy should change if that works for everyone
M04272,G06,studio_6,S116,2026-10-15T16:07:57,so my wifi dropped sorry
M04273,G01,studio_6,S038,2026-10-15T16:08:18,oh i can set up the doc?
M04274,G20,studio_6,S089,2026-10-15T16:08:19,alright same here honestly
M04275,G20,studio_6,S117,2026-10-15T16:08:22,yeah i'll write up the second question sorry if that is obvious
M04276,G14,studio_6,S065,2026-10-15T16:08:38,nice
M04277,G17,studio_6,S016,2026-10-15T16:08:41,oh the concept map showed two ideas i had kept separate
M04278,G04,studio_6,S050,2026-10-15T16:08:42,honestly we should ask what the notes are for before we recommend a format
M04279,G22,studio_6,S027,2026-10-15T16:08:42,right yes exactly
M04280,G08,studio_6,S088,2026-10-15T16:08:48,let's timebox this to twenty minutes lol
M04281,G13,studio_6,S012,2026-10-15T16:08:54,so sorry can you repeat that sorry if that is obvious
M04282,G19,studio_6,S042,2026-10-15T16:09:01,that makes sense
M04283,G22,studio_6,S093,2026-10-15T16:09:03,oh the margin questions became my whole study guide does that track
M04284,G15,studio_6,S020,2026-10-15T16:09:17,ok i think we should ask what the notes are for before we recommend a format right
M04285,G06,studio_6,S053,2026-10-15T16:09:19,hmm running two minutes late
M04286,G13,studio_6,S022,2026-10-15T16:09:27,hmm maybe selectivity while listening is the actual skill what do you think
M04287,G24,studio_6,S041,2026-10-15T16:09:28,hey are we answering question ten or the next one
M04288,G03,studio_6,S023,2026-10-15T16:09:31,hmm same here honestly what do you think
M04289,G20,studio_6,S113,2026-10-15T16:10:04,i'm convinced
M04290,G11,studio_6,S092,2026-10-15T16:10:11,"not sure, but the encoding benefit happens while you write lol"
M04291,G07,studio_6,S010,2026-10-15T16:10:12,hmm that made me laugh
M04292,G20,studio_6,S119,2026-10-15T16:10:16,"hmm for the doc, complete notes usually mean unprocessed notes right"
M04293,G09,studio_6,S082,2026-10-15T16:10:18,let's timebox this to four minutes or am i off
M04294,G13,studio_6,S091,2026-10-15T16:10:54,yeah no worries sorry if that is obvious
M04295,G14,studio_6,S039,2026-10-15T16:11:03,right we have twenty minutes left sorry if that is obvious
M04296,G02,studio_6,S064,2026-10-15T16:11:12,"ok not sure, but one page per lecture forced me to choose what do you think"
M04297,G20,studio_6,S119,2026-10-15T16:11:14,right honestly selectivity while listening is the actual skill
M04298,G19,studio_6,S066,2026-10-15T16:11:32,hey moving the doc link into the doc now
M04299,G09,studio_6,S082,2026-10-15T16:11:45,hey honestly the concept map showed two ideas i had kept separate sorry if that is obvious
M04300,G23,studio_6,S114,2026-10-15T16:11:45,oh who wants to present back
M04301,G10,studio_6,S083,2026-10-15T16:11:51,ok let's split this four ways
M04302,G19,studio_6,S003,2026-10-15T16:11:58,let's timebox this to fifteen minutes or am i off
M04303,G14,studio_6,S074,2026-10-15T16:12:16,ok so if slides are posted the note strategy should change or am i off
M04304,G14,studio_6,S065,2026-10-15T16:12:27,"oh counterpoint, if slides are posted the note strategy should change what do you think"
M04305,G24,studio_6,S048,2026-10-15T16:12:28,where is that in the prompt sorry if that is obvious
M04306,G04,studio_6,S102,2026-10-15T16:12:28,hey i think if slides are posted the note strategy should change
M04307,G09,studio_6,S036,2026-10-15T16:12:29,yeah i'm convinced or am i off
M04308,G11,studio_6,S081,2026-10-15T16:12:35,that is a great way to put it
M04309,G10,studio_6,S009,2026-10-15T16:12:38,ok that makes sense
M04310,G13,studio_6,S091,2026-10-15T16:12:43,oh i'll take the last section does that track
M04311,G15,studio_6,S032,2026-10-15T16:12:48,so we have ten minutes left or am i off
M04312,G16,studio_6,S109,2026-10-15T16:12:49,we should ask what the notes are for before we recommend a format lol
M04313,G13,studio_6,S012,2026-10-15T16:12:58,wait i can open the doc right
M04314,G10,studio_6,S103,2026-10-15T16:13:01,ok someone should own part 3 what do you think
M04315,G10,studio_6,S103,2026-10-15T16:13:01,right i lost the example again sorry right
M04316,G07,studio_6,S010,2026-10-15T16:13:02,oh maybe the concept map showed two ideas i had kept separate does that track
M04317,G18,studio_6,S101,2026-10-15T16:13:03,yeah i'm adding the table to the doc lol
M04318,G14,studio_6,S031,2026-10-15T16:13:05,which the question are we on
M04319,G15,studio_6,S006,2026-10-15T16:13:17,so running two minutes late
M04320,G18,studio_6,S069,2026-10-15T16:13:21,wait i'm back
M04321,G08,studio_6,S108,2026-10-15T16:13:22,the encoding benefit happens while you write what do you think
M04322,G18,studio_6,S069,2026-10-15T16:13:26,yeah i'm back or am i off
M04323,G21,studio_6,S111,2026-10-15T16:13:28,yeah honestly the margin questions became my whole study guide if that works for everyone
M04324,G23,studio_6,S114,2026-10-15T16:13:30,oh can we come back to the examples in a sec what do you think
M04325,G24,studio_6,S041,2026-10-15T16:13:31,so can someone paste the doc link
M04326,G14,studio_6,S074,2026-10-15T16:13:32,we should ask what the notes are for before we recommend a format sorry if that is obvious
M04327,G10,studio_6,S009,2026-10-15T16:13:33,hmm i lost the doc link again sorry
M04328,G17,studio_6,S062,2026-10-15T16:13:34,yeah selectivity while listening is the actual skill
M04329,G22,studio_6,S027,2026-10-15T16:13:39,hmm should we outline first
M04330,G12,studio_6,S057,2026-10-15T16:13:43,wait i lost the handout again sorry
M04331,G13,studio_6,S022,2026-10-15T16:13:43,brb one sec
M04332,G23,studio_6,S024,2026-10-15T16:13:49,hey hi all
M04333,G08,studio_6,S047,2026-10-15T16:13:50,yeah let's each take three minutes to write first?
M04334,G04,studio_6,S102,2026-10-15T16:13:54,wait i'm adding the reading to the doc
M04335,G15,studio_6,S006,2026-10-15T16:13:55,maybe the encoding benefit happens while you write right
M04336,G19,studio_6,S066,2026-10-15T16:14:00,alright someone should own the summary
M04337,G05,studio_6,S043,2026-10-15T16:14:11,so complete notes usually mean unprocessed notes
M04338,G03,studio_6,S100,2026-10-15T16:14:15,ok i can present if nobody else wants to sorry if that is obvious
M04339,G16,studio_6,S007,2026-10-15T16:14:22,hmm no worries
M04340,G08,studio_6,S047,2026-10-15T16:14:37,wait one page per lecture forced me to choose if that works for everyone
M04341,G05,studio_6,S107,2026-10-15T16:14:45,ok i think one page per lecture forced me to choose
M04342,G15,studio_6,S032,2026-10-15T16:15:20,alright we should recommend a revision pass not just a format right
M04343,G13,studio_6,S012,2026-10-15T16:15:25,hey can you say more about that?
M04344,G06,studio_6,S116,2026-10-15T16:15:33,hey i can share the doc does that track
M04345,G13,studio_6,S012,2026-10-15T16:15:58,hmm is that the same as what we said before
M04346,G01,studio_6,S038,2026-10-15T16:15:58,hey the margin questions became my whole study guide sorry if that is obvious
M04347,G09,studio_6,S077,2026-10-15T16:15:59,"right for the doc, complete notes usually mean unprocessed notes?"
M04348,G16,studio_6,S070,2026-10-15T16:16:07,"alright counterpoint, the margin questions became my whole study guide"
M04349,G06,studio_6,S053,2026-10-15T16:16:13,right that is a great way to put it
M04350,G20,studio_6,S113,2026-10-15T16:16:13,yeah my read is the margin questions became my whole study guide
M04351,G05,studio_6,S025,2026-10-15T16:16:18,wait i can reorganize the doc
M04352,G23,studio_6,S114,2026-10-15T16:16:18,"hey from the reading, complete notes usually mean unprocessed notes?"
M04353,G17,studio_6,S062,2026-10-15T16:16:18,i'll take the second question sorry if that is obvious
M04354,G21,studio_6,S115,2026-10-15T16:16:18,right my read is selectivity while listening is the actual skill if that works for everyone
M04355,G19,studio_6,S066,2026-10-15T16:16:26,oh really
M04356,G06,studio_6,S053,2026-10-15T16:16:28,ok are we answering question four or the next one
M04357,G23,studio_6,S114,2026-10-15T16:16:33,alright i'm not sure i follow?
M04358,G11,studio_6,S092,2026-10-15T16:16:36,yeah i'm convinced what do you think
M04359,G14,studio_6,S039,2026-10-15T16:16:41,that is a great way to put it?
M04360,G24,studio_6,S028,2026-10-15T16:16:45,ok i think selectivity while listening is the actual skill if that works for everyone
M04361,G22,studio_6,S096,2026-10-15T16:16:48,i can clean up the doc what do you think
M04362,G19,studio_6,S042,2026-10-15T16:16:51,is that the same as what we said before what do you think
M04363,G10,studio_6,S009,2026-10-15T16:16:53,"ok counterpoint, the encoding benefit happens while you write if that works for everyone"
M04364,G12,studio_6,S059,2026-10-15T16:17:01,hmm which the example are we on does that track
M04365,G14,studio_6,S065,2026-10-15T16:17:03,hmm running two minutes late
M04366,G15,studio_6,S032,2026-10-15T16:17:06,hey running two minutes late
M04367,G02,studio_6,S026,2026-10-15T16:17:11,hmm my wifi dropped sorry
M04368,G04,studio_6,S090,2026-10-15T16:18:07,yeah that is a great way to put it
M04369,G11,studio_6,S081,2026-10-15T16:18:13,ok fair enough
M04370,G21,studio_6,S098,2026-10-15T16:18:14,love that
M04371,G13,studio_6,S072,2026-10-15T16:18:22,oh do you mean the table or the other one
M04372,G01,studio_6,S033,2026-10-15T16:18:25,oh honestly complete notes usually mean unprocessed notes or am i off
M04373,G14,studio_6,S031,2026-10-15T16:18:38,"ok for the doc, complete notes usually mean unprocessed notes?"
M04374,G07,studio_6,S063,2026-10-15T16:18:45,yeah can someone paste the example what do you think
M04375,G04,studio_6,S090,2026-10-15T16:18:56,who wants to present back does that track
M04376,G20,studio_6,S089,2026-10-15T16:19:04,hey are we answering question four or the next one does that track
M04377,G02,studio_6,S017,2026-10-15T16:19:09,"for the doc, we should ask what the notes are for before we recommend a format?"
M04378,G08,studio_6,S068,2026-10-15T16:19:11,ok someone should own the examples right
M04379,G16,studio_6,S052,2026-10-15T16:19:16,ok i can present if nobody else wants to or am i off
M04380,G10,studio_6,S083,2026-10-15T16:19:21,"oh for the doc, we should ask what the notes are for before we recommend a format does that track"
M04381,G15,studio_6,S014,2026-10-15T16:19:30,so honestly selectivity while listening is the actual skill lol
M04382,G23,studio_6,S024,2026-10-15T16:19:32,yeah let's timebox this to three minutes or am i off
M04383,G07,studio_6,S063,2026-10-15T16:19:38,ok i'm convinced right
M04384,G01,studio_6,S056,2026-10-15T16:19:39,so the encoding benefit happens while you write if that works for everyone
M04385,G21,studio_6,S115,2026-10-15T16:19:41,"hmm from the reading, selectivity while listening is the actual skill if that works for everyone"
M04386,G02,studio_6,S017,2026-10-15T16:19:43,maybe selectivity while listening is the actual skill what do you think
M04387,G14,studio_6,S039,2026-10-15T16:19:52,oh moving the transcript into the doc now?
M04388,G14,studio_6,S039,2026-10-15T16:19:59,hmm the margin questions became my whole study guide
M04389,G21,studio_6,S115,2026-10-15T16:20:00,hey maybe selectivity while listening is the actual skill or am i off
M04390,G24,studio_6,S060,2026-10-15T16:20:06,"oh from the reading, we should ask what the notes are for before we recommend a format sorry if that is obvious"
M04391,G19,studio_6,S018,2026-10-15T16:20:14,yeah that is a great way to put it
M04392,G20,studio_6,S117,2026-10-15T16:20:18,so nice
M04393,G05,studio_6,S025,2026-10-15T16:20:22,ok running two minutes late
M04394,G12,studio_6,S013,2026-10-15T16:20:33,one page per lecture forced me to choose lol
M04395,G23,studio_6,S106,2026-10-15T16:20:36,"from the reading, complete notes usually mean unprocessed notes?"
M04396,G14,studio_6,S039,2026-10-15T16:20:41,does everyone have the doc link open
M04397,G20,studio_6,S089,2026-10-15T16:20:42,oh i lost our notes again sorry
M04398,G15,studio_6,S020,2026-10-15T16:20:48,oh should we outline first
M04399,G02,studio_6,S017,2026-10-15T16:20:53,"right for the doc, selectivity while listening is the actual skill?"
M04400,G20,studio_6,S089,2026-10-15T16:20:55,alright running two minutes late
M04401,G20,studio_6,S119,2026-10-15T16:21:03,oh is that the same as what we said before right
M04402,G20,studio_6,S112,2026-10-15T16:21:09,yeah i'm convinced
M04403,G08,studio_6,S068,2026-10-15T16:21:19,so i can reorganize the doc sorry if that is obvious
M04404,G24,studio_6,S048,2026-10-15T16:21:20,yeah complete notes usually mean unprocessed notes
M04405,G20,studio_6,S113,2026-10-15T16:21:23,ok where is that in the slide
M04406,G21,studio_6,S094,2026-10-15T16:21:42,ok this is fun actually sorry if that is obvious
M04407,G15,studio_6,S014,2026-10-15T16:21:44,wait yes exactly
M04408,G16,studio_6,S070,2026-10-15T16:21:47,hi all
M04409,G14,studio_6,S039,2026-10-15T16:21:49,wait can you say more about that
M04410,G18,studio_6,S101,2026-10-15T16:21:59,alright can you give an example what do you think
M04411,G19,studio_6,S003,2026-10-15T16:22:04,wait maybe the encoding benefit happens while you write or am i off
M04412,G05,studio_6,S118,2026-10-15T16:22:08,right does everyone have the rubric open or am i off
M04413,G05,studio_6,S107,2026-10-15T16:22:25,no worries
M04414,G04,studio_6,S002,2026-10-15T16:22:25,right honestly we should recommend a revision pass not just a format right
M04415,G08,studio_6,S068,2026-10-15T16:22:31,alright i think the concept map showed two ideas i had kept separate if that works for everyone
M04416,G20,studio_6,S113,2026-10-15T16:22:33,oh who is taking notes today right
M04417,G22,studio_6,S110,2026-10-15T16:22:34,so one page per lecture forced me to choose?
M04418,G16,studio_6,S080,2026-10-15T16:22:49,yeah i'm adding the slide to the doc does that track
M04419,G11,studio_6,S092,2026-10-15T16:23:05,"alright not sure, but the concept map showed two ideas i had kept separate"
M04420,G13,studio_6,S022,2026-10-15T16:23:21,"yeah for the doc, one page per lecture forced me to choose right"
M04421,G19,studio_6,S066,2026-10-15T16:23:23,"for the doc, one page per lecture forced me to choose"
M04422,G11,studio_6,S092,2026-10-15T16:23:24,wait that makes sense
M04423,G24,studio_6,S060,2026-10-15T16:23:27,wait i missed that last bit?
M04424,G10,studio_6,S078,2026-10-15T16:23:28,oh let's timebox this to fifteen minutes
M04425,G13,studio_6,S022,2026-10-15T16:23:29,"counterpoint, selectivity while listening is the actual skill?"
M04426,G01,studio_6,S038,2026-10-15T16:23:42,ok so if slides are posted the note strategy should change
M04427,G01,studio_6,S030,2026-10-15T16:23:42,i think the margin questions became my whole study guide sorry if that is obvious
M04428,G23,studio_6,S106,2026-10-15T16:23:57,wait so we should recommend a revision pass not just a format?
M04429,G13,studio_6,S091,2026-10-15T16:23:59,alright nice sorry if that is obvious
M04430,G24,studio_6,S048,2026-10-15T16:24:09,right someone should own the counterargument
M04431,G07,studio_6,S010,2026-10-15T16:24:12,oh the margin questions became my whole study guide sorry if that is obvious
M04432,G12,studio_6,S059,2026-10-15T16:24:34,alright we should ask what the notes are for before we recommend a format sorry if that is obvious
M04433,G10,studio_6,S009,2026-10-15T16:24:37,so running two minutes late
M04434,G14,studio_6,S039,2026-10-15T16:24:42,yeah my wifi dropped sorry
M04435,G07,studio_6,S001,2026-10-15T16:24:44,hey we have twenty minutes left
M04436,G20,studio_6,S119,2026-10-15T16:24:50,hmm maybe if slides are posted the note strategy should change or am i off
M04437,G23,studio_6,S024,2026-10-15T16:24:52,so good point if that works for everyone
M04438,G20,studio_6,S112,2026-10-15T16:24:57,oh maybe the concept map showed two ideas i had kept separate right
M04439,G10,studio_6,S083,2026-10-15T16:25:00,wait i can present if nobody else wants to?
M04440,G15,studio_6,S032,2026-10-15T16:25:08,sharing my screen now
M04441,G14,studio_6,S039,2026-10-15T16:25:13,yeah i can open the doc
M04442,G03,studio_6,S100,2026-10-15T16:25:25,"oh not sure, but one page per lecture forced me to choose if that works for everyone"
M04443,G08,studio_6,S068,2026-10-15T16:25:38,so so the encoding benefit happens while you write right
M04444,G09,studio_6,S077,2026-10-15T16:26:01,"alright counterpoint, we should recommend a revision pass not just a format if that works for everyone"
M04445,G20,studio_6,S117,2026-10-15T16:26:07,honestly selectivity while listening is the actual skill?
M04446,G21,studio_6,S098,2026-10-15T16:26:09,hmm that is a great way to put it
M04447,G08,studio_6,S068,2026-10-15T16:26:35,i think the concept map showed two ideas i had kept separate right
M04448,G05,studio_6,S025,2026-10-15T16:26:36,wait can we come back to the counterargument in a sec
M04449,G11,studio_6,S046,2026-10-15T16:26:37,hey my read is selectivity while listening is the actual skill?
M04450,G03,studio_6,S037,2026-10-15T16:26:38,ok really
M04451,G23,studio_6,S114,2026-10-15T16:26:46,alright i'm adding our notes to the doc
M04452,G16,studio_6,S052,2026-10-15T16:26:49,oh so we should recommend a revision pass not just a format what do you think
M04453,G10,studio_6,S078,2026-10-15T16:26:57,wait we have fifteen minutes left or am i off
M04454,G13,studio_6,S022,2026-10-15T16:27:13,hey who wants to present back?
M04455,G02,studio_6,S017,2026-10-15T16:27:32,honestly the margin questions became my whole study guide sorry if that is obvious
M04456,G15,studio_6,S020,2026-10-15T16:27:33,right that makes sense right
M04457,G05,studio_6,S025,2026-10-15T16:27:56,is that the same as what we said before?
M04458,G19,studio_6,S018,2026-10-15T16:27:57,hey putting the table at the top of the doc sorry if that is obvious
M04459,G02,studio_6,S017,2026-10-15T16:28:02,so i'll take part 2 does that track
M04460,G03,studio_6,S023,2026-10-15T16:28:03,wait honestly one page per lecture forced me to choose does that track
M04461,G06,studio_6,S045,2026-10-15T16:28:08,"for the doc, complete notes usually mean unprocessed notes or am i off"
M04462,G04,studio_6,S102,2026-10-15T16:28:15,right thanks for waiting
M04463,G21,studio_6,S098,2026-10-15T16:28:16,right my read is complete notes usually mean unprocessed notes if that works for everyone
M04464,G23,studio_6,S106,2026-10-15T16:28:20,"from the reading, selectivity while listening is the actual skill or am i off"
M04465,G18,studio_6,S004,2026-10-15T16:28:22,wait you two are on a roll?
M04466,G20,studio_6,S113,2026-10-15T16:28:26,hmm fair enough
M04467,G23,studio_6,S106,2026-10-15T16:28:27,right my read is the encoding benefit happens while you write does that track
M04468,G02,studio_6,S017,2026-10-15T16:28:40,ok the concept map showed two ideas i had kept separate sorry if that is obvious
M04469,G04,studio_6,S050,2026-10-15T16:29:10,"alright not sure, but if slides are posted the note strategy should change"
M04470,G22,studio_6,S027,2026-10-15T16:29:11,"not sure, but the margin questions became my whole study guide"
M04471,G19,studio_6,S003,2026-10-15T16:29:15,right i think if slides are posted the note strategy should change does that track
M04472,G23,studio_6,S106,2026-10-15T16:29:29,you two are on a roll
M04473,G12,studio_6,S084,2026-10-15T16:29:31,alright who wants to present back right
M04474,G22,studio_6,S093,2026-10-15T16:29:31,hmm i'll write up the examples sorry if that is obvious
M04475,G18,studio_6,S101,2026-10-15T16:29:41,hmm can you say more about that
M04476,G13,studio_6,S072,2026-10-15T16:29:42,so selectivity while listening is the actual skill right
M04477,G07,studio_6,S044,2026-10-15T16:29:49,hmm i lost the prompt again sorry right
M04478,G11,studio_6,S081,2026-10-15T16:29:51,oh who is taking notes today
M04479,G12,studio_6,S057,2026-10-15T16:29:55,wait i think the margin questions became my whole study guide
M04480,G14,studio_6,S031,2026-10-15T16:30:04,right hi all
M04481,G16,studio_6,S080,2026-10-15T16:30:12,my wifi dropped sorry
M04482,G04,studio_6,S002,2026-10-15T16:30:15,i'm following now
M04483,G18,studio_6,S069,2026-10-15T16:30:21,alright brb one sec what do you think
M04484,G01,studio_6,S056,2026-10-15T16:30:26,so the margin questions became my whole study guide
M04485,G03,studio_6,S023,2026-10-15T16:30:41,hmm i can start the doc
M04486,G09,studio_6,S036,2026-10-15T16:30:50,right my read is we should recommend a revision pass not just a format
M04487,G13,studio_6,S061,2026-10-15T16:30:50,alright that makes sense
M04488,G23,studio_6,S024,2026-10-15T16:30:51,yeah let's timebox this to fifteen minutes what do you think
M04489,G03,studio_6,S037,2026-10-15T16:30:54,"alright counterpoint, selectivity while listening is the actual skill"
M04490,G09,studio_6,S036,2026-10-15T16:30:55,wait running two minutes late
M04491,G04,studio_6,S102,2026-10-15T16:31:13,right i'm adding the transcript to the doc
M04492,G22,studio_6,S027,2026-10-15T16:31:18,wait hi all
M04493,G21,studio_6,S115,2026-10-15T16:31:26,right i can reorganize the doc
M04494,G22,studio_6,S093,2026-10-15T16:31:39,wait hold on let me reread the handout
M04495,G03,studio_6,S037,2026-10-15T16:31:54,"wait counterpoint, we should recommend a revision pass not just a format"
M04496,G10,studio_6,S015,2026-10-15T16:31:56,should we outline first?
M04497,G03,studio_6,S023,2026-10-15T16:32:01,nice
M04498,G15,studio_6,S034,2026-10-15T16:32:01,wait i think we should recommend a revision pass not just a format
M04499,G09,studio_6,S067,2026-10-15T16:32:41,wait who wants to present back
M04500,G08,studio_6,S088,2026-10-15T16:32:44,alright so complete notes usually mean unprocessed notes right
M04501,G14,studio_6,S039,2026-10-15T16:32:55,complete notes usually mean unprocessed notes lol
M04502,G13,studio_6,S022,2026-10-15T16:32:57,alright are we answering question fifteen or the next one lol
M04503,G11,studio_6,S081,2026-10-15T16:32:57,"hmm counterpoint, the concept map showed two ideas i had kept separate"
M04504,G09,studio_6,S082,2026-10-15T16:33:02,hey no worries
M04505,G09,studio_6,S082,2026-10-15T16:33:06,alright maybe we should recommend a revision pass not just a format
M04506,G05,studio_6,S025,2026-10-15T16:33:06,hold on let me reread the prompt sorry if that is obvious
M04507,G10,studio_6,S009,2026-10-15T16:33:12,oh i'm not sure i follow does that track
M04508,G05,studio_6,S118,2026-10-15T16:33:17,no worries lol
M04509,G20,studio_6,S119,2026-10-15T16:33:18,honestly we should ask what the notes are for before we recommend a format
M04510,G15,studio_6,S034,2026-10-15T16:33:23,"right not sure, but the concept map showed two ideas i had kept separate or am i off"
M04511,G08,studio_6,S021,2026-10-15T16:33:24,wait agreed
M04512,G12,studio_6,S059,2026-10-15T16:33:25,wait i can present if nobody else wants to
M04513,G16,studio_6,S070,2026-10-15T16:33:31,"from the reading, we should ask what the notes are for before we recommend a format"
M04514,G07,studio_6,S001,2026-10-15T16:33:36,yeah do you mean the prompt or the other one or am i off
M04515,G14,studio_6,S074,2026-10-15T16:33:47,oh oh interesting
M04516,G18,studio_6,S075,2026-10-15T16:33:54,i can clean up the doc
M04517,G24,studio_6,S028,2026-10-15T16:34:24,"right for the doc, the concept map showed two ideas i had kept separate does that track"
M04518,G15,studio_6,S006,2026-10-15T16:34:28,alright i'm adding the question to the doc right
M04519,G17,studio_6,S099,2026-10-15T16:34:36,ok i can present if nobody else wants to lol
M04520,G05,studio_6,S051,2026-10-15T16:34:38,sharing my screen now
M04521,G09,studio_6,S029,2026-10-15T16:35:00,can you give an example right
M04522,G16,studio_6,S052,2026-10-15T16:35:03,let's split this twenty ways what do you think
M04523,G05,studio_6,S051,2026-10-15T16:35:04,ok the encoding benefit happens while you write if that works for everyone
M04524,G16,studio_6,S052,2026-10-15T16:35:05,"alright from the reading, the margin questions became my whole study guide right"
M04525,G18,studio_6,S069,2026-10-15T16:35:12,yeah i missed that last bit
M04526,G16,studio_6,S070,2026-10-15T16:35:17,hey i missed that last bit lol
M04527,G01,studio_6,S038,2026-10-15T16:35:17,yeah hold on let me reread the reading if that works for everyone
M04528,G20,studio_6,S112,2026-10-15T16:35:30,we should ask what the notes are for before we recommend a format what do you think
M04529,G21,studio_6,S111,2026-10-15T16:35:33,so where is that in the reading what do you think
M04530,G08,studio_6,S047,2026-10-15T16:35:36,hey are we answering question four or the next one what do you think
M04531,G16,studio_6,S007,2026-10-15T16:35:41,"from the reading, if slides are posted the note strategy should change"
M04532,G11,studio_6,S046,2026-10-15T16:35:44,alright i can clean up the doc lol
M04533,G03,studio_6,S100,2026-10-15T16:35:53,"ok for the doc, selectivity while listening is the actual skill"
M04534,G06,studio_6,S073,2026-10-15T16:36:11,yeah do you mean the rubric or the other one what do you think
M04535,G01,studio_6,S033,2026-10-15T16:36:12,"from the reading, one page per lecture forced me to choose"
M04536,G08,studio_6,S047,2026-10-15T16:36:21,oh that makes sense
M04537,G18,studio_6,S101,2026-10-15T16:36:24,oh which our notes are we on
M04538,G14,studio_6,S074,2026-10-15T16:36:24,my wifi dropped sorry
M04539,G20,studio_6,S119,2026-10-15T16:36:25,so oh interesting lol
M04540,G04,studio_6,S090,2026-10-15T16:36:27,hey i'll write up the summary or am i off
M04541,G04,studio_6,S002,2026-10-15T16:36:35,so that is a great way to put it
M04542,G22,studio_6,S093,2026-10-15T16:36:40,"ok for the doc, if slides are posted the note strategy should change"
M04543,G13,studio_6,S022,2026-10-15T16:36:49,yeah i'll take the summary lol
M04544,G17,studio_6,S035,2026-10-15T16:36:54,putting the table at the top of the doc does that track
M04545,G17,studio_6,S016,2026-10-15T16:37:06,hmm where is that in our notes
M04546,G03,studio_6,S037,2026-10-15T16:37:15,ok is that the same as what we said before sorry if that is obvious
M04547,G01,studio_6,S030,2026-10-15T16:37:36,let's timebox this to five minutes
M04548,G08,studio_6,S108,2026-10-15T16:37:37,ok maybe we should ask what the notes are for before we recommend a format lol
M04549,G12,studio_6,S059,2026-10-15T16:37:37,so honestly selectivity while listening is the actual skill lol
M04550,G04,studio_6,S050,2026-10-15T16:37:48,"for the doc, the margin questions became my whole study guide?"
M04551,G01,studio_6,S033,2026-10-15T16:37:49,yeah do you mean the table or the other one or am i off
M04552,G24,studio_6,S060,2026-10-15T16:37:56,alright let's each take two minutes to write first
M04553,G16,studio_6,S052,2026-10-15T16:37:58,right are we answering question fifteen or the next one lol
M04554,G16,studio_6,S007,2026-10-15T16:38:06,someone should own part 1 sorry if that is obvious
M04555,G03,studio_6,S037,2026-10-15T16:38:08,hey i lost the handout again sorry lol
M04556,G24,studio_6,S041,2026-10-15T16:38:08,really
M04557,G01,studio_6,S038,2026-10-15T16:38:16,wait can you give an example what do you think
M04558,G08,studio_6,S108,2026-10-15T16:38:18,let's each take three minutes to write first right
M04559,G10,studio_6,S009,2026-10-15T16:38:19,so the encoding benefit happens while you write does that track
M04560,G24,studio_6,S028,2026-10-15T16:38:22,oh i think one page per lecture forced me to choose does that track
M04561,G09,studio_6,S036,2026-10-15T16:38:49,oh selectivity while listening is the actual skill lol
M04562,G09,studio_6,S036,2026-10-15T16:38:53,i can clean up the doc
M04563,G14,studio_6,S039,2026-10-15T16:38:55,hey that makes sense what do you think
M04564,G01,studio_6,S038,2026-10-15T16:39:01,so one page per lecture forced me to choose or am i off
M04565,G16,studio_6,S052,2026-10-15T16:39:32,wait can we come back to the second question in a sec right
M04566,G05,studio_6,S107,2026-10-15T16:39:35,wait someone should own part 1 or am i off
M04567,G18,studio_6,S069,2026-10-15T16:39:37,hmm my read is selectivity while listening is the actual skill?
M04568,G11,studio_6,S081,2026-10-15T16:39:44,"yeah not sure, but if slides are posted the note strategy should change or am i off"
M04569,G11,studio_6,S046,2026-10-15T16:39:45,so one page per lecture forced me to choose?
M04570,G14,studio_6,S039,2026-10-15T16:39:51,so where is that in the slide
M04571,G16,studio_6,S080,2026-10-15T16:39:52,i can set up the doc what do you think
M04572,G06,studio_6,S116,2026-10-15T16:39:54,"yeah counterpoint, we should recommend a revision pass not just a format lol"
M04573,G08,studio_6,S047,2026-10-15T16:40:07,oh sharing my screen now what do you think
M04574,G04,studio_6,S050,2026-10-15T16:40:11,ok i think complete notes usually mean unprocessed notes right
M04575,G21,studio_6,S115,2026-10-15T16:40:17,oh i think selectivity while listening is the actual skill
M04576,G14,studio_6,S031,2026-10-15T16:40:29,so we should recommend a revision pass not just a format or am i off
M04577,G15,studio_6,S020,2026-10-15T16:40:57,i think the concept map showed two ideas i had kept separate sorry if that is obvious
M04578,G04,studio_6,S090,2026-10-15T16:41:01,ok i think selectivity while listening is the actual skill sorry if that is obvious
M04579,G22,studio_6,S093,2026-10-15T16:41:28,"yeah not sure, but one page per lecture forced me to choose right"
M04580,G18,studio_6,S101,2026-10-15T16:41:36,yeah thanks for waiting what do you think
M04581,G18,studio_6,S075,2026-10-15T16:41:47,wait someone should own the second question lol
M04582,G23,studio_6,S040,2026-10-15T16:41:54,wait i missed that last bit?
M04583,G19,studio_6,S018,2026-10-15T16:42:02,hmm who is taking notes today lol
M04584,G08,studio_6,S068,2026-10-15T16:42:08,hmm i'm adding the reading to the doc or am i off
M04585,G22,studio_6,S093,2026-10-15T16:42:20,ok love that
M04586,G22,studio_6,S027,2026-10-15T16:42:40,hey i think the encoding benefit happens while you write right
M04587,G09,studio_6,S029,2026-10-15T16:42:45,hmm maybe we should recommend a revision pass not just a format
M04588,G16,studio_6,S052,2026-10-15T16:42:54,oh interesting
M04589,G06,studio_6,S073,2026-10-15T16:42:56,so running two minutes late
M04590,G16,studio_6,S052,2026-10-15T16:42:57,wait are we answering question five or the next one
M04591,G01,studio_6,S038,2026-10-15T16:43:04,"so from the reading, one page per lecture forced me to choose does that track"
M04592,G14,studio_6,S039,2026-10-15T16:43:08,"oh not sure, but the concept map showed two ideas i had kept separate does that track"
M04593,G14,studio_6,S039,2026-10-15T16:43:39,maybe we should ask what the notes are for before we recommend a format
M04594,G17,studio_6,S086,2026-10-15T16:43:48,alright complete notes usually mean unprocessed notes
M04595,G01,studio_6,S033,2026-10-15T16:43:52,my read is the encoding benefit happens while you write right
M04596,G04,studio_6,S090,2026-10-15T16:43:53,hey moving the reading into the doc now
M04597,G24,studio_6,S028,2026-10-15T16:43:58,i'm convinced
M04598,G15,studio_6,S032,2026-10-15T16:44:15,who is taking notes today does that track
M04599,G06,studio_6,S053,2026-10-15T16:44:19,wait where is that in the slide
M04600,G01,studio_6,S038,2026-10-15T16:44:29,ok can you give an example does that track
M04601,G15,studio_6,S006,2026-10-15T16:44:35,so i lost the prompt again sorry
M04602,G19,studio_6,S003,2026-10-15T16:44:45,"yeah from the reading, we should ask what the notes are for before we recommend a format what do you think"
M04603,G24,studio_6,S060,2026-10-15T16:44:46,wait we should ask what the notes are for before we recommend a format
M04604,G24,studio_6,S048,2026-10-15T16:44:56,hey can someone paste the rubric
M04605,G15,studio_6,S006,2026-10-15T16:45:05,hey honestly one page per lecture forced me to choose right
M04606,G21,studio_6,S111,2026-10-15T16:45:07,so who is taking notes today
M04607,G18,studio_6,S075,2026-10-15T16:45:08,hmm i can present if nobody else wants to
M04608,G10,studio_6,S078,2026-10-15T16:45:13,right let's split this fifteen ways
M04609,G09,studio_6,S036,2026-10-15T16:45:15,"oh for the doc, we should ask what the notes are for before we recommend a format sorry if that is obvious"
M04610,G23,studio_6,S024,2026-10-15T16:45:15,oh i think one page per lecture forced me to choose what do you think
M04611,G04,studio_6,S090,2026-10-15T16:45:27,wait one page per lecture forced me to choose lol
M04612,G15,studio_6,S006,2026-10-15T16:45:32,right i can start the doc or am i off
M04613,G03,studio_6,S079,2026-10-15T16:45:45,so maybe selectivity while listening is the actual skill
M04614,G09,studio_6,S077,2026-10-15T16:45:45,right someone should own part 3 lol
M04615,G21,studio_6,S115,2026-10-15T16:46:00,i lost the doc link again sorry right
M04616,G10,studio_6,S083,2026-10-15T16:46:04,so i'll take the counterargument sorry if that is obvious
M04617,G03,studio_6,S079,2026-10-15T16:46:05,"ok not sure, but the encoding benefit happens while you write does that track"
M04618,G11,studio_6,S092,2026-10-15T16:46:13,wait are we answering question two or the next one sorry if that is obvious
M04619,G15,studio_6,S006,2026-10-15T16:46:19,"hmm not sure, but selectivity while listening is the actual skill if that works for everyone"
M04620,G07,studio_6,S044,2026-10-15T16:46:25,ok someone should own the intro or am i off
M04621,G23,studio_6,S024,2026-10-15T16:46:25,"hmm counterpoint, selectivity while listening is the actual skill"
M04622,G22,studio_6,S096,2026-10-15T16:46:28,one page per lecture forced me to choose what do you think
M04623,G03,studio_6,S100,2026-10-15T16:46:30,can someone paste the table lol
M04624,G08,studio_6,S021,2026-10-15T16:46:47,yeah love that right
M04625,G16,studio_6,S007,2026-10-15T16:46:53,can you say more about that
M04626,G23,studio_6,S040,2026-10-15T16:47:01,hey yes exactly
M04627,G03,studio_6,S037,2026-10-15T16:47:01,so the margin questions became my whole study guide
M04628,G09,studio_6,S036,2026-10-15T16:47:12,hey i'll take the counterargument does that track
M04629,G14,studio_6,S074,2026-10-15T16:47:29,"from the reading, we should ask what the notes are for before we recommend a format"
M04630,G10,studio_6,S009,2026-10-15T16:47:42,i think we should recommend a revision pass not just a format if that works for everyone
M04631,G10,studio_6,S078,2026-10-15T16:47:42,wait if slides are posted the note strategy should change
M04632,G23,studio_6,S040,2026-10-15T16:47:51,yeah i lost the example again sorry
M04633,G09,studio_6,S082,2026-10-15T16:47:55,yeah maybe complete notes usually mean unprocessed notes sorry if that is obvious
M04634,G08,studio_6,S108,2026-10-15T16:47:57,yeah let's each take four minutes to write first sorry if that is obvious
M04635,G19,studio_6,S066,2026-10-15T16:48:17,ok so one page per lecture forced me to choose
M04636,G08,studio_6,S068,2026-10-15T16:48:38,alright yes exactly
M04637,G05,studio_6,S118,2026-10-15T16:48:47,hey complete notes usually mean unprocessed notes what do you think
M04638,G20,studio_6,S117,2026-10-15T16:48:49,yeah we should ask what the notes are for before we recommend a format
M04639,G16,studio_6,S070,2026-10-15T16:48:50,hmm maybe we should ask what the notes are for before we recommend a format
M04640,G14,studio_6,S031,2026-10-15T16:48:53,my wifi dropped sorry lol
M04641,G14,studio_6,S039,2026-10-15T16:49:12,"oh from the reading, one page per lecture forced me to choose?"
M04642,G09,studio_6,S082,2026-10-15T16:49:20,maybe complete notes usually mean unprocessed notes or am i off
M04643,G12,studio_6,S013,2026-10-15T16:49:21,right we should recommend a revision pass not just a format
M04644,G21,studio_6,S094,2026-10-15T16:49:27,wait honestly we should ask what the notes are for before we recommend a format?
M04645,G02,studio_6,S019,2026-10-15T16:49:35,i missed that last bit right
M04646,G09,studio_6,S067,2026-10-15T16:49:35,oh i'm following now
M04647,G01,studio_6,S056,2026-10-15T16:49:44,hmm i lost the question again sorry
M04648,G19,studio_6,S042,2026-10-15T16:49:48,hey i'm convinced
M04649,G03,studio_6,S100,2026-10-15T16:49:49,oh love that right
M04650,G24,studio_6,S048,2026-10-15T16:50:04,so sharing my screen now or am i off
M04651,G04,studio_6,S050,2026-10-15T16:50:11,alright i can reorganize the doc sorry if that is obvious
M04652,G16,studio_6,S070,2026-10-15T16:50:21,wait my wifi dropped sorry
M04653,G16,studio_6,S007,2026-10-15T16:50:31,i'm adding the question to the doc
M04654,G22,studio_6,S093,2026-10-15T16:50:32,oh that is a great way to put it
M04655,G12,studio_6,S095,2026-10-15T16:50:33,yeah i'll write up the wrap up
M04656,G13,studio_6,S012,2026-10-15T16:50:34,hmm putting the handout at the top of the doc sorry if that is obvious
M04657,G15,studio_6,S020,2026-10-15T16:50:39,ok do you mean the handout or the other one sorry if that is obvious
M04658,G19,studio_6,S066,2026-10-15T16:50:46,wait i missed that last bit
M04659,G08,studio_6,S108,2026-10-15T16:50:52,ok that makes sense
M04660,G17,studio_6,S099,2026-10-15T16:50:55,ok the margin questions became my whole study guide
M04661,G13,studio_6,S012,2026-10-15T16:50:59,"not sure, but selectivity while listening is the actual skill right"
M04662,G16,studio_6,S052,2026-10-15T16:51:00,so is that the same as what we said before does that track
M04663,G23,studio_6,S106,2026-10-15T16:51:00,who wants to present back
M04664,G19,studio_6,S066,2026-10-15T16:51:05,right that makes sense
M04665,G13,studio_6,S022,2026-10-15T16:51:09,alright brb one sec
M04666,G22,studio_6,S027,2026-10-15T16:51:24,ok can you say more about that
M04667,G23,studio_6,S106,2026-10-15T16:51:29,alright really
M04668,G23,studio_6,S114,2026-10-15T16:51:39,alright same here honestly does that track
M04669,G11,studio_6,S092,2026-10-15T16:51:46,i'm not sure i follow or am i off
M04670,G02,studio_6,S064,2026-10-15T16:51:46,hmm where is that in the reading if that works for everyone
M04671,G14,studio_6,S104,2026-10-15T16:52:07,right can someone paste the example
M04672,G13,studio_6,S061,2026-10-15T16:52:19,hmm that is a great way to put it
M04673,G21,studio_6,S111,2026-10-15T16:52:30,so i missed that last bit
M04674,G14,studio_6,S065,2026-10-15T16:52:34,so putting the handout at the top of the doc lol
M04675,G06,studio_6,S116,2026-10-15T16:52:35,so i lost the question again sorry if that works for everyone
M04676,G20,studio_6,S112,2026-10-15T16:52:39,alright no worries
M04677,G17,studio_6,S062,2026-10-15T16:52:41,so so we should recommend a revision pass not just a format?
M04678,G03,studio_6,S100,2026-10-15T16:52:47,let's each take ten minutes to write first what do you think
M04679,G24,studio_6,S028,2026-10-15T16:52:50,alright that makes sense
M04680,G02,studio_6,S019,2026-10-15T16:52:50,so putting the example at the top of the doc does that track
M04681,G23,studio_6,S049,2026-10-15T16:52:51,hey i'm adding the slide to the doc sorry if that is obvious
M04682,G08,studio_6,S047,2026-10-15T16:52:56,"counterpoint, selectivity while listening is the actual skill lol"
M04683,G07,studio_6,S001,2026-10-15T16:53:11,"from the reading, if slides are posted the note strategy should change?"
M04684,G06,studio_6,S045,2026-10-15T16:53:12,ok really does that track
M04685,G17,studio_6,S062,2026-10-15T16:53:15,wait can we come back to the examples in a sec if that works for everyone
M04686,G02,studio_6,S017,2026-10-15T16:53:17,ok can you give an example or am i off
M04687,G22,studio_6,S093,2026-10-15T16:53:19,can we come back to part 3 in a sec right
M04688,G14,studio_6,S104,2026-10-15T16:53:47,yeah is that the same as what we said before what do you think
M04689,G21,studio_6,S111,2026-10-15T16:54:02,right so if slides are posted the note strategy should change if that works for everyone
M04690,G08,studio_6,S047,2026-10-15T16:54:20,ok i'm adding the transcript to the doc sorry if that is obvious
M04691,G18,studio_6,S004,2026-10-15T16:54:25,i lost the reading again sorry or am i off
M04692,G18,studio_6,S004,2026-10-15T16:54:26,oh this is fun actually
M04693,G11,studio_6,S105,2026-10-15T16:54:33,so should we outline first does that track
M04694,G05,studio_6,S118,2026-10-15T16:54:53,oh we should recommend a revision pass not just a format?
M04695,G23,studio_6,S114,2026-10-15T16:55:03,"from the reading, selectivity while listening is the actual skill"
M04696,G15,studio_6,S020,2026-10-15T16:55:04,hey my wifi dropped sorry
M04697,G02,studio_6,S019,2026-10-15T16:55:04,ok thanks for waiting sorry if that is obvious
M04698,G24,studio_6,S041,2026-10-15T16:55:14,oh are we answering question three or the next one if that works for everyone
M04699,G15,studio_6,S020,2026-10-15T16:55:39,right we should recommend a revision pass not just a format what do you think
M04700,G02,studio_6,S064,2026-10-15T16:55:51,ok brb one sec lol
M04701,G21,studio_6,S098,2026-10-15T16:55:58,yeah good point sorry if that is obvious
M04702,G17,studio_6,S062,2026-10-15T16:55:58,"oh not sure, but one page per lecture forced me to choose if that works for everyone"
M04703,G20,studio_6,S113,2026-10-15T16:56:01,hey who is taking notes today
M04704,G23,studio_6,S024,2026-10-15T16:56:02,wait let's timebox this to fifteen minutes sorry if that is obvious
M04705,G20,studio_6,S112,2026-10-15T16:56:03,so let's timebox this to two minutes lol
M04706,G12,studio_6,S013,2026-10-15T16:56:04,hmm who wants to present back or am i off
M04707,G23,studio_6,S040,2026-10-15T16:56:04,i'm not sure i follow or am i off
M04708,G06,studio_6,S011,2026-10-15T16:56:06,yeah fair enough
M04709,G21,studio_6,S098,2026-10-15T16:56:29,yeah who is taking notes today right
M04710,G10,studio_6,S083,2026-10-15T16:56:46,oh let's timebox this to two minutes if that works for everyone
M04711,G17,studio_6,S035,2026-10-15T16:56:54,so we should ask what the notes are for before we recommend a format
M04712,G09,studio_6,S036,2026-10-15T16:57:11,wait so selectivity while listening is the actual skill if that works for everyone
M04713,G04,studio_6,S087,2026-10-15T16:57:18,ok who is taking notes today?
M04714,G19,studio_6,S066,2026-10-15T16:57:27,right honestly the concept map showed two ideas i had kept separate or am i off
M04715,G11,studio_6,S081,2026-10-15T16:57:30,hmm complete notes usually mean unprocessed notes does that track
M04716,G14,studio_6,S039,2026-10-15T16:57:40,ok putting the slide at the top of the doc
M04717,G05,studio_6,S118,2026-10-15T16:57:41,so can we come back to the summary in a sec right
M04718,G15,studio_6,S020,2026-10-15T16:57:44,love that
M04719,G22,studio_6,S093,2026-10-15T16:58:01,hmm maybe complete notes usually mean unprocessed notes
M04720,G14,studio_6,S039,2026-10-15T16:58:04,can we come back to the definitions in a sec sorry if that is obvious
M04721,G01,studio_6,S056,2026-10-15T16:58:07,yeah we have four minutes left or am i off
M04722,G07,studio_6,S010,2026-10-15T16:58:15,oh what does that term mean again?
M04723,G10,studio_6,S015,2026-10-15T16:58:18,"yeah not sure, but the encoding benefit happens while you write or am i off"
M04724,G23,studio_6,S024,2026-10-15T16:58:34,wait so the margin questions became my whole study guide does that track
M04725,G12,studio_6,S095,2026-10-15T16:58:36,really
M04726,G01,studio_6,S056,2026-10-15T16:58:43,yeah which the prompt are we on or am i off
M04727,G11,studio_6,S081,2026-10-15T16:58:45,yeah agreed
M04728,G16,studio_6,S052,2026-10-15T16:58:48,alright can you say more about that if that works for everyone
M04729,G10,studio_6,S103,2026-10-15T16:58:50,oh are we answering question five or the next one sorry if that is obvious
M04730,G13,studio_6,S022,2026-10-15T16:58:53,alright so we should recommend a revision pass not just a format sorry if that is obvious
M04731,G12,studio_6,S013,2026-10-15T16:59:06,"oh counterpoint, one page per lecture forced me to choose if that works for everyone"
M04732,G10,studio_6,S009,2026-10-15T16:59:19,ok i can present if nobody else wants to
M04733,G06,studio_6,S116,2026-10-15T16:59:19,"counterpoint, the encoding benefit happens while you write lol"
M04734,G03,studio_6,S100,2026-10-15T16:59:20,alright that makes sense
M04735,G05,studio_6,S025,2026-10-15T16:59:34,maybe selectivity while listening is the actual skill if that works for everyone
M04736,G13,studio_6,S022,2026-10-15T16:59:43,"so counterpoint, selectivity while listening is the actual skill sorry if that is obvious"
M04737,G12,studio_6,S095,2026-10-15T16:59:44,wait what does that term mean again if that works for everyone
M04738,G03,studio_6,S023,2026-10-15T16:59:44,let's each take two minutes to write first does that track
M04739,G17,studio_6,S035,2026-10-15T16:59:47,right who wants to present back?
M04740,G07,studio_6,S044,2026-10-15T16:59:56,hmm good point
M04741,G11,studio_6,S092,2026-10-15T17:00:03,right can you give an example
M04742,G03,studio_6,S055,2026-10-15T17:00:26,so my read is the encoding benefit happens while you write if that works for everyone
M04743,G14,studio_6,S074,2026-10-15T17:00:30,alright who wants to present back
M04744,G05,studio_6,S025,2026-10-15T17:00:35,hmm my read is the encoding benefit happens while you write does that track
M04745,G11,studio_6,S058,2026-10-15T17:00:47,ok can someone paste the table does that track
M04746,G24,studio_6,S048,2026-10-15T17:00:48,"alright from the reading, we should recommend a revision pass not just a format?"
M04747,G05,studio_6,S107,2026-10-15T17:01:02,"hey not sure, but complete notes usually mean unprocessed notes"
M04748,G23,studio_6,S106,2026-10-15T17:01:12,"hey for the doc, the encoding benefit happens while you write right"
M04749,G18,studio_6,S075,2026-10-15T17:01:27,so hi all?
M04750,G23,studio_6,S106,2026-10-15T17:01:27,my read is the encoding benefit happens while you write?
M04751,G07,studio_6,S010,2026-10-15T17:01:31,yeah i'm adding the handout to the doc does that track
M04752,G11,studio_6,S081,2026-10-15T17:01:45,wait so we should recommend a revision pass not just a format?
M04753,G15,studio_6,S006,2026-10-15T17:01:51,i'll take the last section or am i off
M04754,G08,studio_6,S068,2026-10-15T17:01:54,hey i lost the reading again sorry what do you think
M04755,G09,studio_6,S082,2026-10-15T17:01:55,oh who wants to present back
M04756,G17,studio_6,S062,2026-10-15T17:01:59,yeah is that the same as what we said before
M04757,G05,studio_6,S025,2026-10-15T17:02:12,right i missed that last bit what do you think
M04758,G17,studio_6,S099,2026-10-15T17:02:15,so selectivity while listening is the actual skill right
M04759,G16,studio_6,S007,2026-10-15T17:02:29,oh my read is the concept map showed two ideas i had kept separate what do you think
M04760,G17,studio_6,S086,2026-10-15T17:02:32,wait the encoding benefit happens while you write lol
M04761,G05,studio_6,S107,2026-10-15T17:02:43,"alright from the reading, one page per lecture forced me to choose what do you think"
M04762,G07,studio_6,S071,2026-10-15T17:02:43,wait which the handout are we on
M04763,G12,studio_6,S095,2026-10-15T17:02:44,who is taking notes today
M04764,G17,studio_6,S099,2026-10-15T17:02:53,"right counterpoint, if slides are posted the note strategy should change does that track"
M04765,G21,studio_6,S098,2026-10-15T17:02:53,hey who is taking notes today what do you think
M04766,G10,studio_6,S009,2026-10-15T17:03:00,i'm adding the question to the doc?
M04767,G03,studio_6,S055,2026-10-15T17:03:05,who wants to present back
M04768,G21,studio_6,S111,2026-10-15T17:03:09,yeah my read is selectivity while listening is the actual skill
M04769,G01,studio_6,S038,2026-10-15T17:03:13,the encoding benefit happens while you write what do you think
M04770,G17,studio_6,S016,2026-10-15T17:03:20,so the margin questions became my whole study guide?
M04771,G06,studio_6,S053,2026-10-15T17:03:23,oh i can share the doc
M04772,G06,studio_6,S053,2026-10-15T17:03:27,"oh for the doc, the concept map showed two ideas i had kept separate sorry if that is obvious"
M04773,G12,studio_6,S057,2026-10-15T17:03:28,right yes exactly lol
M04774,G21,studio_6,S094,2026-10-15T17:03:30,wait so we should recommend a revision pass not just a format?
M04775,G09,studio_6,S036,2026-10-15T17:03:37,right who is taking notes today if that works for everyone
M04776,G14,studio_6,S074,2026-10-15T17:03:50,ok the concept map showed two ideas i had kept separate
M04777,G05,studio_6,S118,2026-10-15T17:03:53,hmm agreed
M04778,G24,studio_6,S028,2026-10-15T17:03:53,alright i think the margin questions became my whole study guide?
M04779,G19,studio_6,S018,2026-10-15T17:04:02,hey i think we should recommend a revision pass not just a format
M04780,G11,studio_6,S081,2026-10-15T17:04:03,wait sharing my screen now lol
M04781,G10,studio_6,S015,2026-10-15T17:04:15,hmm we have ten minutes left if that works for everyone
M04782,G17,studio_6,S062,2026-10-15T17:04:19,yeah can you say more about that right
M04783,G14,studio_6,S039,2026-10-15T17:04:19,hey does everyone have the example open sorry if that is obvious
M04784,G17,studio_6,S086,2026-10-15T17:04:22,so one page per lecture forced me to choose
M04785,G05,studio_6,S118,2026-10-15T17:04:24,wait my wifi dropped sorry if that works for everyone
M04786,G17,studio_6,S016,2026-10-15T17:04:30,hmm should we outline first or am i off
M04787,G23,studio_6,S049,2026-10-15T17:04:32,nice
M04788,G06,studio_6,S116,2026-10-15T17:04:33,oh fair enough
M04789,G05,studio_6,S118,2026-10-15T17:04:35,"hey from the reading, complete notes usually mean unprocessed notes sorry if that is obvious"
M04790,G19,studio_6,S008,2026-10-15T17:04:46,ok we should recommend a revision pass not just a format if that works for everyone
M04791,G23,studio_6,S040,2026-10-15T17:04:46,hmm i lost the question again sorry does that track
M04792,G24,studio_6,S048,2026-10-15T17:04:48,so we have five minutes left lol
M04793,G09,studio_6,S067,2026-10-15T17:04:51,hmm complete notes usually mean unprocessed notes sorry if that is obvious
M04794,G14,studio_6,S039,2026-10-15T17:04:55,hey i lost the table again sorry
M04795,G15,studio_6,S006,2026-10-15T17:04:58,so my wifi dropped sorry
M04796,G09,studio_6,S082,2026-10-15T17:05:04,yeah let's split this three ways lol
M04797,G08,studio_6,S108,2026-10-15T17:05:09,someone should own the intro what do you think
M04798,G16,studio_6,S052,2026-10-15T17:05:11,so can we come back to the second question in a sec or am i off
M04799,G11,studio_6,S081,2026-10-15T17:05:15,so i'm convinced
M04800,G22,studio_6,S027,2026-10-15T17:05:16,i can start the doc
M04801,G08,studio_6,S088,2026-10-15T17:05:17,so i'm adding the rubric to the doc
M04802,G04,studio_6,S102,2026-10-15T17:05:20,"from the reading, we should recommend a revision pass not just a format"
M04803,G05,studio_6,S118,2026-10-15T17:05:27,"alright from the reading, we should recommend a revision pass not just a format what do you think"
M04804,G01,studio_6,S038,2026-10-15T17:05:39,honestly complete notes usually mean unprocessed notes right
M04805,G12,studio_6,S057,2026-10-15T17:05:42,ok my read is one page per lecture forced me to choose lol
M04806,G17,studio_6,S099,2026-10-15T17:05:43,"right counterpoint, if slides are posted the note strategy should change?"
M04807,G17,studio_6,S086,2026-10-15T17:05:43,right let's split this twenty ways
M04808,G10,studio_6,S103,2026-10-15T17:05:44,hey i think the concept map showed two ideas i had kept separate sorry if that is obvious
M04809,G19,studio_6,S018,2026-10-15T17:05:46,hey let's timebox this to twenty minutes does that track
M04810,G13,studio_6,S061,2026-10-15T17:05:53,so sorry can you repeat that what do you think
M04811,G16,studio_6,S007,2026-10-15T17:06:01,maybe one page per lecture forced me to choose
M04812,G05,studio_6,S118,2026-10-15T17:06:06,honestly if slides are posted the note strategy should change does that track
M04813,G14,studio_6,S065,2026-10-15T17:06:09,if slides are posted the note strategy should change if that works for everyone
M04814,G16,studio_6,S109,2026-10-15T17:06:12,putting the transcript at the top of the doc
M04815,G21,studio_6,S098,2026-10-15T17:06:28,let's split this two ways sorry if that is obvious
M04816,G11,studio_6,S058,2026-10-15T17:06:34,nice?
M04817,G14,studio_6,S065,2026-10-15T17:06:38,can we come back to the examples in a sec
M04818,G18,studio_6,S101,2026-10-15T17:06:44,should we outline first sorry if that is obvious
M04819,G22,studio_6,S096,2026-10-15T17:06:50,alright i lost the handout again sorry?
M04820,G16,studio_6,S052,2026-10-15T17:06:55,oh i'm adding the transcript to the doc lol
M04821,G17,studio_6,S062,2026-10-15T17:07:04,i'm convinced or am i off
M04822,G03,studio_6,S079,2026-10-15T17:07:07,so my read is we should recommend a revision pass not just a format sorry if that is obvious
M04823,G08,studio_6,S047,2026-10-15T17:07:11,oh complete notes usually mean unprocessed notes if that works for everyone
M04824,G02,studio_6,S017,2026-10-15T17:07:14,oh putting our notes at the top of the doc what do you think
M04825,G13,studio_6,S012,2026-10-15T17:07:20,"for the doc, one page per lecture forced me to choose?"
M04826,G04,studio_6,S090,2026-10-15T17:07:23,really
M04827,G15,studio_6,S006,2026-10-15T17:07:25,ok are we answering question two or the next one what do you think
M04828,G19,studio_6,S003,2026-10-15T17:07:44,yeah sorry can you repeat that
M04829,G23,studio_6,S114,2026-10-15T17:07:49,so so complete notes usually mean unprocessed notes right
M04830,G13,studio_6,S061,2026-10-15T17:07:51,that is a great way to put it
M04831,G12,studio_6,S095,2026-10-15T17:07:57,complete notes usually mean unprocessed notes or am i off
M04832,G15,studio_6,S006,2026-10-15T17:08:07,hey maybe if slides are posted the note strategy should change does that track
M04833,G22,studio_6,S096,2026-10-15T17:08:26,hmm nice
M04834,G22,studio_6,S027,2026-10-15T17:08:29,hey let's timebox this to four minutes right
M04835,G18,studio_6,S101,2026-10-15T17:08:54,"counterpoint, if slides are posted the note strategy should change does that track"
M04836,G21,studio_6,S111,2026-10-15T17:09:03,"from the reading, the encoding benefit happens while you write?"
M04837,G17,studio_6,S086,2026-10-15T17:09:03,moving our notes into the doc now if that works for everyone
M04838,G01,studio_6,S030,2026-10-15T17:09:06,right maybe the concept map showed two ideas i had kept separate what do you think
M04839,G21,studio_6,S111,2026-10-15T17:09:21,honestly we should recommend a revision pass not just a format sorry if that is obvious
M04840,G09,studio_6,S082,2026-10-15T17:09:27,ok can we come back to the second question in a sec
M04841,G21,studio_6,S085,2026-10-15T17:09:29,"alright counterpoint, the concept map showed two ideas i had kept separate"
M04842,G05,studio_6,S118,2026-10-15T17:09:32,we should ask what the notes are for before we recommend a format right
M04843,G11,studio_6,S092,2026-10-15T17:09:39,ok i think we should recommend a revision pass not just a format does that track
M04844,G08,studio_6,S068,2026-10-15T17:09:47,what does that term mean again right
M04845,G20,studio_6,S112,2026-10-15T17:10:01,alright that is a great way to put it
M04846,G24,studio_6,S005,2026-10-15T17:10:01,hey so the margin questions became my whole study guide
M04847,G08,studio_6,S047,2026-10-15T17:10:07,oh honestly if slides are posted the note strategy should change?
M04848,G22,studio_6,S110,2026-10-15T17:10:09,"from the reading, selectivity while listening is the actual skill"
M04849,G11,studio_6,S105,2026-10-15T17:10:24,that makes sense or am i off
M04850,G03,studio_6,S023,2026-10-15T17:10:26,thanks for waiting
M04851,G11,studio_6,S081,2026-10-15T17:10:36,wait so we should ask what the notes are for before we recommend a format lol
M04852,G16,studio_6,S052,2026-10-15T17:10:41,"so not sure, but the concept map showed two ideas i had kept separate right"
M04853,G07,studio_6,S071,2026-10-15T17:10:42,hmm moving our notes into the doc now does that track
M04854,G17,studio_6,S099,2026-10-15T17:10:43,yeah do you mean the example or the other one or am i off
M04855,G07,studio_6,S044,2026-10-15T17:10:51,so i think selectivity while listening is the actual skill
M04856,G05,studio_6,S051,2026-10-15T17:10:52,i missed that last bit sorry if that is obvious
M04857,G02,studio_6,S064,2026-10-15T17:10:57,wait let's split this two ways or am i off
M04858,G16,studio_6,S070,2026-10-15T17:11:06,"from the reading, the encoding benefit happens while you write or am i off"
M04859,G01,studio_6,S056,2026-10-15T17:11:08,hey i can reorganize the doc sorry if that is obvious
M04860,G10,studio_6,S078,2026-10-15T17:11:13,ok i think complete notes usually mean unprocessed notes lol
M04861,G23,studio_6,S049,2026-10-15T17:11:18,right the encoding benefit happens while you write lol
M04862,G16,studio_6,S109,2026-10-15T17:11:20,hmm i lost the table again sorry right
M04863,G08,studio_6,S021,2026-10-15T17:11:20,right putting the transcript at the top of the doc?
M04864,G10,studio_6,S009,2026-10-15T17:11:20,"wait counterpoint, the margin questions became my whole study guide does that track"
M04865,G16,studio_6,S007,2026-10-15T17:11:33,yeah i'm back what do you think
M04866,G05,studio_6,S025,2026-10-15T17:11:36,yeah moving the reading into the doc now lol
M04867,G12,studio_6,S084,2026-10-15T17:11:37,"oh not sure, but complete notes usually mean unprocessed notes"
M04868,G11,studio_6,S081,2026-10-15T17:11:45,hmm maybe one page per lecture forced me to choose sorry if that is obvious
M04869,G13,studio_6,S091,2026-10-15T17:11:45,wait let's timebox this to four minutes does that track
M04870,G22,studio_6,S093,2026-10-15T17:11:50,this is fun actually
M04871,G17,studio_6,S035,2026-10-15T17:12:06,hmm i think if slides are posted the note strategy should change does that track
M04872,G23,studio_6,S114,2026-10-15T17:12:13,alright i'll take the wrap up does that track
M04873,G17,studio_6,S062,2026-10-15T17:12:13,"counterpoint, we should ask what the notes are for before we recommend a format lol"
M04874,G02,studio_6,S017,2026-10-15T17:12:14,"ok from the reading, the encoding benefit happens while you write"
M04875,G04,studio_6,S002,2026-10-15T17:12:32,ok that makes sense
M04876,G03,studio_6,S055,2026-10-15T17:12:33,yeah can we come back to the second question in a sec lol
M04877,G12,studio_6,S084,2026-10-15T17:12:34,yeah sharing my screen now
M04878,G16,studio_6,S109,2026-10-15T17:12:36,hey let's each take fifteen minutes to write first sorry if that is obvious
M04879,G12,studio_6,S084,2026-10-15T17:12:40,i think selectivity while listening is the actual skill
M04880,G19,studio_6,S008,2026-10-15T17:12:45,hey brb one sec
M04881,G07,studio_6,S010,2026-10-15T17:12:57,right same here honestly
M04882,G12,studio_6,S013,2026-10-15T17:13:15,hey we should ask what the notes are for before we recommend a format
M04883,G20,studio_6,S113,2026-10-15T17:13:15,i lost the rubric again sorry
M04884,G11,studio_6,S081,2026-10-15T17:13:22,i'm not sure i follow?
M04885,G22,studio_6,S096,2026-10-15T17:13:26,"not sure, but we should ask what the notes are for before we recommend a format"
M04886,G13,studio_6,S061,2026-10-15T17:13:31,"right from the reading, the margin questions became my whole study guide sorry if that is obvious"
M04887,G22,studio_6,S096,2026-10-15T17:13:31,who is taking notes today
M04888,G10,studio_6,S078,2026-10-15T17:13:37,oh the concept map showed two ideas i had kept separate or am i off
M04889,G10,studio_6,S078,2026-10-15T17:13:47,right honestly selectivity while listening is the actual skill sorry if that is obvious
M04890,G20,studio_6,S119,2026-10-15T17:13:55,"hmm not sure, but the concept map showed two ideas i had kept separate sorry if that is obvious"
M04891,G11,studio_6,S092,2026-10-15T17:13:56,are we answering question four or the next one or am i off
M04892,G10,studio_6,S078,2026-10-15T17:14:07,"so for the doc, the encoding benefit happens while you write sorry if that is obvious"
M04893,G05,studio_6,S025,2026-10-15T17:14:09,moving the question into the doc now
M04894,G06,studio_6,S073,2026-10-15T17:14:16,yeah can you give an example?
M04895,G07,studio_6,S063,2026-10-15T17:14:29,wait we should ask what the notes are for before we recommend a format
M04896,G08,studio_6,S047,2026-10-15T17:14:35,hey selectivity while listening is the actual skill
M04897,G03,studio_6,S037,2026-10-15T17:14:45,so maybe the concept map showed two ideas i had kept separate sorry if that is obvious
M04898,G21,studio_6,S098,2026-10-15T17:14:46,oh i'll write up part 2?
M04899,G16,studio_6,S052,2026-10-15T17:14:49,hmm honestly we should ask what the notes are for before we recommend a format or am i off
M04900,G22,studio_6,S093,2026-10-15T17:14:58,hey i think the concept map showed two ideas i had kept separate
M04901,G03,studio_6,S037,2026-10-15T17:15:08,moving the prompt into the doc now
M04902,G03,studio_6,S023,2026-10-15T17:15:10,right i think if slides are posted the note strategy should change sorry if that is obvious
M04903,G06,studio_6,S073,2026-10-15T17:15:11,maybe selectivity while listening is the actual skill what do you think
M04904,G07,studio_6,S010,2026-10-15T17:15:15,ok you two are on a roll
M04905,G15,studio_6,S006,2026-10-15T17:15:24,oh we have four minutes left or am i off
M04906,G13,studio_6,S091,2026-10-15T17:15:30,right my read is the margin questions became my whole study guide?
M04907,G04,studio_6,S090,2026-10-15T17:15:33,wait good point
M04908,G02,studio_6,S019,2026-10-15T17:15:46,so is that the same as what we said before does that track
M04909,G15,studio_6,S006,2026-10-15T17:15:51,wait let's each take three minutes to write first right
M04910,G09,studio_6,S067,2026-10-15T17:16:00,ok the encoding benefit happens while you write lol
M04911,G03,studio_6,S023,2026-10-15T17:16:08,yeah maybe complete notes usually mean unprocessed notes if that works for everyone
M04912,G09,studio_6,S082,2026-10-15T17:16:40,i think if slides are posted the note strategy should change right
M04913,G20,studio_6,S119,2026-10-15T17:16:41,alright does everyone have the example open or am i off
M04914,G23,studio_6,S114,2026-10-15T17:16:48,alright can someone paste the table?
M04915,G18,studio_6,S075,2026-10-15T17:16:50,yeah nice
M04916,G16,studio_6,S052,2026-10-15T17:16:59,alright one page per lecture forced me to choose lol
M04917,G18,studio_6,S069,2026-10-15T17:17:09,alright selectivity while listening is the actual skill what do you think
M04918,G03,studio_6,S079,2026-10-15T17:17:09,love that
M04919,G03,studio_6,S037,2026-10-15T17:17:15,so can someone paste the doc link does that track
M04920,G20,studio_6,S117,2026-10-15T17:17:17,hey so if slides are posted the note strategy should change what do you think
M04921,G24,studio_6,S028,2026-10-15T17:17:20,hmm maybe selectivity while listening is the actual skill
M04922,G03,studio_6,S079,2026-10-15T17:17:23,hey we should recommend a revision pass not just a format if that works for everyone
M04923,G23,studio_6,S024,2026-10-15T17:17:37,i'll take part 2 right
M04924,G09,studio_6,S036,2026-10-15T17:17:40,"hmm for the doc, the concept map showed two ideas i had kept separate does that track"
M04925,G08,studio_6,S047,2026-10-15T17:17:40,oh this is fun actually
M04926,G12,studio_6,S013,2026-10-15T17:17:45,"counterpoint, if slides are posted the note strategy should change what do you think"
M04927,G23,studio_6,S114,2026-10-15T17:17:45,i can present if nobody else wants to
M04928,G09,studio_6,S036,2026-10-15T17:17:54,wait i'll write up the definitions does that track
M04929,G10,studio_6,S015,2026-10-15T17:17:59,so is that the same as what we said before
M04930,G09,studio_6,S067,2026-10-15T17:18:03,alright selectivity while listening is the actual skill what do you think
M04931,G10,studio_6,S009,2026-10-15T17:18:04,i can reorganize the doc
M04932,G06,studio_6,S045,2026-10-15T17:18:12,oh sorry can you repeat that
M04933,G13,studio_6,S061,2026-10-15T17:18:13,oh the margin questions became my whole study guide or am i off
M04934,G16,studio_6,S109,2026-10-15T17:18:14,so hold on let me reread the example what do you think
M04935,G20,studio_6,S119,2026-10-15T17:18:19,right do you mean the slide or the other one
M04936,G15,studio_6,S006,2026-10-15T17:18:21,one page per lecture forced me to choose does that track
M04937,G21,studio_6,S115,2026-10-15T17:18:21,can you give an example?
M04938,G05,studio_6,S043,2026-10-15T17:18:26,alright i can present if nobody else wants to
M04939,G15,studio_6,S032,2026-10-15T17:18:28,"yeah from the reading, we should recommend a revision pass not just a format lol"
M04940,G05,studio_6,S043,2026-10-15T17:18:30,right let's timebox this to two minutes
M04941,G15,studio_6,S006,2026-10-15T17:18:43,"not sure, but complete notes usually mean unprocessed notes or am i off"
M04942,G14,studio_6,S104,2026-10-15T17:18:46,alright we should recommend a revision pass not just a format or am i off
M04943,G16,studio_6,S052,2026-10-15T17:18:46,sorry can you repeat that
M04944,G16,studio_6,S052,2026-10-15T17:18:54,i can present if nobody else wants to
M04945,G14,studio_6,S074,2026-10-15T17:19:00,wait maybe one page per lecture forced me to choose or am i off
M04946,G14,studio_6,S104,2026-10-15T17:19:02,can we come back to the summary in a sec does that track
M04947,G16,studio_6,S070,2026-10-15T17:19:30,oh can you give an example what do you think
M04948,G10,studio_6,S009,2026-10-15T17:19:31,"from the reading, selectivity while listening is the actual skill"
M04949,G03,studio_6,S023,2026-10-15T17:19:41,"oh for the doc, complete notes usually mean unprocessed notes?"
M04950,G10,studio_6,S078,2026-10-15T17:19:51,hmm maybe the margin questions became my whole study guide what do you think
M04951,G22,studio_6,S093,2026-10-15T17:19:53,so i think one page per lecture forced me to choose
M04952,G13,studio_6,S091,2026-10-15T17:20:05,yeah can you give an example
M04953,G23,studio_6,S114,2026-10-15T17:20:06,wait i can clean up the doc or am i off
M04954,G19,studio_6,S066,2026-10-15T17:20:07,fair enough
M04955,G08,studio_6,S108,2026-10-15T17:20:08,"counterpoint, the concept map showed two ideas i had kept separate"
M04956,G01,studio_6,S030,2026-10-15T17:20:13,so that made me laugh does that track
M04957,G22,studio_6,S097,2026-10-15T17:20:13,sharing my screen now or am i off
M04958,G17,studio_6,S062,2026-10-15T17:20:16,"ok for the doc, complete notes usually mean unprocessed notes"
M04959,G01,studio_6,S033,2026-10-15T17:20:21,yes exactly
M04960,G15,studio_6,S006,2026-10-15T17:20:22,"so from the reading, selectivity while listening is the actual skill"
M04961,G14,studio_6,S031,2026-10-15T17:20:24,hey should we outline first what do you think
M04962,G13,studio_6,S061,2026-10-15T17:20:25,so thanks for waiting
M04963,G22,studio_6,S096,2026-10-15T17:20:52,wait hold on let me reread the example lol
M04964,G06,studio_6,S045,2026-10-15T17:20:55,we should ask what the notes are for before we recommend a format
M04965,G23,studio_6,S024,2026-10-15T17:20:56,so i can present if nobody else wants to does that track
M04966,G04,studio_6,S090,2026-10-15T17:21:11,yeah let's timebox this to ten minutes what do you think
M04967,G23,studio_6,S024,2026-10-15T17:21:15,hmm i lost the question again sorry?
M04968,G18,studio_6,S004,2026-10-15T17:21:39,hmm yes exactly
M04969,G10,studio_6,S083,2026-10-15T17:22:09,ok does everyone have our notes open
M04970,G04,studio_6,S050,2026-10-15T17:22:18,alright let's split this fifteen ways right
M04971,G21,studio_6,S098,2026-10-15T17:22:20,"oh for the doc, the margin questions became my whole study guide if that works for everyone"
M04972,G23,studio_6,S106,2026-10-15T17:22:31,i'm adding the slide to the doc does that track
M04973,G07,studio_6,S001,2026-10-15T17:22:44,"ok from the reading, complete notes usually mean unprocessed notes?"
M04974,G22,studio_6,S096,2026-10-15T17:23:08,so i lost the table again sorry?
M04975,G21,studio_6,S098,2026-10-15T17:23:17,"not sure, but the encoding benefit happens while you write"
M04976,G10,studio_6,S009,2026-10-15T17:23:21,hmm do you mean the table or the other one
M04977,G17,studio_6,S016,2026-10-15T17:23:29,"so from the reading, we should ask what the notes are for before we recommend a format right"
M04978,G02,studio_6,S026,2026-10-15T17:23:30,alright fair enough
M04979,G08,studio_6,S088,2026-10-15T17:23:37,"from the reading, if slides are posted the note strategy should change if that works for everyone"
M04980,G15,studio_6,S032,2026-10-15T17:23:39,one page per lecture forced me to choose does that track
M04981,G15,studio_6,S032,2026-10-15T17:23:39,hmm no worries
M04982,G12,studio_6,S095,2026-10-15T17:23:42,ok this is fun actually
M04983,G15,studio_6,S006,2026-10-15T17:23:45,ok maybe complete notes usually mean unprocessed notes if that works for everyone
M04984,G16,studio_6,S080,2026-10-15T17:23:48,i'm back
M04985,G06,studio_6,S116,2026-10-15T17:23:53,right nice
M04986,G20,studio_6,S117,2026-10-15T17:23:55,hi all
M04987,G15,studio_6,S034,2026-10-15T17:24:01,alright maybe selectivity while listening is the actual skill sorry if that is obvious
M04988,G14,studio_6,S039,2026-10-15T17:24:08,"right counterpoint, selectivity while listening is the actual skill what do you think"
M04989,G11,studio_6,S058,2026-10-15T17:24:16,hmm oh interesting
M04990,G23,studio_6,S114,2026-10-15T17:24:34,hmm hold on let me reread the slide
M04991,G24,studio_6,S060,2026-10-15T17:24:39,my read is if slides are posted the note strategy should change
M04992,G16,studio_6,S109,2026-10-15T17:24:40,hey that made me laugh
M04993,G15,studio_6,S032,2026-10-15T17:24:51,where is that in the rubric or am i off
M04994,G17,studio_6,S016,2026-10-15T17:24:53,"right from the reading, complete notes usually mean unprocessed notes"
M04995,G05,studio_6,S118,2026-10-15T17:25:03,"so counterpoint, one page per lecture forced me to choose if that works for everyone"
M04996,G09,studio_6,S029,2026-10-15T17:25:08,hmm selectivity while listening is the actual skill
M04997,G03,studio_6,S055,2026-10-15T17:25:26,yeah nice
M04998,G05,studio_6,S107,2026-10-15T17:25:27,do you mean the question or the other one
M04999,G14,studio_6,S104,2026-10-15T17:25:32,yeah you two are on a roll
M05000,G21,studio_6,S115,2026-10-15T17:25:42,i'm not sure i follow
M05001,G15,studio_6,S032,2026-10-15T17:25:49,hmm that makes sense lol
M05002,G10,studio_6,S083,2026-10-15T17:25:53,yeah can you give an example lol
M05003,G17,studio_6,S062,2026-10-15T17:26:00,which the rubric are we on if that works for everyone
M05004,G13,studio_6,S012,2026-10-15T17:26:01,hey does everyone have the transcript open?
M05005,G07,studio_6,S001,2026-10-15T17:26:08,yeah good point?
M05006,G20,studio_6,S113,2026-10-15T17:26:13,alright i'm adding the example to the doc
M05007,G10,studio_6,S009,2026-10-15T17:26:24,yeah i can set up the doc or am i off
M05008,G01,studio_6,S056,2026-10-15T17:26:36,right hi all
M05009,G22,studio_6,S027,2026-10-15T17:26:37,"alright for the doc, selectivity while listening is the actual skill"
M05010,G21,studio_6,S098,2026-10-15T17:26:39,ok nice right
M05011,G16,studio_6,S070,2026-10-15T17:26:46,the concept map showed two ideas i had kept separate what do you think
M05012,G15,studio_6,S032,2026-10-15T17:26:50,wait i missed that last bit
M05013,G12,studio_6,S095,2026-10-15T17:26:59,hey what does that term mean again
M05014,G24,studio_6,S048,2026-10-15T17:27:00,the encoding benefit happens while you write
M05015,G23,studio_6,S024,2026-10-15T17:27:03,ok who wants to present back
M05016,G02,studio_6,S026,2026-10-15T17:27:13,yeah can we come back to part 3 in a sec what do you think
M05017,G24,studio_6,S028,2026-10-15T17:27:16,alright someone should own the second question sorry if that is obvious
M05018,G10,studio_6,S015,2026-10-15T17:27:22,"hmm counterpoint, the encoding benefit happens while you write right"
M05019,G05,studio_6,S107,2026-10-15T17:27:27,right i'm following now what do you think
M05020,G23,studio_6,S106,2026-10-15T17:27:29,oh maybe selectivity while listening is the actual skill lol
M05021,G20,studio_6,S112,2026-10-15T17:27:32,"not sure, but complete notes usually mean unprocessed notes or am i off"
M05022,G17,studio_6,S016,2026-10-15T17:27:46,alright if slides are posted the note strategy should change what do you think
M05023,G19,studio_6,S018,2026-10-15T17:27:56,"so for the doc, selectivity while listening is the actual skill"
M05024,G14,studio_6,S039,2026-10-15T17:27:58,alright the encoding benefit happens while you write if that works for everyone
M05025,G17,studio_7,S099,2026-10-22T16:01:04,wait hold on let me reread the rubric
M05026,G17,studio_7,S062,2026-10-22T16:01:07,alright who wants to present back sorry if that is obvious
M05027,G22,studio_7,S093,2026-10-22T16:01:13,ok are we answering question two or the next one
M05028,G23,studio_7,S114,2026-10-22T16:01:18,yeah i'm convinced
M05029,G21,studio_7,S085,2026-10-22T16:01:24,right moving the example into the doc now
M05030,G11,studio_7,S081,2026-10-22T16:01:33,hey i can present if nobody else wants to sorry if that is obvious
M05031,G10,studio_7,S083,2026-10-22T16:01:35,oh interesting lol
M05032,G23,studio_7,S040,2026-10-22T16:01:35,this is fun actually
M05033,G14,studio_7,S039,2026-10-22T16:01:38,sorry can you repeat that
M05034,G23,studio_7,S040,2026-10-22T16:01:39,hmm you two are on a roll
M05035,G03,studio_7,S100,2026-10-22T16:01:48,fair enough
M05036,G13,studio_7,S091,2026-10-22T16:01:48,ok yes exactly
M05037,G17,studio_7,S062,2026-10-22T16:01:51,wait the last two hours of studying cost more than they return
M05038,G24,studio_7,S060,2026-10-22T16:01:58,hmm where is that in our notes does that track
M05039,G01,studio_7,S056,2026-10-22T16:02:00,"wait for the doc, framing sleep as a study strategy landed better with my students if that works for everyone"
M05040,G09,studio_7,S077,2026-10-22T16:02:05,right are we answering question twenty or the next one
M05041,G16,studio_7,S109,2026-10-22T16:02:06,wait you two are on a roll
M05042,G15,studio_7,S034,2026-10-22T16:02:06,alright an eight am class fights most undergrad circadian rhythms lol
M05043,G23,studio_7,S114,2026-10-22T16:02:10,"so counterpoint, one more hour of studying versus one more sleep cycle is the real tradeoff"
M05044,G18,studio_7,S069,2026-10-22T16:02:10,wait i'm back what do you think
M05045,G16,studio_7,S070,2026-10-22T16:02:10,"so from the reading, an eight am class fights most undergrad circadian rhythms"
M05046,G14,studio_7,S074,2026-10-22T16:02:19,right i'll write up the intro
M05047,G20,studio_7,S119,2026-10-22T16:02:26,"not sure, but the last two hours of studying cost more than they return"
M05048,G24,studio_7,S060,2026-10-22T16:02:29,can you say more about that what do you think
M05049,G23,studio_7,S106,2026-10-22T16:02:34,ok someone should own the wrap up
M05050,G24,studio_7,S005,2026-10-22T16:02:48,yes exactly
M05051,G01,studio_7,S038,2026-10-22T16:02:54,one more hour of studying versus one more sleep cycle is the real tradeoff
M05052,G20,studio_7,S113,2026-10-22T16:03:02,hey honestly attention lapses show up before you feel tired
M05053,G15,studio_7,S006,2026-10-22T16:03:03,so oh interesting or am i off
M05054,G09,studio_7,S036,2026-10-22T16:03:13,hey i think framing sleep as a study strategy landed better with my students does that track
M05055,G16,studio_7,S007,2026-10-22T16:03:15,sharing my screen now
M05056,G16,studio_7,S052,2026-10-22T16:03:32,"hey from the reading, fixed wake time helped me more than total hours did or am i off"
M05057,G23,studio_7,S106,2026-10-22T16:03:49,ok can we come back to the last section in a sec lol
M05058,G06,studio_7,S116,2026-10-22T16:03:52,so i'm adding the doc link to the doc does that track
M05059,G08,studio_7,S068,2026-10-22T16:04:02,so maybe fixed wake time helped me more than total hours did
M05060,G20,studio_7,S112,2026-10-22T16:04:11,i can present if nobody else wants to if that works for everyone
M05061,G18,studio_7,S075,2026-10-22T16:04:23,hmm putting the question at the top of the doc what do you think
M05062,G01,studio_7,S038,2026-10-22T16:04:24,wait my read is consolidation is part of learning not a break from it if that works for everyone
M05063,G08,studio_7,S047,2026-10-22T16:04:44,so is that the same as what we said before right
M05064,G16,studio_7,S109,2026-10-22T16:04:49,good point
M05065,G23,studio_7,S114,2026-10-22T16:05:18,oh an eight am class fights most undergrad circadian rhythms
M05066,G11,studio_7,S058,2026-10-22T16:05:28,thanks for waiting
M05067,G19,studio_7,S042,2026-10-22T16:05:30,what does that term mean again what do you think
M05068,G07,studio_7,S010,2026-10-22T16:05:31,so so we should be careful about collecting sleep data at all?
M05069,G09,studio_7,S082,2026-10-22T16:05:37,hey so the last two hours of studying cost more than they return if that works for everyone
M05070,G04,studio_7,S050,2026-10-22T16:05:43,is that the same as what we said before if that works for everyone
M05071,G08,studio_7,S021,2026-10-22T16:05:47,really
M05072,G13,studio_7,S061,2026-10-22T16:05:51,oh hold on let me reread our notes if that works for everyone
M05073,G20,studio_7,S119,2026-10-22T16:05:53,hey i'll take the counterargument
M05074,G19,studio_7,S042,2026-10-22T16:05:56,"oh counterpoint, an eight am class fights most undergrad circadian rhythms if that works for everyone"
M05075,G16,studio_7,S109,2026-10-22T16:05:56,"so for the doc, we should be careful about collecting sleep data at all what do you think"
M05076,G07,studio_7,S010,2026-10-22T16:06:21,ok i'm adding the prompt to the doc
M05077,G22,studio_7,S096,2026-10-22T16:06:22,"oh not sure, but framing sleep as a study strategy landed better with my students does that track"
M05078,G16,studio_7,S070,2026-10-22T16:06:24,wait we should be careful about collecting sleep data at all sorry if that is obvious
M05079,G14,studio_7,S031,2026-10-22T16:06:27,hmm oh interesting
M05080,G04,studio_7,S087,2026-10-22T16:06:29,alright my read is attention lapses show up before you feel tired
M05081,G01,studio_7,S056,2026-10-22T16:06:36,yeah good point
M05082,G06,studio_7,S045,2026-10-22T16:07:01,right let's timebox this to ten minutes
M05083,G12,studio_7,S013,2026-10-22T16:07:03,hey so fixed wake time helped me more than total hours did lol
M05084,G15,studio_7,S014,2026-10-22T16:07:08,"wait counterpoint, attention lapses show up before you feel tired sorry if that is obvious"
M05085,G04,studio_7,S090,2026-10-22T16:07:11,can we come back to the summary in a sec does that track
M05086,G11,studio_7,S058,2026-10-22T16:07:13,oh i missed that last bit
M05087,G05,studio_7,S107,2026-10-22T16:07:27,hi all
M05088,G07,studio_7,S071,2026-10-22T16:07:44,"hey from the reading, attention lapses show up before you feel tired or am i off"
M05089,G20,studio_7,S113,2026-10-22T16:07:48,right is that the same as what we said before right
M05090,G05,studio_7,S043,2026-10-22T16:08:03,alright honestly sleep advice assumes a schedule many students do not control?
M05091,G22,studio_7,S027,2026-10-22T16:08:26,right honestly an eight am class fights most undergrad circadian rhythms does that track
M05092,G24,studio_7,S028,2026-10-22T16:08:27,ok moving the rubric into the doc now
M05093,G04,studio_7,S002,2026-10-22T16:08:28,right which the reading are we on lol
M05094,G13,studio_7,S022,2026-10-22T16:08:43,right my read is an eight am class fights most undergrad circadian rhythms
M05095,G06,studio_7,S116,2026-10-22T16:08:44,"counterpoint, one more hour of studying versus one more sleep cycle is the real tradeoff what do you think"
M05096,G14,studio_7,S104,2026-10-22T16:08:45,oh honestly the last two hours of studying cost more than they return?
M05097,G13,studio_7,S072,2026-10-22T16:08:54,fair enough
M05098,G04,studio_7,S102,2026-10-22T16:09:09,"ok counterpoint, fixed wake time helped me more than total hours did lol"
M05099,G16,studio_7,S052,2026-10-22T16:09:10,so can someone paste the table
M05100,G22,studio_7,S096,2026-10-22T16:09:11,yeah hold on let me reread the rubric right
M05101,G23,studio_7,S024,2026-10-22T16:09:13,wait sleep advice assumes a schedule many students do not control
M05102,G19,studio_7,S003,2026-10-22T16:09:15,yeah maybe an eight am class fights most undergrad circadian rhythms right
M05103,G24,studio_7,S005,2026-10-22T16:09:15,wait honestly sleep advice assumes a schedule many students do not control
M05104,G22,studio_7,S096,2026-10-22T16:09:21,hold on let me reread the transcript or am i off
M05105,G12,studio_7,S057,2026-10-22T16:09:22,let's each take two minutes to write first or am i off
M05106,G20,studio_7,S089,2026-10-22T16:09:27,wait honestly the last two hours of studying cost more than they return or am i off
M05107,G14,studio_7,S074,2026-10-22T16:09:29,wait running two minutes late
M05108,G24,studio_7,S060,2026-10-22T16:09:29,ok moving the handout into the doc now
M05109,G05,studio_7,S025,2026-10-22T16:09:36,alright fixed wake time helped me more than total hours did
M05110,G15,studio_7,S032,2026-10-22T16:09:43,what does that term mean again if that works for everyone
M05111,G14,studio_7,S074,2026-10-22T16:09:50,hmm hi all
M05112,G06,studio_7,S116,2026-10-22T16:10:09,alright consolidation is part of learning not a break from it right
M05113,G23,studio_7,S106,2026-10-22T16:10:16,that makes sense
M05114,G20,studio_7,S117,2026-10-22T16:10:22,so is that the same as what we said before if that works for everyone
M05115,G19,studio_7,S042,2026-10-22T16:10:31,ok maybe framing sleep as a study strategy landed better with my students if that works for everyone
M05116,G17,studio_7,S062,2026-10-22T16:10:35,hmm we have twenty minutes left lol
M05117,G08,studio_7,S068,2026-10-22T16:10:41,yeah an eight am class fights most undergrad circadian rhythms does that track
M05118,G02,studio_7,S026,2026-10-22T16:11:05,hey is that the same as what we said before
M05119,G19,studio_7,S042,2026-10-22T16:11:26,so i can start the doc right
M05120,G05,studio_7,S118,2026-10-22T16:11:29,"for the doc, we should be careful about collecting sleep data at all lol"
M05121,G08,studio_7,S047,2026-10-22T16:11:30,"hey for the doc, sleep advice assumes a schedule many students do not control what do you think"
M05122,G14,studio_7,S039,2026-10-22T16:11:30,right which the table are we on or am i off
M05123,G24,studio_7,S048,2026-10-22T16:11:33,ok are we answering question twenty or the next one what do you think
M05124,G20,studio_7,S119,2026-10-22T16:11:39,alright fixed wake time helped me more than total hours did if that works for everyone
M05125,G17,studio_7,S016,2026-10-22T16:12:05,alright my read is we should be careful about collecting sleep data at all lol
M05126,G11,studio_7,S046,2026-10-22T16:12:08,"counterpoint, consolidation is part of learning not a break from it"
M05127,G24,studio_7,S041,2026-10-22T16:12:15,alright who is taking notes today
M05128,G18,studio_7,S069,2026-10-22T16:12:22,right my read is we should be careful about collecting sleep data at all or am i off
M05129,G16,studio_7,S052,2026-10-22T16:12:24,one more hour of studying versus one more sleep cycle is the real tradeoff right
M05130,G04,studio_7,S087,2026-10-22T16:12:25,moving the transcript into the doc now lol
M05131,G19,studio_7,S018,2026-10-22T16:12:37,right can you say more about that
M05132,G13,studio_7,S091,2026-10-22T16:12:41,hmm who wants to present back
M05133,G17,studio_7,S086,2026-10-22T16:12:44,yeah sorry can you repeat that?
M05134,G16,studio_7,S052,2026-10-22T16:12:48,ok putting the question at the top of the doc or am i off
M05135,G05,studio_7,S107,2026-10-22T16:12:59,honestly attention lapses show up before you feel tired
M05136,G20,studio_7,S112,2026-10-22T16:13:02,right hi all
M05137,G16,studio_7,S052,2026-10-22T16:13:17,hey fair enough
M05138,G17,studio_7,S062,2026-10-22T16:13:24,good point
M05139,G23,studio_7,S040,2026-10-22T16:13:24,oh my read is one more hour of studying versus one more sleep cycle is the real tradeoff lol
M05140,G12,studio_7,S013,2026-10-22T16:13:26,wait can you give an example does that track
M05141,G22,studio_7,S093,2026-10-22T16:14:10,hmm are we answering question three or the next one
M05142,G11,studio_7,S081,2026-10-22T16:14:18,so should we outline first right
M05143,G12,studio_7,S057,2026-10-22T16:14:23,good point or am i off
M05144,G21,studio_7,S098,2026-10-22T16:14:28,"counterpoint, attention lapses show up before you feel tired does that track"
M05145,G10,studio_7,S009,2026-10-22T16:14:32,are we answering question three or the next one does that track
M05146,G22,studio_7,S110,2026-10-22T16:14:37,can someone paste the reading what do you think
M05147,G20,studio_7,S117,2026-10-22T16:14:42,yeah yes exactly
M05148,G05,studio_7,S107,2026-10-22T16:14:43,"alright from the reading, one more hour of studying versus one more sleep cycle is the real tradeoff"
M05149,G08,studio_7,S088,2026-10-22T16:15:06,can you say more about that
M05150,G11,studio_7,S105,2026-10-22T16:15:07,maybe consolidation is part of learning not a break from it
M05151,G01,studio_7,S030,2026-10-22T16:15:39,hey this is fun actually
M05152,G14,studio_7,S039,2026-10-22T16:15:44,alright i think sleep advice assumes a schedule many students do not control lol
M05153,G10,studio_7,S009,2026-10-22T16:15:45,framing sleep as a study strategy landed better with my students
M05154,G18,studio_7,S054,2026-10-22T16:15:45,we have fifteen minutes left does that track
M05155,G02,studio_7,S017,2026-10-22T16:15:49,let's timebox this to three minutes
M05156,G01,studio_7,S056,2026-10-22T16:15:49,wait this is fun actually does that track
M05157,G17,studio_7,S086,2026-10-22T16:16:04,hmm sorry can you repeat that
M05158,G01,studio_7,S056,2026-10-22T16:16:08,are we answering question ten or the next one does that track
M05159,G20,studio_7,S117,2026-10-22T16:16:19,i'm back
M05160,G06,studio_7,S053,2026-10-22T16:16:28,oh my read is an eight am class fights most undergrad circadian rhythms what do you think
M05161,G18,studio_7,S004,2026-10-22T16:16:29,"not sure, but attention lapses show up before you feel tired does that track"
M05162,G14,studio_7,S039,2026-10-22T16:16:33,"for the doc, attention lapses show up before you feel tired or am i off"
M05163,G18,studio_7,S069,2026-10-22T16:16:35,alright can we come back to part 3 in a sec sorry if that is obvious
M05164,G12,studio_7,S057,2026-10-22T16:16:39,wait that made me laugh if that works for everyone
M05165,G16,studio_7,S070,2026-10-22T16:16:40,yeah is that the same as what we said before sorry if that is obvious
M05166,G01,studio_7,S033,2026-10-22T16:16:45,"so from the reading, attention lapses show up before you feel tired"
M05167,G20,studio_7,S119,2026-10-22T16:16:59,let's timebox this to two minutes
M05168,G07,studio_7,S044,2026-10-22T16:17:12,yeah sharing my screen now right
M05169,G06,studio_7,S053,2026-10-22T16:17:24,yeah someone should own part 1 sorry if that is obvious
M05170,G18,studio_7,S069,2026-10-22T16:17:35,oh who is taking notes today
M05171,G09,studio_7,S067,2026-10-22T16:17:37,wait are we answering question five or the next one if that works for everyone
M05172,G22,studio_7,S093,2026-10-22T16:17:40,hey good point does that track
M05173,G08,studio_7,S021,2026-10-22T16:17:40,right oh interesting
M05174,G03,studio_7,S023,2026-10-22T16:17:43,"for the doc, the last two hours of studying cost more than they return?"
M05175,G14,studio_7,S065,2026-10-22T16:18:08,ok who wants to present back
M05176,G09,studio_7,S067,2026-10-22T16:18:10,hey one more hour of studying versus one more sleep cycle is the real tradeoff?
M05177,G02,studio_7,S064,2026-10-22T16:18:19,"so for the doc, sleep advice assumes a schedule many students do not control does that track"
M05178,G17,studio_7,S062,2026-10-22T16:18:21,i lost the rubric again sorry
M05179,G05,studio_7,S118,2026-10-22T16:18:42,no worries
M05180,G04,studio_7,S090,2026-10-22T16:18:45,hmm putting the table at the top of the doc
M05181,G23,studio_7,S114,2026-10-22T16:18:54,"alright not sure, but sleep advice assumes a schedule many students do not control right"
M05182,G16,studio_7,S070,2026-10-22T16:18:54,"yeah from the reading, we should be careful about collecting sleep data at all"
M05183,G06,studio_7,S116,2026-10-22T16:19:00,ok what does that term mean again or am i off
M05184,G01,studio_7,S038,2026-10-22T16:19:09,"not sure, but sleep advice assumes a schedule many students do not control or am i off"
M05185,G24,studio_7,S028,2026-10-22T16:19:14,right someone should own part 2 right
M05186,G12,studio_7,S095,2026-10-22T16:19:18,let's split this four ways what do you think
M05187,G11,studio_7,S081,2026-10-22T16:19:23,same here honestly
M05188,G23,studio_7,S040,2026-10-22T16:19:41,oh framing sleep as a study strategy landed better with my students or am i off
M05189,G10,studio_7,S103,2026-10-22T16:19:59,so we should be careful about collecting sleep data at all or am i off
M05190,G16,studio_7,S080,2026-10-22T16:20:07,"yeah for the doc, sleep advice assumes a schedule many students do not control what do you think"
M05191,G15,studio_7,S014,2026-10-22T16:20:16,alright let's each take three minutes to write first sorry if that is obvious
M05192,G20,studio_7,S117,2026-10-22T16:20:35,right can you say more about that
M05193,G12,studio_7,S057,2026-10-22T16:20:40,hmm can we come back to part 1 in a sec what do you think
M05194,G14,studio_7,S039,2026-10-22T16:20:43,"yeah from the reading, attention lapses show up before you feel tired"
M05195,G04,studio_7,S002,2026-10-22T16:20:46,i lost the prompt again sorry
M05196,G14,studio_7,S065,2026-10-22T16:20:54,hmm yes exactly
M05197,G14,studio_7,S065,2026-10-22T16:20:56,"yeah from the reading, an eight am class fights most undergrad circadian rhythms if that works for everyone"
M05198,G16,studio_7,S080,2026-10-22T16:20:57,ok fair enough
M05199,G19,studio_7,S042,2026-10-22T16:21:02,can we come back to the second question in a sec
M05200,G01,studio_7,S033,2026-10-22T16:21:11,hey i'm not sure i follow does that track
M05201,G08,studio_7,S108,2026-10-22T16:21:16,oh honestly consolidation is part of learning not a break from it what do you think
M05202,G17,studio_7,S099,2026-10-22T16:21:22,hmm i lost the reading again sorry if that works for everyone
M05203,G13,studio_7,S061,2026-10-22T16:21:23,oh i lost the question again sorry what do you think
M05204,G23,studio_7,S049,2026-10-22T16:21:32,so sorry can you repeat that
M05205,G01,studio_7,S030,2026-10-22T16:21:35,so nice sorry if that is obvious
M05206,G09,studio_7,S077,2026-10-22T16:21:37,hmm let's each take twenty minutes to write first sorry if that is obvious
M05207,G10,studio_7,S009,2026-10-22T16:21:46,so sleep advice assumes a schedule many students do not control or am i off
M05208,G15,studio_7,S034,2026-10-22T16:21:57,ok i'll take the intro if that works for everyone
M05209,G17,studio_7,S016,2026-10-22T16:22:09,ok i'm adding the doc link to the doc right
M05210,G03,studio_7,S100,2026-10-22T16:22:10,oh hold on let me reread the handout lol
M05211,G06,studio_7,S011,2026-10-22T16:22:11,yeah i'll take the wrap up right
M05212,G17,studio_7,S099,2026-10-22T16:22:13,ok putting the doc link at the top of the doc right
M05213,G20,studio_7,S113,2026-10-22T16:22:27,so are we answering question five or the next one lol
M05214,G13,studio_7,S022,2026-10-22T16:22:29,we should be careful about collecting sleep data at all if that works for everyone
M05215,G12,studio_7,S084,2026-10-22T16:22:49,putting the transcript at the top of the doc
M05216,G02,studio_7,S120,2026-10-22T16:23:06,right i can reorganize the doc if that works for everyone
M05217,G23,studio_7,S049,2026-10-22T16:23:08,i think the last two hours of studying cost more than they return
M05218,G03,studio_7,S100,2026-10-22T16:23:14,wait can you say more about that lol
M05219,G16,studio_7,S070,2026-10-22T16:23:14,hold on let me reread the prompt if that works for everyone
M05220,G10,studio_7,S015,2026-10-22T16:23:23,"alright for the doc, framing sleep as a study strategy landed better with my students?"
M05221,G01,studio_7,S030,2026-10-22T16:23:23,yeah maybe sleep advice assumes a schedule many students do not control if that works for everyone
M05222,G23,studio_7,S114,2026-10-22T16:23:27,yeah i'll write up the summary
M05223,G03,studio_7,S100,2026-10-22T16:23:36,love that?
M05224,G16,studio_7,S080,2026-10-22T16:23:38,ok who wants to present back lol
M05225,G19,studio_7,S042,2026-10-22T16:23:52,ok that makes sense
M05226,G04,studio_7,S087,2026-10-22T16:23:56,hey fixed wake time helped me more than total hours did
M05227,G06,studio_7,S073,2026-10-22T16:23:57,i can present if nobody else wants to right
M05228,G16,studio_7,S109,2026-10-22T16:24:05,hey no worries
M05229,G15,studio_7,S006,2026-10-22T16:24:14,"so from the reading, an eight am class fights most undergrad circadian rhythms lol"
M05230,G03,studio_7,S055,2026-10-22T16:24:22,hmm fixed wake time helped me more than total hours did
M05231,G12,studio_7,S084,2026-10-22T16:24:27,yeah putting the table at the top of the doc?
M05232,G05,studio_7,S051,2026-10-22T16:24:39,hmm i'm adding the rubric to the doc if that works for everyone
M05233,G15,studio_7,S014,2026-10-22T16:24:49,wait sleep advice assumes a schedule many students do not control right
M05234,G15,studio_7,S032,2026-10-22T16:24:59,"hmm for the doc, an eight am class fights most undergrad circadian rhythms what do you think"
M05235,G17,studio_7,S062,2026-10-22T16:25:00,can you say more about that
M05236,G14,studio_7,S039,2026-10-22T16:25:05,alright hold on let me reread the slide
M05237,G13,studio_7,S072,2026-10-22T16:25:23,ok i'll write up part 2
M05238,G22,studio_7,S097,2026-10-22T16:25:29,right sharing my screen now what do you think
M05239,G16,studio_7,S052,2026-10-22T16:25:31,fair enough
M05240,G15,studio_7,S032,2026-10-22T16:25:31,ok so an eight am class fights most undergrad circadian rhythms
M05241,G21,studio_7,S111,2026-10-22T16:25:35,this is fun actually
M05242,G22,studio_7,S027,2026-10-22T16:25:40,yeah oh interesting
M05243,G24,studio_7,S048,2026-10-22T16:26:01,do you mean the rubric or the other one
M05244,G04,studio_7,S050,2026-10-22T16:26:06,"so from the reading, attention lapses show up before you feel tired sorry if that is obvious"
M05245,G18,studio_7,S054,2026-10-22T16:26:22,nice
M05246,G12,studio_7,S057,2026-10-22T16:26:27,honestly fixed wake time helped me more than total hours did if that works for everyone
M05247,G08,studio_7,S068,2026-10-22T16:26:31,alright framing sleep as a study strategy landed better with my students or am i off
M05248,G04,studio_7,S090,2026-10-22T16:26:38,wait really
M05249,G02,studio_7,S120,2026-10-22T16:26:41,honestly an eight am class fights most undergrad circadian rhythms what do you think
M05250,G23,studio_7,S040,2026-10-22T16:26:54,is that the same as what we said before if that works for everyone
M05251,G08,studio_7,S021,2026-10-22T16:26:56,"alright from the reading, the last two hours of studying cost more than they return?"
M05252,G22,studio_7,S096,2026-10-22T16:27:00,so can someone paste the prompt
M05253,G07,studio_7,S071,2026-10-22T16:27:18,right honestly sleep advice assumes a schedule many students do not control
M05254,G20,studio_7,S089,2026-10-22T16:27:24,yes exactly
M05255,G23,studio_7,S040,2026-10-22T16:27:26,wait my read is consolidation is part of learning not a break from it or am i off
M05256,G15,studio_7,S034,2026-10-22T16:27:26,"counterpoint, sleep advice assumes a schedule many students do not control does that track"
M05257,G10,studio_7,S009,2026-10-22T16:27:28,hey maybe fixed wake time helped me more than total hours did?
M05258,G12,studio_7,S084,2026-10-22T16:27:36,ok good point lol
M05259,G20,studio_7,S119,2026-10-22T16:27:50,sorry can you repeat that?
M05260,G17,studio_7,S099,2026-10-22T16:27:54,let's timebox this to two minutes
M05261,G08,studio_7,S068,2026-10-22T16:27:54,yeah fair enough
M05262,G20,studio_7,S089,2026-10-22T16:28:02,"alright counterpoint, sleep advice assumes a schedule many students do not control"
M05263,G17,studio_7,S086,2026-10-22T16:28:09,hmm consolidation is part of learning not a break from it does that track
M05264,G12,studio_7,S057,2026-10-22T16:28:26,where is that in the handout does that track
M05265,G24,studio_7,S048,2026-10-22T16:28:30,which the table are we on
M05266,G04,studio_7,S002,2026-10-22T16:28:37,so sleep advice assumes a schedule many students do not control if that works for everyone
M05267,G18,studio_7,S004,2026-10-22T16:28:39,right maybe sleep advice assumes a schedule many students do not control if that works for everyone
M05268,G09,studio_7,S036,2026-10-22T16:28:40,wait i think attention lapses show up before you feel tired
M05269,G23,studio_7,S040,2026-10-22T16:28:51,alright my read is we should be careful about collecting sleep data at all
M05270,G09,studio_7,S077,2026-10-22T16:28:52,"hmm counterpoint, attention lapses show up before you feel tired"
M05271,G05,studio_7,S118,2026-10-22T16:28:54,hmm i lost the question again sorry
M05272,G01,studio_7,S056,2026-10-22T16:29:12,wait someone should own the summary
M05273,G05,studio_7,S025,2026-10-22T16:29:29,fair enough does that track
M05274,G18,studio_7,S075,2026-10-22T16:29:30,honestly fixed wake time helped me more than total hours did right
M05275,G21,studio_7,S085,2026-10-22T16:29:40,oh my read is the last two hours of studying cost more than they return right
M05276,G03,studio_7,S023,2026-10-22T16:29:49,wait i think attention lapses show up before you feel tired sorry if that is obvious
M05277,G16,studio_7,S109,2026-10-22T16:29:52,hey does everyone have the example open if that works for everyone
M05278,G18,studio_7,S075,2026-10-22T16:29:52,hmm that is a great way to put it
M05279,G21,studio_7,S094,2026-10-22T16:29:53,so maybe framing sleep as a study strategy landed better with my students
M05280,G08,studio_7,S047,2026-10-22T16:29:57,hmm maybe we should be careful about collecting sleep data at all right
M05281,G21,studio_7,S085,2026-10-22T16:30:03,wait we should be careful about collecting sleep data at all if that works for everyone
M05282,G16,studio_7,S052,2026-10-22T16:30:12,ok sleep advice assumes a schedule many students do not control what do you think
M05283,G05,studio_7,S118,2026-10-22T16:30:20,ok can we come back to the definitions in a sec
M05284,G20,studio_7,S113,2026-10-22T16:30:35,can you say more about that
M05285,G03,studio_7,S055,2026-10-22T16:30:37,ok so fixed wake time helped me more than total hours did if that works for everyone
M05286,G21,studio_7,S085,2026-10-22T16:30:45,oh are we answering question four or the next one does that track
M05287,G15,studio_7,S020,2026-10-22T16:30:45,oh can someone paste the table or am i off
M05288,G18,studio_7,S069,2026-10-22T16:30:47,right i can present if nobody else wants to
M05289,G03,studio_7,S037,2026-10-22T16:30:54,where is that in the example does that track
M05290,G14,studio_7,S074,2026-10-22T16:31:01,"right counterpoint, fixed wake time helped me more than total hours did if that works for everyone"
M05291,G10,studio_7,S078,2026-10-22T16:31:06,right framing sleep as a study strategy landed better with my students
M05292,G10,studio_7,S083,2026-10-22T16:31:29,right my wifi dropped sorry
M05293,G16,studio_7,S052,2026-10-22T16:31:36,alright which our notes are we on sorry if that is obvious
M05294,G24,studio_7,S028,2026-10-22T16:31:57,can you give an example
M05295,G10,studio_7,S083,2026-10-22T16:32:02,"yeah for the doc, we should be careful about collecting sleep data at all"
M05296,G18,studio_7,S075,2026-10-22T16:32:12,hey an eight am class fights most undergrad circadian rhythms right
M05297,G05,studio_7,S107,2026-10-22T16:32:49,hmm nice does that track
M05298,G10,studio_7,S103,2026-10-22T16:33:01,hey that is a great way to put it
M05299,G16,studio_7,S109,2026-10-22T16:33:03,hmm i can present if nobody else wants to lol
M05300,G01,studio_7,S056,2026-10-22T16:33:07,"hey from the reading, the last two hours of studying cost more than they return?"
M05301,G16,studio_7,S070,2026-10-22T16:33:12,yeah can you give an example or am i off
M05302,G09,studio_7,S082,2026-10-22T16:33:19,good point
M05303,G20,studio_7,S112,2026-10-22T16:33:31,oh i'm not sure i follow
M05304,G01,studio_7,S076,2026-10-22T16:33:32,same here honestly
M05305,G19,studio_7,S042,2026-10-22T16:33:35,oh interesting
M05306,G04,studio_7,S090,2026-10-22T16:33:50,yeah honestly an eight am class fights most undergrad circadian rhythms what do you think
M05307,G23,studio_7,S114,2026-10-22T16:34:06,hmm moving the example into the doc now
M05308,G03,studio_7,S023,2026-10-22T16:34:06,"oh from the reading, the last two hours of studying cost more than they return or am i off"
M05309,G23,studio_7,S049,2026-10-22T16:34:11,so can someone paste the transcript
M05310,G20,studio_7,S112,2026-10-22T16:34:32,right my wifi dropped sorry
M05311,G02,studio_7,S017,2026-10-22T16:34:43,i'm back
M05312,G09,studio_7,S036,2026-10-22T16:34:45,wait do you mean the prompt or the other one if that works for everyone
M05313,G12,studio_7,S095,2026-10-22T16:34:56,so fair enough
M05314,G11,studio_7,S046,2026-10-22T16:35:04,wait so sleep advice assumes a schedule many students do not control
M05315,G03,studio_7,S055,2026-10-22T16:35:24,hey i can clean up the doc lol
M05316,G16,studio_7,S052,2026-10-22T16:35:27,ok so one more hour of studying versus one more sleep cycle is the real tradeoff
M05317,G14,studio_7,S074,2026-10-22T16:35:42,agreed
M05318,G11,studio_7,S081,2026-10-22T16:35:44,ok where is that in the reading if that works for everyone
M05319,G16,studio_7,S052,2026-10-22T16:35:45,what does that term mean again
M05320,G15,studio_7,S014,2026-10-22T16:36:04,yeah agreed does that track
M05321,G13,studio_7,S091,2026-10-22T16:36:18,right consolidation is part of learning not a break from it what do you think
M05322,G23,studio_7,S049,2026-10-22T16:36:19,same here honestly right
M05323,G06,studio_7,S116,2026-10-22T16:36:23,so an eight am class fights most undergrad circadian rhythms sorry if that is obvious
M05324,G08,studio_7,S047,2026-10-22T16:36:26,"so not sure, but consolidation is part of learning not a break from it lol"
M05325,G06,studio_7,S045,2026-10-22T16:36:42,so i lost the doc link again sorry
M05326,G11,studio_7,S058,2026-10-22T16:36:46,oh i'm not sure i follow
M05327,G11,studio_7,S058,2026-10-22T16:36:48,wait the last two hours of studying cost more than they return
M05328,G20,studio_7,S089,2026-10-22T16:36:50,oh same here honestly
M05329,G04,studio_7,S090,2026-10-22T16:36:56,ok can someone paste the reading right
M05330,G12,studio_7,S057,2026-10-22T16:37:01,that is a great way to put it
M05331,G03,studio_7,S100,2026-10-22T16:37:02,yeah let's timebox this to two minutes if that works for everyone
M05332,G20,studio_7,S113,2026-10-22T16:37:06,hey that made me laugh
M05333,G20,studio_7,S112,2026-10-22T16:37:08,yeah i missed that last bit right
M05334,G20,studio_7,S089,2026-10-22T16:37:18,an eight am class fights most undergrad circadian rhythms?
M05335,G09,studio_7,S082,2026-10-22T16:37:21,oh really
M05336,G05,studio_7,S107,2026-10-22T16:37:24,"hmm not sure, but the last two hours of studying cost more than they return does that track"
M05337,G08,studio_7,S068,2026-10-22T16:37:35,ok same here honestly sorry if that is obvious
M05338,G16,studio_7,S052,2026-10-22T16:37:53,wait my read is attention lapses show up before you feel tired what do you think
M05339,G07,studio_7,S010,2026-10-22T16:38:03,ok sleep advice assumes a schedule many students do not control does that track
M05340,G24,studio_7,S005,2026-10-22T16:38:03,wait i'm following now what do you think
M05341,G03,studio_7,S037,2026-10-22T16:38:08,we have ten minutes left does that track
M05342,G14,studio_7,S031,2026-10-22T16:38:08,consolidation is part of learning not a break from it does that track
M05343,G10,studio_7,S009,2026-10-22T16:38:17,so can someone paste the slide
M05344,G21,studio_7,S094,2026-10-22T16:38:20,can we come back to the last section in a sec if that works for everyone
M05345,G20,studio_7,S112,2026-10-22T16:38:30,should we outline first
M05346,G08,studio_7,S108,2026-10-22T16:38:36,oh does everyone have our notes open or am i off
M05347,G17,studio_7,S099,2026-10-22T16:38:37,oh is that the same as what we said before
M05348,G08,studio_7,S021,2026-10-22T16:38:37,hey so fixed wake time helped me more than total hours did
M05349,G17,studio_7,S086,2026-10-22T16:38:41,i think fixed wake time helped me more than total hours did sorry if that is obvious
M05350,G15,studio_7,S020,2026-10-22T16:38:55,"ok not sure, but we should be careful about collecting sleep data at all"
M05351,G21,studio_7,S098,2026-10-22T16:39:05,yeah love that
M05352,G21,studio_7,S085,2026-10-22T16:39:09,that made me laugh
M05353,G09,studio_7,S029,2026-10-22T16:39:14,hey attention lapses show up before you feel tired
M05354,G06,studio_7,S011,2026-10-22T16:39:18,yeah are we answering question twenty or the next one
M05355,G20,studio_7,S089,2026-10-22T16:39:22,hmm we have five minutes left sorry if that is obvious
M05356,G07,studio_7,S010,2026-10-22T16:39:51,attention lapses show up before you feel tired or am i off
M05357,G03,studio_7,S079,2026-10-22T16:40:20,we have twenty minutes left sorry if that is obvious
M05358,G07,studio_7,S010,2026-10-22T16:40:33,oh sorry can you repeat that?
M05359,G16,studio_7,S052,2026-10-22T16:40:51,hmm so an eight am class fights most undergrad circadian rhythms if that works for everyone
M05360,G15,studio_7,S006,2026-10-22T16:40:53,right yes exactly right
M05361,G13,studio_7,S022,2026-10-22T16:41:07,this is fun actually
M05362,G04,studio_7,S090,2026-10-22T16:41:08,an eight am class fights most undergrad circadian rhythms does that track
M05363,G08,studio_7,S068,2026-10-22T16:41:53,wait so consolidation is part of learning not a break from it right
M05364,G07,studio_7,S010,2026-10-22T16:41:57,"not sure, but consolidation is part of learning not a break from it"
M05365,G12,studio_7,S084,2026-10-22T16:42:10,alright i'm following now
M05366,G09,studio_7,S036,2026-10-22T16:42:22,hmm an eight am class fights most undergrad circadian rhythms
M05367,G11,studio_7,S081,2026-10-22T16:42:25,i'm following now
M05368,G24,studio_7,S060,2026-10-22T16:42:29,ok i'll take the wrap up what do you think
M05369,G07,studio_7,S001,2026-10-22T16:42:30,alright i think the last two hours of studying cost more than they return
M05370,G04,studio_7,S050,2026-10-22T16:42:31,ok can you give an example
M05371,G07,studio_7,S010,2026-10-22T16:42:44,hey we should be careful about collecting sleep data at all what do you think
M05372,G24,studio_7,S048,2026-10-22T16:42:46,sharing my screen now what do you think
M05373,G14,studio_7,S031,2026-10-22T16:43:10,"yeah for the doc, attention lapses show up before you feel tired if that works for everyone"
M05374,G14,studio_7,S039,2026-10-22T16:43:19,attention lapses show up before you feel tired if that works for everyone
M05375,G16,studio_7,S052,2026-10-22T16:43:23,hey moving the table into the doc now does that track
M05376,G13,studio_7,S012,2026-10-22T16:43:31,yeah same here honestly
M05377,G19,studio_7,S018,2026-10-22T16:43:51,wait that is a great way to put it
M05378,G14,studio_7,S104,2026-10-22T16:43:56,wait moving the rubric into the doc now
M05379,G16,studio_7,S109,2026-10-22T16:44:04,"not sure, but we should be careful about collecting sleep data at all"
M05380,G14,studio_7,S031,2026-10-22T16:44:24,hey attention lapses show up before you feel tired
M05381,G14,studio_7,S104,2026-10-22T16:44:35,sorry can you repeat that
M05382,G06,studio_7,S053,2026-10-22T16:44:35,i'll write up the definitions
M05383,G21,studio_7,S111,2026-10-22T16:44:41,hmm who wants to present back right
M05384,G20,studio_7,S119,2026-10-22T16:44:42,alright i'm following now
M05385,G10,studio_7,S103,2026-10-22T16:44:45,i'm adding the slide to the doc
M05386,G20,studio_7,S113,2026-10-22T16:44:58,so do you mean the handout or the other one right
M05387,G12,studio_7,S095,2026-10-22T16:45:03,hmm maybe sleep advice assumes a schedule many students do not control what do you think
M05388,G17,studio_7,S099,2026-10-22T16:45:11,hey who wants to present back?
M05389,G20,studio_7,S117,2026-10-22T16:45:21,alright we should be careful about collecting sleep data at all
M05390,G05,studio_7,S051,2026-10-22T16:45:28,i'm adding the rubric to the doc what do you think
M05391,G15,studio_7,S014,2026-10-22T16:45:33,so the last two hours of studying cost more than they return what do you think
M05392,G01,studio_7,S038,2026-10-22T16:45:39,fixed wake time helped me more than total hours did does that track
M05393,G06,studio_7,S011,2026-10-22T16:45:44,ok maybe fixed wake time helped me more than total hours did if that works for everyone
M05394,G14,studio_7,S031,2026-10-22T16:46:00,i think framing sleep as a study strategy landed better with my students
M05395,G14,studio_7,S039,2026-10-22T16:46:07,wait maybe an eight am class fights most undergrad circadian rhythms if that works for everyone
M05396,G16,studio_7,S007,2026-10-22T16:46:13,right i think fixed wake time helped me more than total hours did
M05397,G24,studio_7,S028,2026-10-22T16:46:40,that is a great way to put it
M05398,G06,studio_7,S053,2026-10-22T16:46:53,oh i'll take the last section what do you think
M05399,G20,studio_7,S112,2026-10-22T16:47:02,alright we should be careful about collecting sleep data at all what do you think
M05400,G06,studio_7,S116,2026-10-22T16:47:13,i'm not sure i follow
M05401,G10,studio_7,S078,2026-10-22T16:47:14,yeah my wifi dropped sorry
M05402,G22,studio_7,S093,2026-10-22T16:47:26,"right from the reading, an eight am class fights most undergrad circadian rhythms does that track"
M05403,G19,studio_7,S018,2026-10-22T16:47:28,yeah should we outline first or am i off
M05404,G16,studio_7,S109,2026-10-22T16:47:28,yeah we have five minutes left right
M05405,G15,studio_7,S006,2026-10-22T16:47:37,"for the doc, an eight am class fights most undergrad circadian rhythms does that track"
M05406,G16,studio_7,S007,2026-10-22T16:47:47,hmm that made me laugh?
M05407,G10,studio_7,S015,2026-10-22T16:47:59,oh i think sleep advice assumes a schedule many students do not control
M05408,G13,studio_7,S022,2026-10-22T16:48:00,"from the reading, an eight am class fights most undergrad circadian rhythms"
M05409,G23,studio_7,S114,2026-10-22T16:48:01,right do you mean the question or the other one does that track
M05410,G05,studio_7,S043,2026-10-22T16:48:02,hey i'm convinced if that works for everyone
M05411,G03,studio_7,S023,2026-10-22T16:48:08,hmm so framing sleep as a study strategy landed better with my students
M05412,G15,studio_7,S034,2026-10-22T16:48:31,"hmm from the reading, sleep advice assumes a schedule many students do not control right"
M05413,G01,studio_7,S033,2026-10-22T16:48:37,hey i think attention lapses show up before you feel tired
M05414,G03,studio_7,S079,2026-10-22T16:48:43,so someone should own the counterargument lol
M05415,G15,studio_7,S006,2026-10-22T16:48:46,so i think the last two hours of studying cost more than they return
M05416,G24,studio_7,S048,2026-10-22T16:48:58,yeah i can present if nobody else wants to
M05417,G15,studio_7,S006,2026-10-22T16:49:01,ok let's each take three minutes to write first lol
M05418,G04,studio_7,S090,2026-10-22T16:49:05,"oh for the doc, framing sleep as a study strategy landed better with my students"
M05419,G13,studio_7,S012,2026-10-22T16:49:09,oh my read is we should be careful about collecting sleep data at all or am i off
M05420,G03,studio_7,S023,2026-10-22T16:49:13,alright can someone paste the reading if that works for everyone
M05421,G13,studio_7,S072,2026-10-22T16:49:17,alright so one more hour of studying versus one more sleep cycle is the real tradeoff
M05422,G18,studio_7,S101,2026-10-22T16:49:30,so i'm convinced
M05423,G15,studio_7,S014,2026-10-22T16:49:32,i'm following now
M05424,G17,studio_7,S035,2026-10-22T16:49:46,hmm you two are on a roll
M05425,G11,studio_7,S105,2026-10-22T16:49:53,attention lapses show up before you feel tired
M05426,G13,studio_7,S012,2026-10-22T16:49:56,ok i think an eight am class fights most undergrad circadian rhythms
M05427,G09,studio_7,S077,2026-10-22T16:50:15,that makes sense
M05428,G16,studio_7,S070,2026-10-22T16:50:24,moving the table into the doc now
M05429,G18,studio_7,S004,2026-10-22T16:50:27,yeah i think we should be careful about collecting sleep data at all or am i off
M05430,G16,studio_7,S070,2026-10-22T16:50:30,alright so fixed wake time helped me more than total hours did or am i off
M05431,G03,studio_7,S055,2026-10-22T16:50:34,right sleep advice assumes a schedule many students do not control lol
M05432,G03,studio_7,S023,2026-10-22T16:50:39,alright maybe sleep advice assumes a schedule many students do not control lol
M05433,G07,studio_7,S010,2026-10-22T16:50:41,alright hi all
M05434,G18,studio_7,S069,2026-10-22T16:50:50,"ok from the reading, we should be careful about collecting sleep data at all"
M05435,G02,studio_7,S026,2026-10-22T16:51:06,"ok not sure, but attention lapses show up before you feel tired or am i off"
M05436,G23,studio_7,S040,2026-10-22T16:51:07,you two are on a roll
M05437,G01,studio_7,S030,2026-10-22T16:51:13,hmm i'm back
M05438,G23,studio_7,S106,2026-10-22T16:51:18,sharing my screen now if that works for everyone
M05439,G06,studio_7,S116,2026-10-22T16:51:22,wait consolidation is part of learning not a break from it
M05440,G15,studio_7,S006,2026-10-22T16:51:31,wait who wants to present back right
M05441,G24,studio_7,S041,2026-10-22T16:51:36,that is a great way to put it?
M05442,G11,studio_7,S105,2026-10-22T16:51:37,hmm nice
M05443,G12,studio_7,S057,2026-10-22T16:51:44,"alright not sure, but the last two hours of studying cost more than they return does that track"
M05444,G21,studio_7,S098,2026-10-22T16:51:57,wait can you say more about that does that track
M05445,G23,studio_7,S106,2026-10-22T16:52:09,hmm so fixed wake time helped me more than total hours did
M05446,G15,studio_7,S006,2026-10-22T16:52:17,so i think consolidation is part of learning not a break from it lol
M05447,G20,studio_7,S089,2026-10-22T16:52:22,oh we have two minutes left what do you think
M05448,G23,studio_7,S106,2026-10-22T16:52:24,so moving our notes into the doc now
M05449,G02,studio_7,S120,2026-10-22T16:52:26,oh what does that term mean again if that works for everyone
M05450,G05,studio_7,S025,2026-10-22T16:52:34,right maybe consolidation is part of learning not a break from it if that works for everyone
M05451,G09,studio_7,S036,2026-10-22T16:52:37,"oh for the doc, framing sleep as a study strategy landed better with my students what do you think"
M05452,G20,studio_7,S112,2026-10-22T16:52:46,i'm following now if that works for everyone
M05453,G15,studio_7,S020,2026-10-22T16:52:47,alright framing sleep as a study strategy landed better with my students
M05454,G08,studio_7,S047,2026-10-22T16:52:48,so fixed wake time helped me more than total hours did or am i off
M05455,G16,studio_7,S007,2026-10-22T16:53:14,so maybe an eight am class fights most undergrad circadian rhythms what do you think
M05456,G14,studio_7,S065,2026-10-22T16:53:33,i think sleep advice assumes a schedule many students do not control
M05457,G24,studio_7,S041,2026-10-22T16:53:37,right i lost the handout again sorry right
M05458,G17,studio_7,S086,2026-10-22T16:53:41,wait i can reorganize the doc
M05459,G13,studio_7,S022,2026-10-22T16:53:56,alright where is that in our notes
M05460,G11,studio_7,S092,2026-10-22T16:53:59,hey i can present if nobody else wants to
M05461,G13,studio_7,S061,2026-10-22T16:54:01,i think the last two hours of studying cost more than they return or am i off
M05462,G04,studio_7,S050,2026-10-22T16:54:31,hey i think an eight am class fights most undergrad circadian rhythms
M05463,G24,studio_7,S048,2026-10-22T16:54:35,oh honestly framing sleep as a study strategy landed better with my students or am i off
M05464,G15,studio_7,S034,2026-10-22T16:54:43,ok i'll write up the second question?
M05465,G24,studio_7,S028,2026-10-22T16:55:12,ok thanks for waiting
M05466,G11,studio_7,S105,2026-10-22T16:55:29,right can you say more about that
M05467,G24,studio_7,S048,2026-10-22T16:55:30,yeah i'm adding the example to the doc sorry if that is obvious
M05468,G02,studio_7,S019,2026-10-22T16:55:52,alright my read is an eight am class fights most undergrad circadian rhythms lol
M05469,G21,studio_7,S085,2026-10-22T16:55:55,ok should we outline first does that track
M05470,G24,studio_7,S060,2026-10-22T16:56:00,yeah my read is sleep advice assumes a schedule many students do not control right
M05471,G12,studio_7,S084,2026-10-22T16:56:03,so consolidation is part of learning not a break from it if that works for everyone
M05472,G14,studio_7,S104,2026-10-22T16:56:12,"oh from the reading, the last two hours of studying cost more than they return or am i off"
M05473,G12,studio_7,S013,2026-10-22T16:56:12,oh fixed wake time helped me more than total hours did?
M05474,G11,studio_7,S092,2026-10-22T16:56:30,oh moving the reading into the doc now right
M05475,G11,studio_7,S092,2026-10-22T16:56:47,i lost the question again sorry?
M05476,G22,studio_7,S110,2026-10-22T16:57:09,"counterpoint, an eight am class fights most undergrad circadian rhythms or am i off"
M05477,G22,studio_7,S096,2026-10-22T16:57:10,so let's split this fifteen ways if that works for everyone
M05478,G16,studio_7,S080,2026-10-22T16:57:11,hmm i missed that last bit
M05479,G22,studio_7,S096,2026-10-22T16:57:12,right are we answering question three or the next one if that works for everyone
M05480,G03,studio_7,S055,2026-10-22T16:57:17,"right for the doc, fixed wake time helped me more than total hours did right"
M05481,G09,studio_7,S067,2026-10-22T16:57:34,"wait from the reading, one more hour of studying versus one more sleep cycle is the real tradeoff"
M05482,G16,studio_7,S052,2026-10-22T16:57:37,yeah i'll take part 1
M05483,G06,studio_7,S053,2026-10-22T16:57:46,oh thanks for waiting
M05484,G02,studio_7,S017,2026-10-22T16:58:03,wait who wants to present back
M05485,G17,studio_7,S099,2026-10-22T16:58:09,consolidation is part of learning not a break from it lol
M05486,G04,studio_7,S050,2026-10-22T16:58:11,yeah this is fun actually
M05487,G14,studio_7,S031,2026-10-22T16:58:12,"oh not sure, but the last two hours of studying cost more than they return sorry if that is obvious"
M05488,G07,studio_7,S001,2026-10-22T16:58:12,so i think consolidation is part of learning not a break from it
M05489,G04,studio_7,S102,2026-10-22T16:58:22,ok someone should own part 2
M05490,G16,studio_7,S052,2026-10-22T16:58:26,alright nice lol
M05491,G20,studio_7,S113,2026-10-22T16:58:37,hey so attention lapses show up before you feel tired does that track
M05492,G03,studio_7,S037,2026-10-22T16:58:43,hey i think fixed wake time helped me more than total hours did
M05493,G20,studio_7,S089,2026-10-22T16:58:46,alright sorry can you repeat that sorry if that is obvious
M05494,G02,studio_7,S120,2026-10-22T16:58:57,love that
M05495,G02,studio_7,S019,2026-10-22T16:59:00,can you give an example if that works for everyone
M05496,G06,studio_7,S045,2026-10-22T16:59:03,i'm adding the transcript to the doc
M05497,G04,studio_7,S050,2026-10-22T16:59:15,hey we should be careful about collecting sleep data at all or am i off
M05498,G18,studio_7,S075,2026-10-22T16:59:16,oh we should be careful about collecting sleep data at all
M05499,G10,studio_7,S078,2026-10-22T16:59:23,wait we have fifteen minutes left or am i off
M05500,G18,studio_7,S075,2026-10-22T16:59:37,oh my wifi dropped sorry
M05501,G09,studio_7,S067,2026-10-22T16:59:37,hmm we have five minutes left?
M05502,G11,studio_7,S092,2026-10-22T16:59:43,alright putting the reading at the top of the doc
M05503,G05,studio_7,S043,2026-10-22T16:59:57,right should we outline first if that works for everyone
M05504,G20,studio_7,S113,2026-10-22T16:59:57,oh fair enough
M05505,G07,studio_7,S001,2026-10-22T17:00:09,can someone paste the doc link does that track
M05506,G16,studio_7,S070,2026-10-22T17:00:19,hey i think consolidation is part of learning not a break from it
M05507,G08,studio_7,S021,2026-10-22T17:00:24,"from the reading, one more hour of studying versus one more sleep cycle is the real tradeoff if that works for everyone"
M05508,G17,studio_7,S086,2026-10-22T17:00:31,ok nice
M05509,G20,studio_7,S117,2026-10-22T17:00:34,"counterpoint, the last two hours of studying cost more than they return or am i off"
M05510,G02,studio_7,S017,2026-10-22T17:00:38,alright i can present if nobody else wants to
M05511,G23,studio_7,S024,2026-10-22T17:00:51,"right counterpoint, framing sleep as a study strategy landed better with my students does that track"
M05512,G24,studio_7,S060,2026-10-22T17:01:01,"for the doc, fixed wake time helped me more than total hours did"
M05513,G17,studio_7,S062,2026-10-22T17:01:49,honestly framing sleep as a study strategy landed better with my students what do you think
M05514,G04,studio_7,S002,2026-10-22T17:01:56,right i can present if nobody else wants to lol
M05515,G20,studio_7,S117,2026-10-22T17:01:57,so this is fun actually
M05516,G12,studio_7,S057,2026-10-22T17:02:06,so the last two hours of studying cost more than they return right
M05517,G06,studio_7,S073,2026-10-22T17:02:19,alright moving the doc link into the doc now right
M05518,G16,studio_7,S052,2026-10-22T17:02:19,hmm i'll write up the last section
M05519,G06,studio_7,S045,2026-10-22T17:02:21,so what does that term mean again does that track
M05520,G15,studio_7,S032,2026-10-22T17:02:22,alright i lost our notes again sorry what do you think
M05521,G03,studio_7,S100,2026-10-22T17:02:25,ok honestly the last two hours of studying cost more than they return
M05522,G01,studio_7,S056,2026-10-22T17:02:26,alright should we outline first what do you think
M05523,G08,studio_7,S088,2026-10-22T17:02:29,right can you give an example or am i off
M05524,G06,studio_7,S073,2026-10-22T17:02:30,"wait counterpoint, fixed wake time helped me more than total hours did"
M05525,G08,studio_7,S047,2026-10-22T17:02:30,ok can someone paste the reading if that works for everyone
M05526,G07,studio_7,S010,2026-10-22T17:02:32,right i'll write up the wrap up right
M05527,G19,studio_7,S003,2026-10-22T17:02:52,yeah i can reorganize the doc
M05528,G16,studio_7,S109,2026-10-22T17:03:00,are we answering question twenty or the next one or am i off
M05529,G12,studio_7,S013,2026-10-22T17:03:01,hey i'm not sure i follow right
M05530,G16,studio_7,S070,2026-10-22T17:03:20,so where is that in the reading or am i off
M05531,G13,studio_7,S091,2026-10-22T17:03:36,i'm following now
M05532,G22,studio_7,S096,2026-10-22T17:03:48,hey hold on let me reread the transcript
M05533,G13,studio_7,S012,2026-10-22T17:03:52,alright that is a great way to put it or am i off
M05534,G15,studio_7,S014,2026-10-22T17:04:03,hmm putting the example at the top of the doc if that works for everyone
M05535,G11,studio_7,S105,2026-10-22T17:04:06,so my read is sleep advice assumes a schedule many students do not control
M05536,G05,studio_7,S043,2026-10-22T17:04:11,yeah maybe an eight am class fights most undergrad circadian rhythms right
M05537,G18,studio_7,S075,2026-10-22T17:04:11,right can someone paste the example or am i off
M05538,G17,studio_7,S016,2026-10-22T17:04:14,hey can someone paste the prompt or am i off
M05539,G11,studio_7,S081,2026-10-22T17:04:24,hey who wants to present back
M05540,G20,studio_7,S112,2026-10-22T17:04:29,maybe we should be careful about collecting sleep data at all right
M05541,G01,studio_7,S038,2026-10-22T17:04:42,hmm sleep advice assumes a schedule many students do not control lol
M05542,G22,studio_7,S093,2026-10-22T17:04:51,yeah no worries
M05543,G13,studio_7,S061,2026-10-22T17:04:54,"hey for the doc, an eight am class fights most undergrad circadian rhythms"
M05544,G10,studio_7,S015,2026-10-22T17:05:01,right sleep advice assumes a schedule many students do not control
M05545,G06,studio_7,S073,2026-10-22T17:05:02,yeah someone should own the summary or am i off
M05546,G16,studio_7,S080,2026-10-22T17:05:19,wait this is fun actually or am i off
M05547,G07,studio_7,S044,2026-10-22T17:05:39,"for the doc, consolidation is part of learning not a break from it?"
M05548,G24,studio_7,S028,2026-10-22T17:05:39,this is fun actually
M05549,G08,studio_7,S047,2026-10-22T17:06:03,hey running two minutes late
M05550,G15,studio_7,S006,2026-10-22T17:06:09,hey maybe the last two hours of studying cost more than they return
M05551,G02,studio_7,S120,2026-10-22T17:06:09,alright what does that term mean again?
M05552,G23,studio_7,S049,2026-10-22T17:06:25,hey can you say more about that does that track
M05553,G08,studio_7,S068,2026-10-22T17:06:40,right an eight am class fights most undergrad circadian rhythms or am i off
M05554,G07,studio_7,S044,2026-10-22T17:06:56,hmm do you mean the example or the other one if that works for everyone
M05555,G18,studio_7,S069,2026-10-22T17:07:01,yeah hold on let me reread the rubric
M05556,G01,studio_7,S038,2026-10-22T17:07:02,where is that in the slide
M05557,G22,studio_7,S110,2026-10-22T17:07:09,oh let's each take three minutes to write first
M05558,G24,studio_7,S041,2026-10-22T17:07:09,hey maybe sleep advice assumes a schedule many students do not control if that works for everyone
M05559,G06,studio_7,S045,2026-10-22T17:07:27,maybe fixed wake time helped me more than total hours did
M05560,G15,studio_7,S006,2026-10-22T17:07:48,right let's timebox this to five minutes?
M05561,G15,studio_7,S006,2026-10-22T17:07:50,"so counterpoint, we should be careful about collecting sleep data at all"
M05562,G12,studio_7,S057,2026-10-22T17:07:53,yeah my wifi dropped sorry
M05563,G15,studio_7,S032,2026-10-22T17:07:56,hmm yes exactly
M05564,G02,studio_7,S019,2026-10-22T17:08:08,alright can someone paste the table
M05565,G19,studio_7,S003,2026-10-22T17:08:31,we should be careful about collecting sleep data at all or am i off
M05566,G20,studio_7,S113,2026-10-22T17:08:32,ok i'm following now?
M05567,G09,studio_7,S029,2026-10-22T17:08:45,hey that made me laugh right
M05568,G20,studio_7,S117,2026-10-22T17:08:53,hi all
M05569,G11,studio_7,S046,2026-10-22T17:09:12,"from the reading, one more hour of studying versus one more sleep cycle is the real tradeoff sorry if that is obvious"
M05570,G05,studio_7,S025,2026-10-22T17:09:13,so attention lapses show up before you feel tired
M05571,G15,studio_7,S034,2026-10-22T17:09:20,so an eight am class fights most undergrad circadian rhythms
M05572,G07,studio_7,S071,2026-10-22T17:09:23,hmm where is that in our notes
M05573,G05,studio_7,S118,2026-10-22T17:09:26,hmm yes exactly
M05574,G16,studio_7,S109,2026-10-22T17:09:32,is that the same as what we said before right
M05575,G16,studio_7,S007,2026-10-22T17:09:36,oh oh interesting
M05576,G16,studio_7,S052,2026-10-22T17:09:38,hmm i missed that last bit?
M05577,G16,studio_7,S070,2026-10-22T17:09:43,yeah sorry can you repeat that
M05578,G13,studio_7,S072,2026-10-22T17:09:52,"yeah not sure, but the last two hours of studying cost more than they return"
M05579,G19,studio_7,S066,2026-10-22T17:10:02,yeah i think consolidation is part of learning not a break from it what do you think
M05580,G16,studio_7,S080,2026-10-22T17:10:19,nice
M05581,G01,studio_7,S038,2026-10-22T17:10:34,right maybe the last two hours of studying cost more than they return sorry if that is obvious
M05582,G18,studio_7,S069,2026-10-22T17:10:38,right an eight am class fights most undergrad circadian rhythms does that track
M05583,G04,studio_7,S002,2026-10-22T17:10:43,what does that term mean again what do you think
M05584,G23,studio_7,S114,2026-10-22T17:11:06,"hmm not sure, but sleep advice assumes a schedule many students do not control does that track"
M05585,G11,studio_7,S092,2026-10-22T17:11:21,oh hold on let me reread our notes
M05586,G22,studio_7,S093,2026-10-22T17:11:36,honestly sleep advice assumes a schedule many students do not control lol
M05587,G23,studio_7,S114,2026-10-22T17:11:37,wait my read is consolidation is part of learning not a break from it
M05588,G06,studio_7,S045,2026-10-22T17:11:53,hmm putting the reading at the top of the doc?
M05589,G03,studio_7,S023,2026-10-22T17:12:08,i'll write up the definitions?
M05590,G20,studio_7,S113,2026-10-22T17:12:08,right agreed
M05591,G16,studio_7,S070,2026-10-22T17:12:09,ok i'm following now
M05592,G12,studio_7,S059,2026-10-22T17:12:23,so do you mean the doc link or the other one
M05593,G12,studio_7,S059,2026-10-22T17:12:33,right does everyone have the question open right
M05594,G22,studio_7,S097,2026-10-22T17:12:38,right nice
M05595,G18,studio_7,S069,2026-10-22T17:12:40,"hey from the reading, sleep advice assumes a schedule many students do not control"
M05596,G19,studio_7,S018,2026-10-22T17:12:59,i lost the slide again sorry lol
M05597,G05,studio_7,S051,2026-10-22T17:13:02,wait does everyone have the rubric open sorry if that is obvious
M05598,G17,studio_7,S035,2026-10-22T17:13:06,yeah that is a great way to put it if that works for everyone
M05599,G24,studio_7,S028,2026-10-22T17:13:22,"yeah from the reading, an eight am class fights most undergrad circadian rhythms right"
M05600,G20,studio_7,S112,2026-10-22T17:13:22,oh my read is attention lapses show up before you feel tired what do you think
M05601,G16,studio_7,S007,2026-10-22T17:13:24,ok i lost the prompt again sorry
M05602,G19,studio_7,S018,2026-10-22T17:13:27,right yes exactly or am i off
M05603,G10,studio_7,S083,2026-10-22T17:13:29,i lost the prompt again sorry?
M05604,G10,studio_7,S015,2026-10-22T17:13:31,hmm so attention lapses show up before you feel tired what do you think
M05605,G20,studio_7,S112,2026-10-22T17:13:48,ok i'll write up the definitions what do you think
M05606,G05,studio_7,S118,2026-10-22T17:13:56,alright does everyone have the slide open
M05607,G03,studio_7,S100,2026-10-22T17:13:59,oh brb one sec sorry if that is obvious
M05608,G22,studio_7,S096,2026-10-22T17:14:03,yeah sorry can you repeat that sorry if that is obvious
M05609,G11,studio_7,S081,2026-10-22T17:14:03,ok what does that term mean again or am i off
M05610,G01,studio_7,S030,2026-10-22T17:14:10,"yeah not sure, but one more hour of studying versus one more sleep cycle is the real tradeoff sorry if that is obvious"
M05611,G04,studio_7,S050,2026-10-22T17:14:15,alright maybe sleep advice assumes a schedule many students do not control sorry if that is obvious
M05612,G19,studio_7,S042,2026-10-22T17:14:20,right who wants to present back
M05613,G19,studio_7,S042,2026-10-22T17:14:20,sorry can you repeat that does that track
M05614,G09,studio_7,S082,2026-10-22T17:14:21,so i'm back right
M05615,G23,studio_7,S040,2026-10-22T17:14:25,right let's each take fifteen minutes to write first what do you think
M05616,G13,studio_7,S022,2026-10-22T17:14:26,alright honestly attention lapses show up before you feel tired
M05617,G12,studio_7,S057,2026-10-22T17:14:27,right we have four minutes left
M05618,G23,studio_7,S040,2026-10-22T17:14:28,alright putting the reading at the top of the doc if that works for everyone
M05619,G18,studio_7,S075,2026-10-22T17:14:33,right i'm adding the reading to the doc right
M05620,G14,studio_7,S039,2026-10-22T17:14:33,alright maybe the last two hours of studying cost more than they return?
M05621,G22,studio_7,S097,2026-10-22T17:14:35,same here honestly
M05622,G15,studio_7,S006,2026-10-22T17:14:46,wait my read is framing sleep as a study strategy landed better with my students if that works for everyone
M05623,G03,studio_7,S100,2026-10-22T17:15:11,wait i can present if nobody else wants to?
M05624,G22,studio_7,S093,2026-10-22T17:15:15,hey my read is attention lapses show up before you feel tired does that track
M05625,G16,studio_7,S070,2026-10-22T17:15:29,alright putting the rubric at the top of the doc
M05626,G10,studio_7,S078,2026-10-22T17:15:31,can we come back to the last section in a sec
M05627,G19,studio_7,S042,2026-10-22T17:15:38,so consolidation is part of learning not a break from it lol
M05628,G18,studio_7,S004,2026-10-22T17:15:49,so hi all sorry if that is obvious
M05629,G23,studio_7,S114,2026-10-22T17:16:04,yeah i'm convinced
M05630,G14,studio_7,S039,2026-10-22T17:16:05,should we outline first or am i off
M05631,G12,studio_7,S057,2026-10-22T17:16:23,ok i'm back
M05632,G18,studio_7,S054,2026-10-22T17:16:24,i'll write up the wrap up if that works for everyone
M05633,G06,studio_7,S073,2026-10-22T17:16:36,love that
M05634,G19,studio_7,S066,2026-10-22T17:16:39,so can someone paste the example?
M05635,G11,studio_7,S058,2026-10-22T17:16:40,thanks for waiting
M05636,G14,studio_7,S039,2026-10-22T17:16:41,we have four minutes left
M05637,G15,studio_7,S014,2026-10-22T17:17:08,sharing my screen now or am i off
M05638,G17,studio_7,S035,2026-10-22T17:17:16,"oh not sure, but sleep advice assumes a schedule many students do not control right"
M05639,G06,studio_7,S045,2026-10-22T17:17:21,ok hold on let me reread the example?
M05640,G06,studio_7,S116,2026-10-22T17:17:37,yeah who is taking notes today
M05641,G14,studio_7,S065,2026-10-22T17:17:46,i can share the doc
M05642,G08,studio_7,S021,2026-10-22T17:17:49,wait does everyone have the handout open
M05643,G24,studio_7,S005,2026-10-22T17:17:55,oh so consolidation is part of learning not a break from it what do you think
M05644,G08,studio_7,S088,2026-10-22T17:17:55,alright running two minutes late
M05645,G16,studio_7,S070,2026-10-22T17:18:01,ok we have five minutes left does that track
M05646,G07,studio_7,S001,2026-10-22T17:18:07,"for the doc, attention lapses show up before you feel tired"
M05647,G18,studio_7,S075,2026-10-22T17:18:13,the last two hours of studying cost more than they return if that works for everyone
M05648,G13,studio_7,S072,2026-10-22T17:18:14,alright fixed wake time helped me more than total hours did
M05649,G15,studio_7,S014,2026-10-22T17:18:35,my read is an eight am class fights most undergrad circadian rhythms does that track
M05650,G05,studio_7,S107,2026-10-22T17:18:35,i'm convinced does that track
M05651,G23,studio_7,S024,2026-10-22T17:19:00,"alright counterpoint, framing sleep as a study strategy landed better with my students does that track"
M05652,G09,studio_7,S082,2026-10-22T17:19:05,so who wants to present back lol
M05653,G12,studio_7,S057,2026-10-22T17:19:18,i'm not sure i follow or am i off
M05654,G20,studio_7,S117,2026-10-22T17:19:27,oh running two minutes late
M05655,G20,studio_7,S119,2026-10-22T17:19:28,that made me laugh
M05656,G08,studio_7,S068,2026-10-22T17:19:33,i'm adding the rubric to the doc
M05657,G20,studio_7,S117,2026-10-22T17:19:36,alright i'm not sure i follow
M05658,G08,studio_7,S088,2026-10-22T17:19:49,"yeah from the reading, attention lapses show up before you feel tired if that works for everyone"
M05659,G04,studio_7,S087,2026-10-22T17:20:03,right maybe sleep advice assumes a schedule many students do not control if that works for everyone
M05660,G23,studio_7,S040,2026-10-22T17:20:17,"so counterpoint, an eight am class fights most undergrad circadian rhythms or am i off"
M05661,G04,studio_7,S002,2026-10-22T17:20:24,"not sure, but an eight am class fights most undergrad circadian rhythms"
M05662,G09,studio_7,S067,2026-10-22T17:20:38,so agreed
M05663,G21,studio_7,S115,2026-10-22T17:20:39,wait i think consolidation is part of learning not a break from it
M05664,G16,studio_7,S070,2026-10-22T17:20:55,ok is that the same as what we said before right
M05665,G15,studio_7,S014,2026-10-22T17:20:56,yeah same here honestly
M05666,G19,studio_7,S003,2026-10-22T17:20:59,my wifi dropped sorry
M05667,G20,studio_7,S117,2026-10-22T17:21:08,really what do you think
M05668,G11,studio_7,S081,2026-10-22T17:21:08,hey consolidation is part of learning not a break from it lol
M05669,G09,studio_7,S077,2026-10-22T17:21:12,alright so attention lapses show up before you feel tired sorry if that is obvious
M05670,G01,studio_7,S030,2026-10-22T17:21:16,so so the last two hours of studying cost more than they return what do you think
M05671,G10,studio_7,S078,2026-10-22T17:21:18,hold on let me reread the example
M05672,G18,studio_7,S101,2026-10-22T17:21:18,oh let's each take five minutes to write first
M05673,G11,studio_7,S058,2026-10-22T17:21:19,alright this is fun actually
M05674,G08,studio_7,S021,2026-10-22T17:21:34,right i think sleep advice assumes a schedule many students do not control sorry if that is obvious
M05675,G13,studio_7,S022,2026-10-22T17:21:41,i'll write up the examples
M05676,G12,studio_7,S084,2026-10-22T17:21:45,alright i can present if nobody else wants to what do you think
M05677,G02,studio_7,S026,2026-10-22T17:21:47,hey i'll take the summary if that works for everyone
M05678,G23,studio_7,S114,2026-10-22T17:22:22,ok my read is an eight am class fights most undergrad circadian rhythms
M05679,G18,studio_7,S075,2026-10-22T17:22:23,yeah i lost the transcript again sorry does that track
M05680,G02,studio_7,S017,2026-10-22T17:22:33,oh i'll take the intro
M05681,G14,studio_7,S031,2026-10-22T17:22:39,wait oh interesting
M05682,G21,studio_7,S098,2026-10-22T17:22:46,so this is fun actually
M05683,G14,studio_7,S031,2026-10-22T17:22:47,"hey not sure, but attention lapses show up before you feel tired"
M05684,G18,studio_7,S075,2026-10-22T17:23:02,hey which the table are we on
M05685,G14,studio_7,S039,2026-10-22T17:23:05,hey what does that term mean again
M05686,G11,studio_7,S058,2026-10-22T17:23:05,hmm can we come back to the wrap up in a sec if that works for everyone
M05687,G03,studio_7,S055,2026-10-22T17:23:18,we should be careful about collecting sleep data at all does that track
M05688,G02,studio_7,S017,2026-10-22T17:23:19,wait what does that term mean again does that track
M05689,G13,studio_7,S022,2026-10-22T17:23:23,yeah so fixed wake time helped me more than total hours did?
M05690,G23,studio_7,S049,2026-10-22T17:23:34,yeah that makes sense
M05691,G09,studio_7,S036,2026-10-22T17:23:37,this is fun actually
M05692,G18,studio_7,S101,2026-10-22T17:23:47,does everyone have the reading open right
M05693,G04,studio_7,S050,2026-10-22T17:23:49,yeah running two minutes late
M05694,G12,studio_7,S013,2026-10-22T17:24:01,so hold on let me reread the reading
M05695,G21,studio_7,S098,2026-10-22T17:24:11,hey i think sleep advice assumes a schedule many students do not control
M05696,G15,studio_7,S014,2026-10-22T17:24:13,hmm let's split this two ways if that works for everyone
M05697,G19,studio_7,S066,2026-10-22T17:24:16,yeah that makes sense
M05698,G19,studio_7,S042,2026-10-22T17:24:18,wait one more hour of studying versus one more sleep cycle is the real tradeoff what do you think
M05699,G01,studio_7,S038,2026-10-22T17:24:30,hey maybe an eight am class fights most undergrad circadian rhythms
M05700,G23,studio_7,S106,2026-10-22T17:24:32,yes exactly?
M05701,G12,studio_7,S084,2026-10-22T17:24:49,should we outline first what do you think
M05702,G14,studio_7,S074,2026-10-22T17:25:00,wait i'll take part 3
M05703,G21,studio_7,S098,2026-10-22T17:25:17,ok i'm following now
M05704,G08,studio_7,S068,2026-10-22T17:25:26,"counterpoint, attention lapses show up before you feel tired does that track"
M05705,G03,studio_7,S055,2026-10-22T17:25:31,hey brb one sec lol
M05706,G19,studio_7,S066,2026-10-22T17:25:40,thanks for waiting
M05707,G23,studio_7,S114,2026-10-22T17:25:41,an eight am class fights most undergrad circadian rhythms sorry if that is obvious
M05708,G23,studio_7,S040,2026-10-22T17:25:49,"ok not sure, but attention lapses show up before you feel tired"
M05709,G16,studio_7,S052,2026-10-22T17:25:53,good point
M05710,G03,studio_7,S023,2026-10-22T17:25:54,alright can we come back to part 2 in a sec
M05711,G20,studio_7,S112,2026-10-22T17:26:02,"so counterpoint, fixed wake time helped me more than total hours did what do you think"
M05712,G20,studio_7,S119,2026-10-22T17:26:03,wait maybe attention lapses show up before you feel tired sorry if that is obvious
M05713,G07,studio_7,S071,2026-10-22T17:26:05,ok so an eight am class fights most undergrad circadian rhythms what do you think
M05714,G03,studio_7,S055,2026-10-22T17:26:18,so yes exactly
M05715,G15,studio_7,S020,2026-10-22T17:26:28,yeah is that the same as what we said before if that works for everyone
M05716,G03,studio_7,S100,2026-10-22T17:26:36,"not sure, but sleep advice assumes a schedule many students do not control"
M05717,G06,studio_7,S053,2026-10-22T17:26:50,i can present if nobody else wants to or am i off
M05718,G03,studio_7,S037,2026-10-22T17:27:00,sleep advice assumes a schedule many students do not control right
M05719,G03,studio_7,S079,2026-10-22T17:27:04,wait an eight am class fights most undergrad circadian rhythms lol
M05720,G18,studio_7,S075,2026-10-22T17:27:04,yeah is that the same as what we said before
M05721,G08,studio_7,S068,2026-10-22T17:27:15,alright i'm adding our notes to the doc what do you think
M05722,G02,studio_7,S064,2026-10-22T17:27:36,hey what does that term mean again
M05723,G20,studio_7,S113,2026-10-22T17:27:40,so love that
M05724,G03,studio_7,S079,2026-10-22T17:27:44,ok maybe an eight am class fights most undergrad circadian rhythms if that works for everyone
M05725,G03,studio_7,S079,2026-10-22T17:27:52,putting the prompt at the top of the doc lol
M05726,G05,studio_7,S025,2026-10-22T17:27:59,which the prompt are we on
M05727,G07,studio_8,S071,2026-10-29T16:01:00,wait honestly worry eats the working memory the test is measuring or am i off
M05728,G15,studio_8,S032,2026-10-29T16:01:10,hmm brb one sec
M05729,G09,studio_8,S029,2026-10-29T16:01:24,yeah so we should say frequent low stakes quizzes carefully
M05730,G12,studio_8,S013,2026-10-29T16:01:24,ok we should say frequent low stakes quizzes carefully
M05731,G01,studio_8,S056,2026-10-29T16:01:34,wait i'm adding the prompt to the doc or am i off
M05732,G10,studio_8,S015,2026-10-29T16:01:34,hmm i'll write up the intro or am i off
M05733,G17,studio_8,S099,2026-10-29T16:01:55,oh sorry can you repeat that?
M05734,G20,studio_8,S112,2026-10-29T16:01:59,so my read is we should say frequent low stakes quizzes carefully lol
M05735,G11,studio_8,S058,2026-10-29T16:02:01,really sorry if that is obvious
M05736,G16,studio_8,S109,2026-10-29T16:02:03,brb one sec
M05737,G11,studio_8,S092,2026-10-29T16:02:15,hmm maybe maybe the assessment design is the problem not the student if that works for everyone
M05738,G24,studio_8,S048,2026-10-29T16:02:28,ok do you mean our notes or the other one what do you think
M05739,G13,studio_8,S022,2026-10-29T16:02:44,wait the worry component predicts scores better than the physical symptoms what do you think
M05740,G23,studio_8,S024,2026-10-29T16:02:52,right what does that term mean again sorry if that is obvious
M05741,G22,studio_8,S096,2026-10-29T16:03:10,yeah nice
M05742,G05,studio_8,S051,2026-10-29T16:03:22,hey maybe treating arousal as information is the reappraisal move sorry if that is obvious
M05743,G20,studio_8,S119,2026-10-29T16:03:33,oh let's timebox this to twenty minutes?
M05744,G10,studio_8,S083,2026-10-29T16:03:36,ok i'm adding the doc link to the doc
M05745,G09,studio_8,S036,2026-10-29T16:03:38,oh love that
M05746,G08,studio_8,S068,2026-10-29T16:03:42,"so not sure, but an early warning email to an anxious student could backfire"
M05747,G16,studio_8,S070,2026-10-29T16:03:45,let's each take four minutes to write first right
M05748,G07,studio_8,S001,2026-10-29T16:03:54,ok brb one sec does that track
M05749,G22,studio_8,S096,2026-10-29T16:04:03,alright fair enough
M05750,G12,studio_8,S059,2026-10-29T16:04:04,hey can you give an example?
M05751,G07,studio_8,S071,2026-10-29T16:04:20,alright what does that term mean again if that works for everyone
M05752,G19,studio_8,S042,2026-10-29T16:04:26,hey the worry component predicts scores better than the physical symptoms if that works for everyone
M05753,G24,studio_8,S041,2026-10-29T16:04:29,alright one high stakes exam measures composure as much as knowledge?
M05754,G18,studio_8,S004,2026-10-29T16:04:30,alright can someone paste the reading
M05755,G21,studio_8,S115,2026-10-29T16:04:32,yeah i can open the doc lol
M05756,G15,studio_8,S032,2026-10-29T16:05:02,right an early warning email to an anxious student could backfire what do you think
M05757,G05,studio_8,S107,2026-10-29T16:05:05,right let's timebox this to twenty minutes
M05758,G18,studio_8,S069,2026-10-29T16:05:30,oh where is that in the prompt right
M05759,G15,studio_8,S020,2026-10-29T16:05:45,wait do you mean the slide or the other one
M05760,G11,studio_8,S081,2026-10-29T16:06:00,right maybe the assessment design is the problem not the student sorry if that is obvious
M05761,G24,studio_8,S060,2026-10-29T16:06:01,oh interesting
M05762,G15,studio_8,S014,2026-10-29T16:06:02,yeah oh interesting lol
M05763,G14,studio_8,S104,2026-10-29T16:06:12,so same here honestly
M05764,G20,studio_8,S117,2026-10-29T16:06:25,yeah let's timebox this to five minutes
M05765,G06,studio_8,S073,2026-10-29T16:06:38,"hey counterpoint, maybe the assessment design is the problem not the student sorry if that is obvious"
M05766,G23,studio_8,S114,2026-10-29T16:06:39,maybe we should say frequent low stakes quizzes carefully
M05767,G04,studio_8,S050,2026-10-29T16:06:53,hey so low stakes practice testing lowers the stakes of the real one if that works for everyone
M05768,G18,studio_8,S069,2026-10-29T16:07:02,alright i'm following now
M05769,G04,studio_8,S002,2026-10-29T16:07:02,alright reappraisal did not calm me down but it helped my score
M05770,G14,studio_8,S104,2026-10-29T16:07:09,alright running two minutes late
M05771,G12,studio_8,S095,2026-10-29T16:07:14,alright who wants to present back
M05772,G16,studio_8,S070,2026-10-29T16:07:26,hmm i'll take the second question
M05773,G12,studio_8,S013,2026-10-29T16:07:38,yeah worry eats the working memory the test is measuring
M05774,G12,studio_8,S013,2026-10-29T16:08:00,hey sorry can you repeat that
M05775,G19,studio_8,S018,2026-10-29T16:08:04,oh so the worry component predicts scores better than the physical symptoms
M05776,G16,studio_8,S052,2026-10-29T16:08:23,hmm let's split this twenty ways?
M05777,G10,studio_8,S009,2026-10-29T16:08:27,so running two minutes late does that track
M05778,G23,studio_8,S024,2026-10-29T16:08:30,hmm where is that in the example
M05779,G22,studio_8,S027,2026-10-29T16:08:31,alright who wants to present back?
M05780,G16,studio_8,S052,2026-10-29T16:08:37,let's timebox this to four minutes if that works for everyone
M05781,G15,studio_8,S032,2026-10-29T16:08:37,"right for the doc, one high stakes exam measures composure as much as knowledge lol"
M05782,G02,studio_8,S120,2026-10-29T16:08:38,wait putting the handout at the top of the doc
M05783,G15,studio_8,S014,2026-10-29T16:08:41,really
M05784,G19,studio_8,S018,2026-10-29T16:08:46,ok that made me laugh
M05785,G04,studio_8,S050,2026-10-29T16:08:46,hmm maybe the worry component predicts scores better than the physical symptoms
M05786,G20,studio_8,S089,2026-10-29T16:08:47,alright an early warning email to an anxious student could backfire
M05787,G21,studio_8,S098,2026-10-29T16:08:49,what does that term mean again right
M05788,G16,studio_8,S007,2026-10-29T16:09:02,"oh counterpoint, an early warning email to an anxious student could backfire lol"
M05789,G03,studio_8,S079,2026-10-29T16:09:03,oh which the handout are we on lol
M05790,G23,studio_8,S040,2026-10-29T16:09:04,"so from the reading, we should say frequent low stakes quizzes carefully right"
M05791,G01,studio_8,S038,2026-10-29T16:09:15,"counterpoint, worry eats the working memory the test is measuring"
M05792,G01,studio_8,S038,2026-10-29T16:09:20,"from the reading, an early warning email to an anxious student could backfire what do you think"
M05793,G21,studio_8,S085,2026-10-29T16:09:20,who is taking notes today right
M05794,G22,studio_8,S096,2026-10-29T16:09:37,ok oh interesting what do you think
M05795,G09,studio_8,S082,2026-10-29T16:09:40,right i'm adding the question to the doc?
M05796,G05,studio_8,S025,2026-10-29T16:09:54,wait can you give an example?
M05797,G22,studio_8,S096,2026-10-29T16:09:57,hey my read is treating arousal as information is the reappraisal move what do you think
M05798,G20,studio_8,S113,2026-10-29T16:10:04,wait sorry can you repeat that?
M05799,G16,studio_8,S052,2026-10-29T16:10:11,so that made me laugh right
M05800,G07,studio_8,S010,2026-10-29T16:10:17,i think maybe the assessment design is the problem not the student does that track
M05801,G18,studio_8,S054,2026-10-29T16:10:19,i lost the prompt again sorry?
M05802,G20,studio_8,S113,2026-10-29T16:10:25,yeah do you mean the transcript or the other one
M05803,G01,studio_8,S038,2026-10-29T16:10:29,"hmm not sure, but maybe the assessment design is the problem not the student sorry if that is obvious"
M05804,G06,studio_8,S053,2026-10-29T16:10:29,so fair enough
M05805,G22,studio_8,S110,2026-10-29T16:10:43,"hey from the reading, an early warning email to an anxious student could backfire right"
M05806,G08,studio_8,S068,2026-10-29T16:10:47,is that the same as what we said before does that track
M05807,G19,studio_8,S042,2026-10-29T16:10:55,so can you give an example
M05808,G10,studio_8,S083,2026-10-29T16:11:19,so worry eats the working memory the test is measuring right
M05809,G03,studio_8,S079,2026-10-29T16:11:31,hmm i think we should say frequent low stakes quizzes carefully what do you think
M05810,G13,studio_8,S022,2026-10-29T16:11:32,ok i think reappraisal did not calm me down but it helped my score if that works for everyone
M05811,G06,studio_8,S053,2026-10-29T16:11:33,hmm should we outline first lol
M05812,G13,studio_8,S091,2026-10-29T16:11:36,yeah that made me laugh
M05813,G22,studio_8,S110,2026-10-29T16:11:53,hey do you mean the example or the other one
M05814,G13,studio_8,S012,2026-10-29T16:12:14,hmm same here honestly
M05815,G11,studio_8,S081,2026-10-29T16:12:15,let's split this five ways
M05816,G14,studio_8,S039,2026-10-29T16:12:16,alright i can set up the doc
M05817,G21,studio_8,S085,2026-10-29T16:12:19,wait hold on let me reread the transcript
M05818,G19,studio_8,S003,2026-10-29T16:12:21,"hmm from the reading, the worry component predicts scores better than the physical symptoms"
M05819,G08,studio_8,S108,2026-10-29T16:12:24,oh can we come back to the wrap up in a sec
M05820,G01,studio_8,S038,2026-10-29T16:12:35,so fair enough or am i off
M05821,G15,studio_8,S014,2026-10-29T16:13:19,is that the same as what we said before does that track
M05822,G03,studio_8,S100,2026-10-29T16:13:25,hey hold on let me reread the transcript lol
M05823,G11,studio_8,S046,2026-10-29T16:13:36,yeah an early warning email to an anxious student could backfire does that track
M05824,G14,studio_8,S039,2026-10-29T16:13:39,oh can you give an example
M05825,G15,studio_8,S032,2026-10-29T16:13:46,yeah i can present if nobody else wants to
M05826,G07,studio_8,S063,2026-10-29T16:13:52,yeah my read is reappraisal did not calm me down but it helped my score
M05827,G21,studio_8,S098,2026-10-29T16:14:03,so can someone paste the handout lol
M05828,G12,studio_8,S084,2026-10-29T16:14:04,"hey from the reading, reappraisal did not calm me down but it helped my score or am i off"
M05829,G19,studio_8,S018,2026-10-29T16:14:08,i missed that last bit lol
M05830,G22,studio_8,S093,2026-10-29T16:14:08,"counterpoint, treating arousal as information is the reappraisal move right"
M05831,G14,studio_8,S039,2026-10-29T16:14:09,"so counterpoint, one high stakes exam measures composure as much as knowledge sorry if that is obvious"
M05832,G04,studio_8,S050,2026-10-29T16:14:12,alright good point
M05833,G10,studio_8,S078,2026-10-29T16:14:23,so i lost the example again sorry
M05834,G23,studio_8,S106,2026-10-29T16:14:30,"wait not sure, but one high stakes exam measures composure as much as knowledge does that track"
M05835,G05,studio_8,S025,2026-10-29T16:14:31,that makes sense
M05836,G12,studio_8,S095,2026-10-29T16:14:35,right who wants to present back what do you think
M05837,G18,studio_8,S054,2026-10-29T16:14:43,so what does that term mean again
M05838,G12,studio_8,S084,2026-10-29T16:14:51,yeah agreed
M05839,G22,studio_8,S097,2026-10-29T16:15:02,"yeah for the doc, treating arousal as information is the reappraisal move"
M05840,G23,studio_8,S040,2026-10-29T16:15:11,"right not sure, but low stakes practice testing lowers the stakes of the real one"
M05841,G19,studio_8,S008,2026-10-29T16:15:11,right what does that term mean again if that works for everyone
M05842,G02,studio_8,S017,2026-10-29T16:15:13,that made me laugh
M05843,G20,studio_8,S113,2026-10-29T16:15:42,hmm does everyone have the question open lol
M05844,G17,studio_8,S086,2026-10-29T16:15:51,oh we should say frequent low stakes quizzes carefully
M05845,G16,studio_8,S007,2026-10-29T16:15:55,maybe worry eats the working memory the test is measuring lol
M05846,G10,studio_8,S083,2026-10-29T16:16:06,hmm running two minutes late
M05847,G07,studio_8,S010,2026-10-29T16:16:07,hey i'm following now
M05848,G15,studio_8,S032,2026-10-29T16:16:10,wait really lol
M05849,G23,studio_8,S114,2026-10-29T16:16:38,alright honestly low stakes practice testing lowers the stakes of the real one
M05850,G11,studio_8,S092,2026-10-29T16:16:58,yeah we have five minutes left?
M05851,G20,studio_8,S089,2026-10-29T16:17:03,wait let's timebox this to three minutes what do you think
M05852,G12,studio_8,S057,2026-10-29T16:17:13,this is fun actually sorry if that is obvious
M05853,G22,studio_8,S110,2026-10-29T16:17:15,"alright for the doc, the worry component predicts scores better than the physical symptoms"
M05854,G09,studio_8,S036,2026-10-29T16:17:23,right putting the prompt at the top of the doc?
M05855,G13,studio_8,S072,2026-10-29T16:17:36,wait let's split this ten ways lol
M05856,G20,studio_8,S117,2026-10-29T16:17:47,right that made me laugh?
M05857,G11,studio_8,S046,2026-10-29T16:17:57,hi all
M05858,G18,studio_8,S069,2026-10-29T16:18:32,hey do you mean our notes or the other one
M05859,G19,studio_8,S008,2026-10-29T16:18:43,let's each take two minutes to write first lol
M05860,G08,studio_8,S047,2026-10-29T16:18:46,hmm what does that term mean again what do you think
M05861,G09,studio_8,S082,2026-10-29T16:18:49,ok that made me laugh
M05862,G10,studio_8,S078,2026-10-29T16:18:55,alright i'm adding the prompt to the doc if that works for everyone
M05863,G14,studio_8,S039,2026-10-29T16:18:57,"yeah not sure, but we should say frequent low stakes quizzes carefully sorry if that is obvious"
M05864,G01,studio_8,S056,2026-10-29T16:19:02,my wifi dropped sorry
M05865,G08,studio_8,S021,2026-10-29T16:19:04,oh maybe an early warning email to an anxious student could backfire does that track
M05866,G08,studio_8,S088,2026-10-29T16:19:21,does everyone have the question open lol
M05867,G14,studio_8,S031,2026-10-29T16:19:25,so reappraisal did not calm me down but it helped my score sorry if that is obvious
M05868,G05,studio_8,S025,2026-10-29T16:19:37,alright hold on let me reread our notes what do you think
M05869,G03,studio_8,S037,2026-10-29T16:19:47,can you give an example?
M05870,G03,studio_8,S079,2026-10-29T16:19:51,hey is that the same as what we said before or am i off
M05871,G02,studio_8,S017,2026-10-29T16:19:56,yeah honestly maybe the assessment design is the problem not the student?
M05872,G15,studio_8,S006,2026-10-29T16:20:00,yeah fair enough
M05873,G22,studio_8,S027,2026-10-29T16:20:22,really
M05874,G15,studio_8,S034,2026-10-29T16:20:29,i'm following now sorry if that is obvious
M05875,G01,studio_8,S038,2026-10-29T16:20:39,wait hold on let me reread the table sorry if that is obvious
M05876,G23,studio_8,S040,2026-10-29T16:20:45,"from the reading, worry eats the working memory the test is measuring what do you think"
M05877,G22,studio_8,S096,2026-10-29T16:20:46,oh who wants to present back lol
M05878,G10,studio_8,S078,2026-10-29T16:20:47,yeah i can present if nobody else wants to what do you think
M05879,G14,studio_8,S104,2026-10-29T16:20:49,yeah so we should say frequent low stakes quizzes carefully?
M05880,G13,studio_8,S091,2026-10-29T16:20:51,so the worry component predicts scores better than the physical symptoms or am i off
M05881,G24,studio_8,S048,2026-10-29T16:20:56,can you give an example
M05882,G17,studio_8,S062,2026-10-29T16:21:46,ok sorry can you repeat that?
M05883,G10,studio_8,S015,2026-10-29T16:21:55,yeah are we answering question two or the next one or am i off
M05884,G05,studio_8,S118,2026-10-29T16:21:57,yeah honestly the worry component predicts scores better than the physical symptoms sorry if that is obvious
M05885,G21,studio_8,S094,2026-10-29T16:22:07,so treating arousal as information is the reappraisal move or am i off
M05886,G12,studio_8,S084,2026-10-29T16:22:40,hmm i think one high stakes exam measures composure as much as knowledge what do you think
M05887,G23,studio_8,S106,2026-10-29T16:22:42,yeah i think reappraisal did not calm me down but it helped my score
M05888,G13,studio_8,S072,2026-10-29T16:23:02,"alright counterpoint, maybe the assessment design is the problem not the student lol"
M05889,G07,studio_8,S071,2026-10-29T16:23:09,right maybe maybe the assessment design is the problem not the student if that works for everyone
M05890,G13,studio_8,S012,2026-10-29T16:23:11,wait are we answering question two or the next one right
M05891,G09,studio_8,S036,2026-10-29T16:23:24,alright hold on let me reread the question sorry if that is obvious
M05892,G15,studio_8,S014,2026-10-29T16:23:27,so let's each take ten minutes to write first does that track
M05893,G07,studio_8,S071,2026-10-29T16:23:46,hey can someone paste our notes
M05894,G21,studio_8,S098,2026-10-29T16:24:04,brb one sec
M05895,G15,studio_8,S014,2026-10-29T16:24:11,reappraisal did not calm me down but it helped my score
M05896,G23,studio_8,S106,2026-10-29T16:24:12,hey where is that in the prompt
M05897,G23,studio_8,S040,2026-10-29T16:24:17,so that makes sense
M05898,G10,studio_8,S009,2026-10-29T16:24:21,really if that works for everyone
M05899,G20,studio_8,S117,2026-10-29T16:24:34,ok let's split this five ways
M05900,G23,studio_8,S049,2026-10-29T16:24:46,right i'm back if that works for everyone
M05901,G07,studio_8,S063,2026-10-29T16:24:56,where is that in the example
M05902,G07,studio_8,S001,2026-10-29T16:25:01,nice
M05903,G14,studio_8,S065,2026-10-29T16:25:04,yeah fair enough
M05904,G01,studio_8,S038,2026-10-29T16:25:05,yeah i'm back if that works for everyone
M05905,G23,studio_8,S114,2026-10-29T16:25:25,hmm maybe one high stakes exam measures composure as much as knowledge
M05906,G23,studio_8,S040,2026-10-29T16:25:39,alright can you say more about that?
M05907,G24,studio_8,S028,2026-10-29T16:25:42,ok is that the same as what we said before does that track
M05908,G16,studio_8,S070,2026-10-29T16:25:52,oh worry eats the working memory the test is measuring
M05909,G11,studio_8,S081,2026-10-29T16:25:57,alright let's split this ten ways sorry if that is obvious
M05910,G10,studio_8,S015,2026-10-29T16:26:28,"ok for the doc, an early warning email to an anxious student could backfire what do you think"
M05911,G20,studio_8,S112,2026-10-29T16:26:37,oh who is taking notes today
M05912,G08,studio_8,S068,2026-10-29T16:26:39,hi all
M05913,G04,studio_8,S050,2026-10-29T16:26:46,"not sure, but reappraisal did not calm me down but it helped my score"
M05914,G05,studio_8,S025,2026-10-29T16:26:52,so let's timebox this to four minutes lol
M05915,G18,studio_8,S069,2026-10-29T16:27:01,hmm i can share the doc
M05916,G18,studio_8,S069,2026-10-29T16:27:22,so do you mean the table or the other one if that works for everyone
M05917,G24,studio_8,S060,2026-10-29T16:27:34,yeah the worry component predicts scores better than the physical symptoms
M05918,G23,studio_8,S114,2026-10-29T16:27:48,so low stakes practice testing lowers the stakes of the real one
M05919,G02,studio_8,S026,2026-10-29T16:27:54,hmm honestly an early warning email to an anxious student could backfire
M05920,G14,studio_8,S039,2026-10-29T16:27:55,so so the worry component predicts scores better than the physical symptoms
M05921,G15,studio_8,S032,2026-10-29T16:28:01,"wait counterpoint, worry eats the working memory the test is measuring lol"
M05922,G16,studio_8,S109,2026-10-29T16:28:02,right i think worry eats the working memory the test is measuring if that works for everyone
M05923,G15,studio_8,S006,2026-10-29T16:28:05,wait low stakes practice testing lowers the stakes of the real one
M05924,G06,studio_8,S045,2026-10-29T16:28:07,"so from the reading, one high stakes exam measures composure as much as knowledge what do you think"
M05925,G05,studio_8,S118,2026-10-29T16:28:19,right reappraisal did not calm me down but it helped my score lol
M05926,G15,studio_8,S014,2026-10-29T16:29:36,right does everyone have the question open
M05927,G20,studio_8,S119,2026-10-29T16:29:38,who wants to present back sorry if that is obvious
M05928,G10,studio_8,S009,2026-10-29T16:29:45,sorry can you repeat that or am i off
M05929,G19,studio_8,S003,2026-10-29T16:29:59,alright sorry can you repeat that or am i off
M05930,G22,studio_8,S110,2026-10-29T16:30:00,brb one sec
M05931,G02,studio_8,S120,2026-10-29T16:30:25,right who wants to present back?
M05932,G10,studio_8,S015,2026-10-29T16:30:44,honestly maybe the assessment design is the problem not the student sorry if that is obvious
M05933,G13,studio_8,S012,2026-10-29T16:31:03,love that
M05934,G12,studio_8,S057,2026-10-29T16:31:13,yes exactly
M05935,G05,studio_8,S118,2026-10-29T16:31:22,ok oh interesting
M05936,G04,studio_8,S002,2026-10-29T16:31:25,"from the reading, we should say frequent low stakes quizzes carefully what do you think"
M05937,G21,studio_8,S115,2026-10-29T16:31:29,yeah one high stakes exam measures composure as much as knowledge what do you think
M05938,G03,studio_8,S055,2026-10-29T16:31:36,let's each take ten minutes to write first what do you think
M05939,G24,studio_8,S048,2026-10-29T16:31:39,so honestly maybe the assessment design is the problem not the student right
M05940,G06,studio_8,S053,2026-10-29T16:31:50,hmm what does that term mean again?
M05941,G06,studio_8,S011,2026-10-29T16:31:55,alright so the worry component predicts scores better than the physical symptoms
M05942,G17,studio_8,S062,2026-10-29T16:32:01,ok i missed that last bit if that works for everyone
M05943,G02,studio_8,S017,2026-10-29T16:32:02,oh hi all
M05944,G16,studio_8,S109,2026-10-29T16:32:02,ok sharing my screen now sorry if that is obvious
M05945,G05,studio_8,S025,2026-10-29T16:32:03,treating arousal as information is the reappraisal move right
M05946,G12,studio_8,S057,2026-10-29T16:32:21,so who wants to present back
M05947,G08,studio_8,S068,2026-10-29T16:32:31,so where is that in the transcript
M05948,G22,studio_8,S097,2026-10-29T16:32:40,i'm following now what do you think
M05949,G12,studio_8,S013,2026-10-29T16:32:40,hmm yes exactly what do you think
M05950,G07,studio_8,S063,2026-10-29T16:32:52,ok reappraisal did not calm me down but it helped my score
M05951,G17,studio_8,S086,2026-10-29T16:33:07,oh really
M05952,G03,studio_8,S037,2026-10-29T16:33:17,who wants to present back
M05953,G06,studio_8,S053,2026-10-29T16:33:41,that makes sense
M05954,G22,studio_8,S093,2026-10-29T16:33:46,right the worry component predicts scores better than the physical symptoms
M05955,G15,studio_8,S014,2026-10-29T16:33:52,oh honestly low stakes practice testing lowers the stakes of the real one
M05956,G13,studio_8,S072,2026-10-29T16:33:55,who wants to present back lol
M05957,G15,studio_8,S014,2026-10-29T16:33:59,so who is taking notes today does that track
M05958,G16,studio_8,S070,2026-10-29T16:34:04,wait i'll take the last section?
M05959,G22,studio_8,S096,2026-10-29T16:34:10,oh is that the same as what we said before
M05960,G12,studio_8,S057,2026-10-29T16:34:13,alright putting the rubric at the top of the doc if that works for everyone
M05961,G08,studio_8,S021,2026-10-29T16:34:19,alright i'm adding the rubric to the doc
M05962,G07,studio_8,S010,2026-10-29T16:34:25,you two are on a roll
M05963,G11,studio_8,S081,2026-10-29T16:34:35,sharing my screen now right
M05964,G23,studio_8,S040,2026-10-29T16:34:44,"yeah for the doc, one high stakes exam measures composure as much as knowledge does that track"
M05965,G18,studio_8,S075,2026-10-29T16:34:50,ok honestly an early warning email to an anxious student could backfire what do you think
M05966,G03,studio_8,S037,2026-10-29T16:34:58,hmm brb one sec
M05967,G01,studio_8,S056,2026-10-29T16:35:00,wait moving the doc link into the doc now
M05968,G08,studio_8,S021,2026-10-29T16:35:01,right can someone paste the prompt what do you think
M05969,G07,studio_8,S071,2026-10-29T16:35:12,"from the reading, the worry component predicts scores better than the physical symptoms"
M05970,G16,studio_8,S109,2026-10-29T16:35:16,brb one sec
M05971,G11,studio_8,S092,2026-10-29T16:35:28,"right from the reading, one high stakes exam measures composure as much as knowledge what do you think"
M05972,G16,studio_8,S070,2026-10-29T16:35:33,alright my read is worry eats the working memory the test is measuring if that works for everyone
M05973,G14,studio_8,S031,2026-10-29T16:35:34,hey honestly we should say frequent low stakes quizzes carefully
M05974,G08,studio_8,S088,2026-10-29T16:35:42,so treating arousal as information is the reappraisal move sorry if that is obvious
M05975,G24,studio_8,S060,2026-10-29T16:35:43,"hey from the reading, maybe the assessment design is the problem not the student"
M05976,G10,studio_8,S083,2026-10-29T16:35:55,hey who is taking notes today lol
M05977,G16,studio_8,S109,2026-10-29T16:35:57,so i lost the doc link again sorry or am i off
M05978,G12,studio_8,S095,2026-10-29T16:36:23,oh who is taking notes today if that works for everyone
M05979,G19,studio_8,S066,2026-10-29T16:36:25,right this is fun actually
M05980,G22,studio_8,S027,2026-10-29T16:36:51,i'm adding the prompt to the doc what do you think
M05981,G18,studio_8,S101,2026-10-29T16:36:57,agreed
M05982,G12,studio_8,S057,2026-10-29T16:37:11,"right counterpoint, the worry component predicts scores better than the physical symptoms or am i off"
M05983,G01,studio_8,S033,2026-10-29T16:37:22,hmm love that
M05984,G14,studio_8,S065,2026-10-29T16:37:26,alright my read is the worry component predicts scores better than the physical symptoms
M05985,G02,studio_8,S019,2026-10-29T16:37:26,hmm maybe worry eats the working memory the test is measuring
M05986,G22,studio_8,S027,2026-10-29T16:37:43,hey same here honestly
M05987,G14,studio_8,S065,2026-10-29T16:37:46,hmm sharing my screen now lol
M05988,G11,studio_8,S092,2026-10-29T16:37:48,yeah i think one high stakes exam measures composure as much as knowledge
M05989,G01,studio_8,S033,2026-10-29T16:37:50,hey one high stakes exam measures composure as much as knowledge lol
M05990,G05,studio_8,S043,2026-10-29T16:38:10,wait i'll take the summary sorry if that is obvious
M05991,G14,studio_8,S065,2026-10-29T16:38:17,oh interesting
M05992,G03,studio_8,S055,2026-10-29T16:38:26,so what does that term mean again what do you think
M05993,G24,studio_8,S048,2026-10-29T16:38:38,so my read is worry eats the working memory the test is measuring what do you think
M05994,G13,studio_8,S022,2026-10-29T16:38:40,my read is we should say frequent low stakes quizzes carefully if that works for everyone
M05995,G21,studio_8,S115,2026-10-29T16:38:45,you two are on a roll
M05996,G10,studio_8,S009,2026-10-29T16:38:48,right let's timebox this to four minutes
M05997,G20,studio_8,S113,2026-10-29T16:38:52,"ok for the doc, reappraisal did not calm me down but it helped my score?"
M05998,G04,studio_8,S090,2026-10-29T16:38:53,honestly worry eats the working memory the test is measuring does that track
M05999,G11,studio_8,S092,2026-10-29T16:38:53,oh can you give an example or am i off
M06000,G20,studio_8,S117,2026-10-29T16:38:56,"oh counterpoint, treating arousal as information is the reappraisal move"
M06001,G05,studio_8,S051,2026-10-29T16:39:03,hey who wants to present back if that works for everyone
M06002,G19,studio_8,S066,2026-10-29T16:39:07,"wait counterpoint, treating arousal as information is the reappraisal move"
M06003,G04,studio_8,S102,2026-10-29T16:39:15,right my read is reappraisal did not calm me down but it helped my score
M06004,G14,studio_8,S104,2026-10-29T16:39:16,alright maybe worry eats the working memory the test is measuring does that track
M06005,G22,studio_8,S110,2026-10-29T16:39:19,wait honestly low stakes practice testing lowers the stakes of the real one if that works for everyone
M06006,G13,studio_8,S012,2026-10-29T16:39:26,can we come back to the wrap up in a sec?
M06007,G09,studio_8,S077,2026-10-29T16:39:29,oh love that
M06008,G06,studio_8,S053,2026-10-29T16:39:58,ok do you mean the prompt or the other one sorry if that is obvious
M06009,G19,studio_8,S042,2026-10-29T16:39:59,hey putting the transcript at the top of the doc or am i off
M06010,G07,studio_8,S010,2026-10-29T16:40:15,let's timebox this to three minutes
M06011,G13,studio_8,S061,2026-10-29T16:40:29,oh i'm adding the rubric to the doc lol
M06012,G13,studio_8,S012,2026-10-29T16:40:31,"right not sure, but maybe the assessment design is the problem not the student if that works for everyone"
M06013,G12,studio_8,S057,2026-10-29T16:40:33,yeah i'll write up the wrap up what do you think
M06014,G09,studio_8,S082,2026-10-29T16:40:39,wait who wants to present back sorry if that is obvious
M06015,G02,studio_8,S120,2026-10-29T16:40:42,yeah should we outline first
M06016,G11,studio_8,S081,2026-10-29T16:40:52,right who is taking notes today
M06017,G14,studio_8,S039,2026-10-29T16:40:57,right honestly maybe the assessment design is the problem not the student
M06018,G10,studio_8,S009,2026-10-29T16:41:01,"hmm for the doc, an early warning email to an anxious student could backfire"
M06019,G22,studio_8,S096,2026-10-29T16:41:28,so i'm not sure i follow lol
M06020,G04,studio_8,S090,2026-10-29T16:41:29,alright nice
M06021,G16,studio_8,S070,2026-10-29T16:41:30,alright can we come back to part 2 in a sec right
M06022,G13,studio_8,S061,2026-10-29T16:41:32,hmm this is fun actually?
M06023,G23,studio_8,S114,2026-10-29T16:41:48,alright running two minutes late
M06024,G21,studio_8,S085,2026-10-29T16:41:51,"ok counterpoint, the worry component predicts scores better than the physical symptoms or am i off"
M06025,G16,studio_8,S109,2026-10-29T16:42:14,an early warning email to an anxious student could backfire
M06026,G05,studio_8,S043,2026-10-29T16:42:21,oh sorry can you repeat that right
M06027,G14,studio_8,S039,2026-10-29T16:42:27,right we have two minutes left right
M06028,G08,studio_8,S068,2026-10-29T16:42:42,oh i lost the example again sorry
M06029,G03,studio_8,S023,2026-10-29T16:42:48,"alright for the doc, the worry component predicts scores better than the physical symptoms does that track"
M06030,G16,studio_8,S070,2026-10-29T16:43:14,hmm who is taking notes today does that track
M06031,G15,studio_8,S006,2026-10-29T16:43:17,hmm moving the doc link into the doc now
M06032,G07,studio_8,S001,2026-10-29T16:43:59,so can someone paste the rubric or am i off
M06033,G21,studio_8,S115,2026-10-29T16:44:01,ok does everyone have the reading open or am i off
M06034,G01,studio_8,S038,2026-10-29T16:44:03,so honestly reappraisal did not calm me down but it helped my score
M06035,G08,studio_8,S068,2026-10-29T16:44:10,wait worry eats the working memory the test is measuring what do you think
M06036,G18,studio_8,S004,2026-10-29T16:44:29,alright an early warning email to an anxious student could backfire or am i off
M06037,G06,studio_8,S045,2026-10-29T16:44:30,so so treating arousal as information is the reappraisal move sorry if that is obvious
M06038,G14,studio_8,S065,2026-10-29T16:44:33,i'm following now
M06039,G18,studio_8,S101,2026-10-29T16:44:36,can we come back to the wrap up in a sec does that track
M06040,G13,studio_8,S072,2026-10-29T16:44:47,so really
M06041,G18,studio_8,S069,2026-10-29T16:44:48,yeah i can start the doc
M06042,G06,studio_8,S053,2026-10-29T16:44:56,hmm the worry component predicts scores better than the physical symptoms?
M06043,G06,studio_8,S073,2026-10-29T16:44:57,yeah good point if that works for everyone
M06044,G03,studio_8,S023,2026-10-29T16:45:01,ok low stakes practice testing lowers the stakes of the real one or am i off
M06045,G03,studio_8,S055,2026-10-29T16:45:06,so i'll write up part 1 what do you think
M06046,G11,studio_8,S092,2026-10-29T16:45:28,that is a great way to put it?
M06047,G20,studio_8,S117,2026-10-29T16:45:38,yeah moving the handout into the doc now sorry if that is obvious
M06048,G08,studio_8,S068,2026-10-29T16:45:51,i missed that last bit
M06049,G08,studio_8,S088,2026-10-29T16:45:59,"ok from the reading, an early warning email to an anxious student could backfire right"
M06050,G15,studio_8,S034,2026-10-29T16:46:00,alright can someone paste our notes
M06051,G17,studio_8,S099,2026-10-29T16:46:07,right brb one sec
M06052,G20,studio_8,S089,2026-10-29T16:46:36,hmm should we outline first
M06053,G06,studio_8,S116,2026-10-29T16:46:54,so brb one sec
M06054,G13,studio_8,S022,2026-10-29T16:47:12,worry eats the working memory the test is measuring or am i off
M06055,G20,studio_8,S089,2026-10-29T16:47:31,who wants to present back what do you think
M06056,G06,studio_8,S045,2026-10-29T16:47:32,right should we outline first does that track
M06057,G24,studio_8,S041,2026-10-29T16:47:32,someone should own part 3 or am i off
M06058,G03,studio_8,S023,2026-10-29T16:47:34,wait agreed
M06059,G01,studio_8,S038,2026-10-29T16:47:35,yeah should we outline first?
M06060,G13,studio_8,S061,2026-10-29T16:47:53,oh do you mean the question or the other one
M06061,G22,studio_8,S027,2026-10-29T16:47:57,sharing my screen now or am i off
M06062,G02,studio_8,S026,2026-10-29T16:48:02,"not sure, but we should say frequent low stakes quizzes carefully does that track"
M06063,G19,studio_8,S066,2026-10-29T16:48:05,ok yes exactly
M06064,G15,studio_8,S006,2026-10-29T16:48:07,oh is that the same as what we said before?
M06065,G03,studio_8,S100,2026-10-29T16:48:13,alright we have five minutes left
M06066,G08,studio_8,S068,2026-10-29T16:48:53,ok one high stakes exam measures composure as much as knowledge right
M06067,G05,studio_8,S107,2026-10-29T16:49:01,i'm following now
M06068,G10,studio_8,S083,2026-10-29T16:49:07,oh can we come back to part 2 in a sec
M06069,G19,studio_8,S003,2026-10-29T16:49:14,wait really
M06070,G14,studio_8,S104,2026-10-29T16:49:17,so same here honestly
M06071,G05,studio_8,S043,2026-10-29T16:49:31,"for the doc, maybe the assessment design is the problem not the student"
M06072,G17,studio_8,S086,2026-10-29T16:49:52,"hey not sure, but treating arousal as information is the reappraisal move"
M06073,G04,studio_8,S002,2026-10-29T16:50:09,hmm honestly one high stakes exam measures composure as much as knowledge or am i off
M06074,G23,studio_8,S114,2026-10-29T16:50:14,which the table are we on
M06075,G13,studio_8,S022,2026-10-29T16:50:18,wait can you say more about that if that works for everyone
M06076,G13,studio_8,S022,2026-10-29T16:50:29,"hey counterpoint, an early warning email to an anxious student could backfire right"
M06077,G23,studio_8,S040,2026-10-29T16:50:31,alright nice or am i off
M06078,G16,studio_8,S052,2026-10-29T16:50:35,right that is a great way to put it?
M06079,G20,studio_8,S113,2026-10-29T16:50:41,alright the worry component predicts scores better than the physical symptoms
M06080,G15,studio_8,S034,2026-10-29T16:51:00,thanks for waiting
M06081,G03,studio_8,S023,2026-10-29T16:51:14,hmm maybe we should say frequent low stakes quizzes carefully right
M06082,G16,studio_8,S070,2026-10-29T16:51:34,wait i think maybe the assessment design is the problem not the student lol
M06083,G21,studio_8,S098,2026-10-29T16:51:36,can we come back to part 1 in a sec sorry if that is obvious
M06084,G07,studio_8,S071,2026-10-29T16:51:44,so my wifi dropped sorry
M06085,G10,studio_8,S078,2026-10-29T16:51:44,ok let's split this fifteen ways sorry if that is obvious
M06086,G12,studio_8,S013,2026-10-29T16:51:52,let's timebox this to ten minutes does that track
M06087,G21,studio_8,S094,2026-10-29T16:51:54,oh what does that term mean again lol
M06088,G14,studio_8,S065,2026-10-29T16:51:58,"ok for the doc, low stakes practice testing lowers the stakes of the real one"
M06089,G17,studio_8,S035,2026-10-29T16:51:58,maybe the assessment design is the problem not the student does that track
M06090,G17,studio_8,S062,2026-10-29T16:52:02,right does everyone have the table open what do you think
M06091,G19,studio_8,S042,2026-10-29T16:52:04,hmm nice does that track
M06092,G10,studio_8,S103,2026-10-29T16:52:09,"ok from the reading, we should say frequent low stakes quizzes carefully"
M06093,G15,studio_8,S034,2026-10-29T16:52:09,oh you two are on a roll
M06094,G01,studio_8,S030,2026-10-29T16:52:20,hey someone should own the intro
M06095,G13,studio_8,S012,2026-10-29T16:52:37,wait that made me laugh
M06096,G08,studio_8,S047,2026-10-29T16:52:51,we have four minutes left right
M06097,G22,studio_8,S096,2026-10-29T16:53:00,i'm adding the question to the doc does that track
M06098,G14,studio_8,S039,2026-10-29T16:53:01,sharing my screen now
M06099,G07,studio_8,S010,2026-10-29T16:53:04,ok where is that in the prompt what do you think
M06100,G21,studio_8,S085,2026-10-29T16:53:06,my read is worry eats the working memory the test is measuring sorry if that is obvious
M06101,G04,studio_8,S002,2026-10-29T16:53:13,yeah i'll write up the last section
M06102,G23,studio_8,S024,2026-10-29T16:53:20,ok no worries
M06103,G17,studio_8,S099,2026-10-29T16:53:21,honestly an early warning email to an anxious student could backfire if that works for everyone
M06104,G08,studio_8,S047,2026-10-29T16:53:25,are we answering question two or the next one sorry if that is obvious
M06105,G08,studio_8,S068,2026-10-29T16:53:44,ok let's timebox this to three minutes right
M06106,G18,studio_8,S069,2026-10-29T16:53:50,hmm should we outline first if that works for everyone
M06107,G23,studio_8,S106,2026-10-29T16:53:55,alright that made me laugh
M06108,G08,studio_8,S088,2026-10-29T16:54:14,wait someone should own the wrap up
M06109,G14,studio_8,S039,2026-10-29T16:54:20,hey yes exactly
M06110,G10,studio_8,S009,2026-10-29T16:54:26,wait hold on let me reread the prompt if that works for everyone
M06111,G11,studio_8,S046,2026-10-29T16:54:33,alright let's timebox this to five minutes
M06112,G09,studio_8,S036,2026-10-29T16:54:44,can someone paste the handout if that works for everyone
M06113,G16,studio_8,S007,2026-10-29T16:54:45,"hmm not sure, but we should say frequent low stakes quizzes carefully lol"
M06114,G04,studio_8,S087,2026-10-29T16:54:52,i'm adding the example to the doc
M06115,G16,studio_8,S070,2026-10-29T16:54:54,"hmm from the reading, maybe the assessment design is the problem not the student what do you think"
M06116,G17,studio_8,S016,2026-10-29T16:55:12,"so not sure, but the worry component predicts scores better than the physical symptoms lol"
M06117,G07,studio_8,S071,2026-10-29T16:55:18,honestly maybe the assessment design is the problem not the student lol
M06118,G16,studio_8,S070,2026-10-29T16:55:20,should we outline first or am i off
M06119,G24,studio_8,S060,2026-10-29T16:55:23,right i'll take the definitions what do you think
M06120,G08,studio_8,S088,2026-10-29T16:55:32,so should we outline first
M06121,G16,studio_8,S070,2026-10-29T16:55:48,oh i'll take the summary or am i off
M06122,G16,studio_8,S109,2026-10-29T16:55:53,"not sure, but treating arousal as information is the reappraisal move right"
M06123,G19,studio_8,S066,2026-10-29T16:56:03,alright let's timebox this to three minutes right
M06124,G09,studio_8,S067,2026-10-29T16:56:03,we should say frequent low stakes quizzes carefully
M06125,G15,studio_8,S032,2026-10-29T16:56:15,i'll take part 3 what do you think
M06126,G23,studio_8,S114,2026-10-29T16:56:22,alright maybe reappraisal did not calm me down but it helped my score sorry if that is obvious
M06127,G16,studio_8,S052,2026-10-29T16:56:31,oh i can present if nobody else wants to or am i off
M06128,G16,studio_8,S080,2026-10-29T16:56:41,ok i'm back or am i off
M06129,G15,studio_8,S014,2026-10-29T16:56:47,so nice
M06130,G22,studio_8,S096,2026-10-29T16:56:52,yeah no worries
M06131,G16,studio_8,S070,2026-10-29T16:56:52,so running two minutes late
M06132,G15,studio_8,S014,2026-10-29T16:56:52,"wait for the doc, an early warning email to an anxious student could backfire"
M06133,G20,studio_8,S119,2026-10-29T16:56:56,hmm are we answering question fifteen or the next one if that works for everyone
M06134,G19,studio_8,S003,2026-10-29T16:56:57,yeah i'll write up part 1 or am i off
M06135,G24,studio_8,S028,2026-10-29T16:56:58,yeah honestly we should say frequent low stakes quizzes carefully
M06136,G22,studio_8,S096,2026-10-29T16:57:10,so low stakes practice testing lowers the stakes of the real one
M06137,G20,studio_8,S117,2026-10-29T16:57:12,can you say more about that
M06138,G10,studio_8,S083,2026-10-29T16:57:20,yeah low stakes practice testing lowers the stakes of the real one right
M06139,G15,studio_8,S014,2026-10-29T16:57:32,yeah that made me laugh
M06140,G06,studio_8,S116,2026-10-29T16:57:37,oh i missed that last bit what do you think
M06141,G08,studio_8,S108,2026-10-29T16:57:47,yeah are we answering question fifteen or the next one or am i off
M06142,G12,studio_8,S013,2026-10-29T16:57:51,wait nice?
M06143,G07,studio_8,S044,2026-10-29T16:58:07,is that the same as what we said before right
M06144,G03,studio_8,S079,2026-10-29T16:58:09,oh let's each take fifteen minutes to write first lol
M06145,G14,studio_8,S039,2026-10-29T16:58:42,"so counterpoint, maybe the assessment design is the problem not the student right"
M06146,G02,studio_8,S017,2026-10-29T16:58:42,hey sharing my screen now does that track
M06147,G04,studio_8,S090,2026-10-29T16:58:45,an early warning email to an anxious student could backfire lol
M06148,G10,studio_8,S009,2026-10-29T16:58:48,oh you two are on a roll
M06149,G23,studio_8,S114,2026-10-29T16:58:58,hey my wifi dropped sorry
M06150,G21,studio_8,S115,2026-10-29T16:59:24,"ok not sure, but we should say frequent low stakes quizzes carefully what do you think"
M06151,G20,studio_8,S119,2026-10-29T16:59:24,"alright counterpoint, treating arousal as information is the reappraisal move does that track"
M06152,G14,studio_8,S031,2026-10-29T16:59:29,so one high stakes exam measures composure as much as knowledge if that works for everyone
M06153,G02,studio_8,S017,2026-10-29T16:59:30,is that the same as what we said before lol
M06154,G11,studio_8,S092,2026-10-29T16:59:34,alright i'm not sure i follow if that works for everyone
M06155,G24,studio_8,S005,2026-10-29T16:59:45,can you say more about that
M06156,G16,studio_8,S080,2026-10-29T16:59:46,can you give an example
M06157,G22,studio_8,S096,2026-10-29T16:59:49,same here honestly
M06158,G19,studio_8,S042,2026-10-29T16:59:54,i think maybe the assessment design is the problem not the student does that track
M06159,G17,studio_8,S099,2026-10-29T16:59:54,hmm good point
M06160,G24,studio_8,S048,2026-10-29T16:59:55,alright maybe one high stakes exam measures composure as much as knowledge or am i off
M06161,G16,studio_8,S109,2026-10-29T17:00:19,hey my read is an early warning email to an anxious student could backfire what do you think
M06162,G07,studio_8,S001,2026-10-29T17:00:24,hmm i missed that last bit what do you think
M06163,G15,studio_8,S032,2026-10-29T17:00:27,wait can someone paste the slide
M06164,G10,studio_8,S083,2026-10-29T17:00:36,"hmm from the reading, we should say frequent low stakes quizzes carefully"
M06165,G09,studio_8,S077,2026-10-29T17:00:38,right sorry can you repeat that sorry if that is obvious
M06166,G01,studio_8,S056,2026-10-29T17:00:51,ok i'm adding the table to the doc
M06167,G05,studio_8,S118,2026-10-29T17:00:58,yeah i can present if nobody else wants to
M06168,G17,studio_8,S086,2026-10-29T17:01:10,what does that term mean again
M06169,G03,studio_8,S055,2026-10-29T17:01:14,hmm i can reorganize the doc or am i off
M06170,G23,studio_8,S106,2026-10-29T17:01:25,alright which the slide are we on lol
M06171,G10,studio_8,S103,2026-10-29T17:01:25,i'm back
M06172,G05,studio_8,S043,2026-10-29T17:01:25,yeah let's each take fifteen minutes to write first
M06173,G09,studio_8,S077,2026-10-29T17:01:27,right i'm back
M06174,G15,studio_8,S006,2026-10-29T17:01:32,ok honestly we should say frequent low stakes quizzes carefully or am i off
M06175,G12,studio_8,S013,2026-10-29T17:01:32,an early warning email to an anxious student could backfire right
M06176,G21,studio_8,S111,2026-10-29T17:01:40,alright is that the same as what we said before sorry if that is obvious
M06177,G11,studio_8,S046,2026-10-29T17:01:42,"hey from the reading, worry eats the working memory the test is measuring does that track"
M06178,G07,studio_8,S010,2026-10-29T17:01:47,let's split this four ways right
M06179,G24,studio_8,S060,2026-10-29T17:01:50,"right not sure, but the worry component predicts scores better than the physical symptoms or am i off"
M06180,G12,studio_8,S059,2026-10-29T17:02:02,"right for the doc, we should say frequent low stakes quizzes carefully?"
M06181,G08,studio_8,S047,2026-10-29T17:02:06,so same here honestly
M06182,G05,studio_8,S025,2026-10-29T17:02:18,oh so maybe the assessment design is the problem not the student
M06183,G19,studio_8,S008,2026-10-29T17:02:20,honestly worry eats the working memory the test is measuring lol
M06184,G14,studio_8,S065,2026-10-29T17:02:25,oh we have twenty minutes left does that track
M06185,G07,studio_8,S044,2026-10-29T17:02:32,oh is that the same as what we said before if that works for everyone
M06186,G05,studio_8,S025,2026-10-29T17:02:43,hey is that the same as what we said before
M06187,G15,studio_8,S006,2026-10-29T17:02:58,hmm someone should own part 1 if that works for everyone
M06188,G23,studio_8,S049,2026-10-29T17:02:59,"for the doc, we should say frequent low stakes quizzes carefully lol"
M06189,G22,studio_8,S096,2026-10-29T17:03:11,wait nice
M06190,G19,studio_8,S066,2026-10-29T17:03:18,sharing my screen now
M06191,G10,studio_8,S083,2026-10-29T17:03:24,i think an early warning email to an anxious student could backfire sorry if that is obvious
M06192,G20,studio_8,S119,2026-10-29T17:03:39,hey we have three minutes left if that works for everyone
M06193,G03,studio_8,S023,2026-10-29T17:03:45,wait so low stakes practice testing lowers the stakes of the real one does that track
M06194,G10,studio_8,S009,2026-10-29T17:03:47,so same here honestly
M06195,G12,studio_8,S084,2026-10-29T17:03:50,hmm do you mean the rubric or the other one
M06196,G07,studio_8,S044,2026-10-29T17:04:11,so we should say frequent low stakes quizzes carefully
M06197,G19,studio_8,S018,2026-10-29T17:04:31,right thanks for waiting
M06198,G14,studio_8,S031,2026-10-29T17:04:32,hey we should say frequent low stakes quizzes carefully
M06199,G12,studio_8,S013,2026-10-29T17:04:33,wait moving the question into the doc now
M06200,G05,studio_8,S118,2026-10-29T17:04:33,i think the worry component predicts scores better than the physical symptoms lol
M06201,G08,studio_8,S108,2026-10-29T17:04:35,alright let's split this twenty ways sorry if that is obvious
M06202,G03,studio_8,S037,2026-10-29T17:04:35,alright moving the prompt into the doc now
M06203,G01,studio_8,S038,2026-10-29T17:04:39,maybe reappraisal did not calm me down but it helped my score what do you think
M06204,G20,studio_8,S119,2026-10-29T17:04:44,putting our notes at the top of the doc sorry if that is obvious
M06205,G10,studio_8,S009,2026-10-29T17:04:55,is that the same as what we said before
M06206,G09,studio_8,S082,2026-10-29T17:05:24,hmm so worry eats the working memory the test is measuring or am i off
M06207,G12,studio_8,S013,2026-10-29T17:05:36,alright i think one high stakes exam measures composure as much as knowledge
M06208,G21,studio_8,S098,2026-10-29T17:05:46,oh that makes sense
M06209,G22,studio_8,S093,2026-10-29T17:05:47,alright agreed
M06210,G20,studio_8,S113,2026-10-29T17:05:50,right hold on let me reread the slide does that track
M06211,G14,studio_8,S065,2026-10-29T17:05:53,oh i think low stakes practice testing lowers the stakes of the real one
M06212,G01,studio_8,S076,2026-10-29T17:05:56,right agreed
M06213,G10,studio_8,S083,2026-10-29T17:06:00,wait what does that term mean again what do you think
M06214,G21,studio_8,S098,2026-10-29T17:06:19,alright we have ten minutes left?
M06215,G12,studio_8,S095,2026-10-29T17:06:36,hmm brb one sec
M06216,G03,studio_8,S055,2026-10-29T17:06:39,hmm oh interesting
M06217,G13,studio_8,S012,2026-10-29T17:06:40,right what does that term mean again
M06218,G04,studio_8,S090,2026-10-29T17:06:50,wait do you mean the slide or the other one
M06219,G07,studio_8,S010,2026-10-29T17:07:00,hmm fair enough
M06220,G12,studio_8,S013,2026-10-29T17:07:37,hey honestly maybe the assessment design is the problem not the student right
M06221,G16,studio_8,S070,2026-10-29T17:07:41,wait so maybe the assessment design is the problem not the student
M06222,G05,studio_8,S107,2026-10-29T17:07:44,wait we have three minutes left?
M06223,G02,studio_8,S120,2026-10-29T17:07:48,that makes sense
M06224,G18,studio_8,S075,2026-10-29T17:07:54,oh i'll take the summary
M06225,G15,studio_8,S006,2026-10-29T17:07:55,hey so an early warning email to an anxious student could backfire
M06226,G03,studio_8,S100,2026-10-29T17:07:55,hey can you give an example what do you think
M06227,G10,studio_8,S015,2026-10-29T17:07:58,"hmm for the doc, reappraisal did not calm me down but it helped my score or am i off"
M06228,G02,studio_8,S017,2026-10-29T17:08:00,right i'm back
M06229,G17,studio_8,S099,2026-10-29T17:08:09,yeah what does that term mean again what do you think
M06230,G20,studio_8,S089,2026-10-29T17:08:11,so i'm convinced
M06231,G08,studio_8,S108,2026-10-29T17:08:18,my read is treating arousal as information is the reappraisal move
M06232,G18,studio_8,S075,2026-10-29T17:08:26,alright can you say more about that does that track
M06233,G14,studio_8,S065,2026-10-29T17:08:44,"counterpoint, an early warning email to an anxious student could backfire or am i off"
M06234,G22,studio_8,S097,2026-10-29T17:09:04,ok that is a great way to put it
M06235,G06,studio_8,S073,2026-10-29T17:09:19,hey we should say frequent low stakes quizzes carefully does that track
M06236,G11,studio_8,S058,2026-10-29T17:09:30,"from the reading, we should say frequent low stakes quizzes carefully or am i off"
M06237,G16,studio_8,S052,2026-10-29T17:09:38,right fair enough
M06238,G13,studio_8,S012,2026-10-29T17:09:42,hmm i'm back
M06239,G17,studio_8,S099,2026-10-29T17:09:49,where is that in the table?
M06240,G04,studio_8,S002,2026-10-29T17:09:56,ok who wants to present back what do you think
M06241,G01,studio_8,S038,2026-10-29T17:09:57,ok agreed
M06242,G11,studio_8,S092,2026-10-29T17:09:59,ok no worries does that track
M06243,G15,studio_8,S034,2026-10-29T17:10:14,right does everyone have the prompt open
M06244,G06,studio_8,S053,2026-10-29T17:10:15,oh agreed what do you think
M06245,G02,studio_8,S017,2026-10-29T17:10:25,hi all
M06246,G20,studio_8,S113,2026-10-29T17:10:36,same here honestly
M06247,G22,studio_8,S097,2026-10-29T17:10:41,hmm which the handout are we on
M06248,G22,studio_8,S096,2026-10-29T17:10:57,oh we have two minutes left or am i off
M06249,G07,studio_8,S071,2026-10-29T17:11:10,oh i missed that last bit
M06250,G09,studio_8,S036,2026-10-29T17:11:13,ok can you give an example or am i off
M06251,G15,studio_8,S032,2026-10-29T17:11:14,yeah i lost the question again sorry
M06252,G22,studio_8,S096,2026-10-29T17:11:17,so where is that in the handout
M06253,G19,studio_8,S042,2026-10-29T17:11:27,hey let's each take twenty minutes to write first?
M06254,G06,studio_8,S073,2026-10-29T17:11:29,oh can you give an example or am i off
M06255,G18,studio_8,S004,2026-10-29T17:11:30,"alright from the reading, worry eats the working memory the test is measuring what do you think"
M06256,G19,studio_8,S066,2026-10-29T17:11:40,moving the slide into the doc now
M06257,G04,studio_8,S090,2026-10-29T17:11:57,hey that made me laugh
M06258,G22,studio_8,S096,2026-10-29T17:11:58,i'm not sure i follow?
M06259,G20,studio_8,S112,2026-10-29T17:12:00,"alright for the doc, one high stakes exam measures composure as much as knowledge does that track"
M06260,G18,studio_8,S075,2026-10-29T17:12:06,"counterpoint, treating arousal as information is the reappraisal move does that track"
M06261,G14,studio_8,S039,2026-10-29T17:12:26,"for the doc, an early warning email to an anxious student could backfire"
M06262,G01,studio_8,S056,2026-10-29T17:12:45,where is that in our notes what do you think
M06263,G04,studio_8,S087,2026-10-29T17:12:52,yeah are we answering question two or the next one or am i off
M06264,G04,studio_8,S002,2026-10-29T17:12:59,hey let's timebox this to five minutes
M06265,G20,studio_8,S089,2026-10-29T17:13:01,hey really sorry if that is obvious
M06266,G19,studio_8,S042,2026-10-29T17:13:11,oh i'm adding the rubric to the doc sorry if that is obvious
M06267,G04,studio_8,S087,2026-10-29T17:13:12,"alright counterpoint, reappraisal did not calm me down but it helped my score what do you think"
M06268,G09,studio_8,S082,2026-10-29T17:13:15,wait someone should own the second question
M06269,G11,studio_8,S081,2026-10-29T17:13:17,is that the same as what we said before
M06270,G07,studio_8,S071,2026-10-29T17:13:18,where is that in our notes
M06271,G23,studio_8,S024,2026-10-29T17:13:18,so which the table are we on
M06272,G08,studio_8,S021,2026-10-29T17:13:32,"not sure, but reappraisal did not calm me down but it helped my score"
M06273,G23,studio_8,S049,2026-10-29T17:13:38,so we have three minutes left lol
M06274,G17,studio_8,S099,2026-10-29T17:13:46,oh can you give an example
M06275,G01,studio_8,S038,2026-10-29T17:13:54,wait let's split this three ways
M06276,G20,studio_8,S112,2026-10-29T17:14:01,"yeah not sure, but treating arousal as information is the reappraisal move lol"
M06277,G16,studio_8,S109,2026-10-29T17:14:06,"yeah counterpoint, the worry component predicts scores better than the physical symptoms"
M06278,G10,studio_8,S083,2026-10-29T17:14:10,yeah who is taking notes today
M06279,G08,studio_8,S021,2026-10-29T17:14:27,hey who wants to present back lol
M06280,G09,studio_8,S077,2026-10-29T17:14:30,"ok from the reading, reappraisal did not calm me down but it helped my score or am i off"
M06281,G18,studio_8,S075,2026-10-29T17:14:44,nice
M06282,G15,studio_8,S020,2026-10-29T17:14:57,yeah let's split this four ways does that track
M06283,G15,studio_8,S020,2026-10-29T17:15:00,so can you give an example if that works for everyone
M06284,G02,studio_8,S120,2026-10-29T17:15:06,that makes sense
M06285,G01,studio_8,S033,2026-10-29T17:15:27,my read is we should say frequent low stakes quizzes carefully
M06286,G20,studio_8,S112,2026-10-29T17:15:28,hmm i think treating arousal as information is the reappraisal move if that works for everyone
M06287,G24,studio_8,S028,2026-10-29T17:15:29,reappraisal did not calm me down but it helped my score
M06288,G07,studio_8,S071,2026-10-29T17:15:45,maybe the assessment design is the problem not the student
M06289,G09,studio_8,S036,2026-10-29T17:15:46,yeah i missed that last bit what do you think
M06290,G02,studio_8,S017,2026-10-29T17:15:48,hmm love that lol
M06291,G12,studio_8,S013,2026-10-29T17:15:50,"so not sure, but treating arousal as information is the reappraisal move does that track"
M06292,G08,studio_8,S021,2026-10-29T17:15:52,right low stakes practice testing lowers the stakes of the real one
M06293,G14,studio_8,S065,2026-10-29T17:16:07,hmm hold on let me reread the table what do you think
M06294,G24,studio_8,S041,2026-10-29T17:16:25,hmm let's each take ten minutes to write first if that works for everyone
M06295,G09,studio_8,S036,2026-10-29T17:16:34,love that
M06296,G21,studio_8,S098,2026-10-29T17:16:36,ok same here honestly
M06297,G02,studio_8,S026,2026-10-29T17:16:36,hmm i'm adding the doc link to the doc
M06298,G02,studio_8,S019,2026-10-29T17:16:38,i can present if nobody else wants to
M06299,G03,studio_8,S023,2026-10-29T17:16:43,ok oh interesting
M06300,G20,studio_8,S089,2026-10-29T17:16:52,"wait counterpoint, worry eats the working memory the test is measuring does that track"
M06301,G08,studio_8,S068,2026-10-29T17:16:56,"for the doc, maybe the assessment design is the problem not the student"
M06302,G22,studio_8,S093,2026-10-29T17:17:06,right nice
M06303,G16,studio_8,S052,2026-10-29T17:17:25,"ok counterpoint, maybe the assessment design is the problem not the student does that track"
M06304,G22,studio_8,S093,2026-10-29T17:17:35,running two minutes late
M06305,G22,studio_8,S027,2026-10-29T17:17:35,where is that in the prompt
M06306,G19,studio_8,S003,2026-10-29T17:17:43,putting the example at the top of the doc
M06307,G10,studio_8,S078,2026-10-29T17:17:50,oh no worries
M06308,G03,studio_8,S079,2026-10-29T17:18:05,i'm back if that works for everyone
M06309,G10,studio_8,S103,2026-10-29T17:18:05,hmm good point does that track
M06310,G04,studio_8,S050,2026-10-29T17:18:06,"hey not sure, but one high stakes exam measures composure as much as knowledge sorry if that is obvious"
M06311,G11,studio_8,S058,2026-10-29T17:18:34,so the worry component predicts scores better than the physical symptoms
M06312,G15,studio_8,S020,2026-10-29T17:18:39,right hi all
M06313,G11,studio_8,S105,2026-10-29T17:18:39,ok where is that in the rubric
M06314,G05,studio_8,S118,2026-10-29T17:18:40,yeah maybe the assessment design is the problem not the student what do you think
M06315,G03,studio_8,S055,2026-10-29T17:18:45,alright i can set up the doc does that track
M06316,G10,studio_8,S015,2026-10-29T17:18:53,"not sure, but reappraisal did not calm me down but it helped my score"
M06317,G09,studio_8,S036,2026-10-29T17:18:59,yeah maybe the assessment design is the problem not the student what do you think
M06318,G02,studio_8,S120,2026-10-29T17:19:15,i'm back?
M06319,G16,studio_8,S109,2026-10-29T17:19:16,hey agreed
M06320,G22,studio_8,S110,2026-10-29T17:19:20,yeah do you mean the rubric or the other one
M06321,G24,studio_8,S060,2026-10-29T17:19:21,hmm so we should say frequent low stakes quizzes carefully or am i off
M06322,G11,studio_8,S105,2026-10-29T17:19:22,alright i'm following now sorry if that is obvious
M06323,G20,studio_8,S113,2026-10-29T17:19:23,yeah are we answering question ten or the next one
M06324,G16,studio_8,S070,2026-10-29T17:19:26,oh can we come back to the definitions in a sec lol
M06325,G05,studio_8,S118,2026-10-29T17:19:28,right my read is treating arousal as information is the reappraisal move sorry if that is obvious
M06326,G13,studio_8,S022,2026-10-29T17:19:50,wait maybe reappraisal did not calm me down but it helped my score does that track
M06327,G16,studio_8,S052,2026-10-29T17:20:07,hey we have twenty minutes left does that track
M06328,G22,studio_8,S027,2026-10-29T17:20:15,yeah which our notes are we on
M06329,G15,studio_8,S032,2026-10-29T17:20:17,honestly we should say frequent low stakes quizzes carefully?
M06330,G09,studio_8,S082,2026-10-29T17:20:18,maybe the assessment design is the problem not the student
M06331,G03,studio_8,S079,2026-10-29T17:20:23,good point right
M06332,G13,studio_8,S072,2026-10-29T17:20:26,alright i'm convinced?
M06333,G01,studio_8,S033,2026-10-29T17:20:27,so which the example are we on or am i off
M06334,G10,studio_8,S103,2026-10-29T17:20:54,so are we answering question fifteen or the next one does that track
M06335,G20,studio_8,S113,2026-10-29T17:20:55,i'll write up the definitions
M06336,G17,studio_8,S062,2026-10-29T17:21:08,"wait counterpoint, worry eats the working memory the test is measuring"
M06337,G13,studio_8,S072,2026-10-29T17:21:09,same here honestly
M06338,G21,studio_8,S085,2026-10-29T17:21:14,so putting the transcript at the top of the doc if that works for everyone
M06339,G08,studio_8,S088,2026-10-29T17:21:17,"wait for the doc, the worry component predicts scores better than the physical symptoms"
M06340,G21,studio_8,S098,2026-10-29T17:21:26,hmm my wifi dropped sorry
M06341,G20,studio_8,S089,2026-10-29T17:21:31,"yeah counterpoint, reappraisal did not calm me down but it helped my score if that works for everyone"
M06342,G22,studio_8,S096,2026-10-29T17:21:41,yeah yes exactly
M06343,G08,studio_8,S088,2026-10-29T17:22:10,ok i think treating arousal as information is the reappraisal move right
M06344,G01,studio_8,S033,2026-10-29T17:22:11,so yes exactly
M06345,G16,studio_8,S109,2026-10-29T17:22:12,i'm adding the transcript to the doc?
M06346,G11,studio_8,S058,2026-10-29T17:22:17,wait you two are on a roll
M06347,G15,studio_8,S014,2026-10-29T17:22:38,sorry can you repeat that or am i off
M06348,G16,studio_8,S052,2026-10-29T17:23:00,"so for the doc, treating arousal as information is the reappraisal move"
M06349,G15,studio_8,S032,2026-10-29T17:23:19,right thanks for waiting
M06350,G02,studio_8,S026,2026-10-29T17:23:24,hey can someone paste the transcript?
M06351,G05,studio_8,S043,2026-10-29T17:23:25,are we answering question three or the next one lol
M06352,G17,studio_8,S086,2026-10-29T17:23:29,ok honestly one high stakes exam measures composure as much as knowledge
M06353,G10,studio_8,S015,2026-10-29T17:23:45,alright i think treating arousal as information is the reappraisal move?
M06354,G11,studio_8,S081,2026-10-29T17:23:53,hmm reappraisal did not calm me down but it helped my score or am i off
M06355,G08,studio_8,S047,2026-10-29T17:23:56,so thanks for waiting
M06356,G02,studio_8,S017,2026-10-29T17:23:56,hey who wants to present back
M06357,G09,studio_8,S067,2026-10-29T17:24:10,hold on let me reread the prompt if that works for everyone
M06358,G03,studio_8,S023,2026-10-29T17:24:15,i'm adding the reading to the doc sorry if that is obvious
M06359,G04,studio_8,S050,2026-10-29T17:24:17,"alright counterpoint, one high stakes exam measures composure as much as knowledge if that works for everyone"
M06360,G21,studio_8,S094,2026-10-29T17:24:45,running two minutes late does that track
M06361,G13,studio_8,S022,2026-10-29T17:25:09,hey let's each take three minutes to write first
M06362,G05,studio_8,S043,2026-10-29T17:25:12,so i'm adding the prompt to the doc sorry if that is obvious
M06363,G11,studio_8,S058,2026-10-29T17:25:16,so i can present if nobody else wants to or am i off
M06364,G05,studio_8,S107,2026-10-29T17:26:06,yeah so the worry component predicts scores better than the physical symptoms or am i off
M06365,G08,studio_8,S088,2026-10-29T17:26:07,hey my read is low stakes practice testing lowers the stakes of the real one
M06366,G08,studio_8,S108,2026-10-29T17:26:21,low stakes practice testing lowers the stakes of the real one what do you think
M06367,G20,studio_8,S089,2026-10-29T17:26:26,so which the doc link are we on does that track
M06368,G16,studio_8,S070,2026-10-29T17:26:33,oh can you say more about that
M06369,G01,studio_8,S030,2026-10-29T17:26:34,alright i think low stakes practice testing lowers the stakes of the real one if that works for everyone
M06370,G22,studio_8,S027,2026-10-29T17:26:35,"right counterpoint, we should say frequent low stakes quizzes carefully"
M06371,G10,studio_8,S009,2026-10-29T17:27:01,i'll take part 3 right
M06372,G07,studio_8,S010,2026-10-29T17:27:17,hmm someone should own the counterargument what do you think
M06373,G05,studio_8,S107,2026-10-29T17:27:17,yeah hold on let me reread the question or am i off
M06374,G21,studio_8,S111,2026-10-29T17:27:33,hey moving the question into the doc now right
M06375,G16,studio_8,S080,2026-10-29T17:27:54,ok maybe worry eats the working memory the test is measuring?
M06376,G12,studio_8,S084,2026-10-29T17:27:55,so yes exactly or am i off
M06377,G05,studio_8,S107,2026-10-29T17:27:56,hmm an early warning email to an anxious student could backfire
M06378,G23,studio_8,S049,2026-10-29T17:27:58,alright yes exactly
M06379,G04,studio_8,S002,2026-10-29T17:28:00,yeah you two are on a roll
